Id,Prediction
0,negative
1,negative
2,positive
3,positive
4,negative
5,positive
6,positive
7,negative
8,negative
9,negative
10,negative
11,negative
12,negative
13,negative
14,negative
15,negative
16,positive
17,positive
18,negative
19,negative
20,negative
21,positive
22,positive
23,positive
24,negative
25,negative
26,positive
27,positive
28,negative
29,positive
30,positive
31,positive
32,positive
33,negative
34,positive
35,negative
36,negative
37,positive
38,negative
39,negative
40,negative
41,positive
42,negative
43,positive
44,positive
45,positive
46,positive
47,negative
48,positive
49,positive
50,positive
51,negative
52,positive
53,negative
54,positive
55,negative
56,negative
57,positive
58,positive
59,negative
60,positive
61,positive
62,negative
63,negative
64,positive
65,negative
66,negative
67,positive
68,negative
69,negative
70,positive
71,negative
72,positive
73,positive
74,positive
75,positive
76,negative
77,negative
78,negative
79,negative
80,negative
81,positive
82,positive
83,negative
84,negative
85,negative
86,positive
87,negative
88,positive
89,positive
90,positive
91,positive
92,negative
93,negative
94,negative
95,positive
96,positive
97,positive
98,positive
99,positive
100,positive
101,positive
102,positive
103,positive
104,negative
105,negative
106,negative
107,negative
108,negative
109,negative
110,negative
111,negative
112,negative
113,negative
114,negative
115,positive
116,positive
117,positive
118,positive
119,negative
120,negative
121,positive
122,positive
123,positive
124,negative
125,negative
126,positive
127,positive
128,negative
129,positive
130,positive
131,negative
132,positive
133,positive
134,negative
135,negative
136,positive
137,negative
138,positive
139,positive
140,negative
141,positive
142,negative
143,positive
144,positive
145,positive
146,negative
147,positive
148,negative
149,positive
150,negative
151,negative
152,negative
153,negative
154,positive
155,negative
156,negative
157,negative
158,negative
159,negative
160,positive
161,positive
162,negative
163,negative
164,positive
165,positive
166,negative
167,negative
168,positive
169,positive
170,negative
171,negative
172,positive
173,positive
174,negative
175,positive
176,negative
177,positive
178,negative
179,positive
180,negative
181,positive
182,positive
183,negative
184,positive
185,negative
186,positive
187,negative
188,negative
189,positive
190,negative
191,positive
192,positive
193,negative
194,positive
195,negative
196,negative
197,positive
198,negative
199,negative
200,negative
201,negative
202,negative
203,positive
204,positive
205,positive
206,negative
207,positive
208,negative
209,positive
210,positive
211,negative
212,positive
213,positive
214,positive
215,negative
216,negative
217,negative
218,positive
219,negative
220,negative
221,negative
222,positive
223,negative
224,positive
225,positive
226,positive
227,negative
228,positive
229,negative
230,positive
231,negative
232,negative
233,negative
234,negative
235,positive
236,negative
237,positive
238,positive
239,positive
240,negative
241,positive
242,positive
243,positive
244,positive
245,positive
246,negative
247,positive
248,positive
249,negative
250,negative
251,positive
252,positive
253,negative
254,positive
255,negative
256,negative
257,negative
258,negative
259,negative
260,positive
261,negative
262,positive
263,positive
264,positive
265,positive
266,positive
267,negative
268,positive
269,negative
270,positive
271,positive
272,negative
273,negative
274,negative
275,negative
276,positive
277,positive
278,positive
279,positive
280,negative
281,negative
282,negative
283,positive
284,positive
285,positive
286,negative
287,positive
288,negative
289,positive
290,positive
291,negative
292,positive
293,positive
294,negative
295,negative
296,positive
297,positive
298,positive
299,negative
300,negative
301,positive
302,negative
303,negative
304,negative
305,positive
306,positive
307,negative
308,positive
309,negative
310,negative
311,negative
312,negative
313,negative
314,positive
315,positive
316,negative
317,positive
318,positive
319,negative
320,negative
321,negative
322,negative
323,negative
324,negative
325,positive
326,positive
327,negative
328,positive
329,positive
330,positive
331,negative
332,negative
333,positive
334,positive
335,positive
336,negative
337,negative
338,positive
339,negative
340,positive
341,negative
342,positive
343,negative
344,positive
345,negative
346,negative
347,negative
348,negative
349,positive
350,negative
351,negative
352,positive
353,positive
354,negative
355,positive
356,positive
357,positive
358,positive
359,positive
360,negative
361,negative
362,negative
363,positive
364,negative
365,positive
366,positive
367,negative
368,positive
369,positive
370,positive
371,positive
372,negative
373,negative
374,positive
375,positive
376,positive
377,negative
378,negative
379,negative
380,positive
381,negative
382,positive
383,positive
384,negative
385,positive
386,negative
387,positive
388,negative
389,negative
390,negative
391,negative
392,positive
393,negative
394,negative
395,positive
396,negative
397,negative
398,positive
399,negative
400,positive
401,positive
402,positive
403,positive
404,negative
405,negative
406,negative
407,negative
408,positive
409,positive
410,positive
411,negative
412,negative
413,positive
414,negative
415,negative
416,positive
417,positive
418,negative
419,negative
420,positive
421,positive
422,negative
423,negative
424,positive
425,negative
426,negative
427,negative
428,positive
429,positive
430,negative
431,positive
432,negative
433,negative
434,negative
435,positive
436,negative
437,positive
438,negative
439,negative
440,negative
441,negative
442,positive
443,positive
444,negative
445,positive
446,positive
447,negative
448,positive
449,positive
450,positive
451,positive
452,negative
453,negative
454,negative
455,positive
456,positive
457,positive
458,positive
459,negative
460,positive
461,negative
462,negative
463,positive
464,positive
465,positive
466,positive
467,negative
468,negative
469,positive
470,positive
471,positive
472,positive
473,negative
474,negative
475,positive
476,positive
477,negative
478,negative
479,negative
480,negative
481,positive
482,positive
483,negative
484,negative
485,positive
486,positive
487,positive
488,positive
489,negative
490,positive
491,positive
492,negative
493,negative
494,negative
495,negative
496,positive
497,negative
498,positive
499,negative
500,negative
501,positive
502,negative
503,positive
504,positive
505,positive
506,positive
507,positive
508,negative
509,negative
510,negative
511,negative
512,positive
513,negative
514,negative
515,positive
516,negative
517,negative
518,negative
519,positive
520,positive
521,positive
522,negative
523,negative
524,positive
525,positive
526,positive
527,negative
528,positive
529,positive
530,negative
531,positive
532,positive
533,positive
534,negative
535,negative
536,positive
537,positive
538,negative
539,positive
540,negative
541,negative
542,negative
543,negative
544,negative
545,positive
546,negative
547,positive
548,positive
549,positive
550,positive
551,negative
552,positive
553,negative
554,negative
555,positive
556,positive
557,negative
558,negative
559,positive
560,negative
561,negative
562,negative
563,positive
564,negative
565,negative
566,positive
567,negative
568,negative
569,positive
570,negative
571,positive
572,positive
573,positive
574,negative
575,negative
576,positive
577,negative
578,negative
579,positive
580,positive
581,negative
582,negative
583,negative
584,positive
585,negative
586,negative
587,positive
588,negative
589,positive
590,negative
591,positive
592,negative
593,positive
594,negative
595,positive
596,negative
597,negative
598,negative
599,negative
600,negative
601,positive
602,negative
603,negative
604,negative
605,positive
606,negative
607,positive
608,positive
609,positive
610,negative
611,positive
612,positive
613,positive
614,positive
615,negative
616,negative
617,negative
618,positive
619,negative
620,positive
621,negative
622,negative
623,negative
624,positive
625,negative
626,negative
627,positive
628,negative
629,positive
630,positive
631,positive
632,positive
633,negative
634,positive
635,positive
636,positive
637,positive
638,negative
639,positive
640,positive
641,positive
642,positive
643,negative
644,negative
645,positive
646,negative
647,positive
648,positive
649,positive
650,positive
651,negative
652,positive
653,positive
654,negative
655,negative
656,negative
657,positive
658,negative
659,negative
660,positive
661,negative
662,positive
663,negative
664,positive
665,negative
666,negative
667,negative
668,positive
669,negative
670,positive
671,negative
672,negative
673,negative
674,negative
675,negative
676,positive
677,positive
678,negative
679,positive
680,negative
681,positive
682,positive
683,positive
684,negative
685,negative
686,positive
687,negative
688,positive
689,negative
690,negative
691,negative
692,negative
693,negative
694,negative
695,negative
696,negative
697,negative
698,negative
699,positive
700,positive
701,negative
702,positive
703,negative
704,positive
705,negative
706,positive
707,negative
708,positive
709,positive
710,negative
711,negative
712,positive
713,negative
714,negative
715,positive
716,negative
717,negative
718,negative
719,negative
720,negative
721,positive
722,positive
723,negative
724,negative
725,positive
726,negative
727,positive
728,positive
729,positive
730,negative
731,positive
732,negative
733,positive
734,negative
735,positive
736,negative
737,negative
738,negative
739,negative
740,positive
741,negative
742,negative
743,negative
744,positive
745,negative
746,positive
747,negative
748,positive
749,positive
750,negative
751,positive
752,negative
753,positive
754,positive
755,positive
756,negative
757,negative
758,negative
759,negative
760,negative
761,positive
762,negative
763,negative
764,negative
765,positive
766,negative
767,negative
768,positive
769,positive
770,negative
771,negative
772,positive
773,positive
774,negative
775,negative
776,negative
777,positive
778,positive
779,positive
780,negative
781,positive
782,negative
783,negative
784,negative
785,negative
786,negative
787,positive
788,positive
789,negative
790,positive
791,negative
792,positive
793,positive
794,negative
795,positive
796,negative
797,positive
798,positive
799,positive
800,positive
801,negative
802,negative
803,positive
804,negative
805,positive
806,negative
807,positive
808,positive
809,positive
810,positive
811,positive
812,negative
813,negative
814,positive
815,negative
816,positive
817,positive
818,positive
819,negative
820,positive
821,positive
822,positive
823,positive
824,negative
825,positive
826,negative
827,negative
828,negative
829,negative
830,negative
831,positive
832,positive
833,positive
834,positive
835,positive
836,negative
837,negative
838,positive
839,negative
840,negative
841,negative
842,positive
843,positive
844,negative
845,positive
846,negative
847,positive
848,positive
849,positive
850,positive
851,negative
852,positive
853,positive
854,positive
855,positive
856,negative
857,negative
858,negative
859,positive
860,positive
861,negative
862,negative
863,negative
864,positive
865,positive
866,negative
867,positive
868,positive
869,positive
870,positive
871,positive
872,positive
873,negative
874,positive
875,negative
876,positive
877,positive
878,positive
879,negative
880,positive
881,positive
882,negative
883,negative
884,negative
885,positive
886,negative
887,negative
888,positive
889,positive
890,positive
891,negative
892,negative
893,negative
894,positive
895,positive
896,positive
897,positive
898,positive
899,positive
900,negative
901,positive
902,negative
903,positive
904,negative
905,negative
906,positive
907,negative
908,negative
909,negative
910,positive
911,negative
912,positive
913,negative
914,positive
915,positive
916,negative
917,positive
918,positive
919,negative
920,positive
921,positive
922,positive
923,positive
924,negative
925,negative
926,positive
927,negative
928,positive
929,negative
930,positive
931,positive
932,negative
933,negative
934,positive
935,positive
936,negative
937,negative
938,negative
939,negative
940,positive
941,negative
942,negative
943,negative
944,positive
945,positive
946,negative
947,negative
948,positive
949,negative
950,negative
951,positive
952,positive
953,negative
954,negative
955,negative
956,positive
957,negative
958,positive
959,positive
960,positive
961,negative
962,positive
963,positive
964,negative
965,positive
966,positive
967,negative
968,negative
969,negative
970,negative
971,positive
972,positive
973,positive
974,positive
975,negative
976,negative
977,negative
978,positive
979,positive
980,positive
981,negative
982,negative
983,positive
984,positive
985,positive
986,positive
987,positive
988,negative
989,negative
990,positive
991,positive
992,negative
993,positive
994,positive
995,negative
996,negative
997,positive
998,negative
999,negative
1000,negative
1001,positive
1002,positive
1003,negative
1004,negative
1005,positive
1006,positive
1007,positive
1008,negative
1009,negative
1010,negative
1011,negative
1012,positive
1013,positive
1014,positive
1015,positive
1016,positive
1017,negative
1018,negative
1019,positive
1020,negative
1021,negative
1022,positive
1023,positive
1024,negative
1025,positive
1026,negative
1027,positive
1028,positive
1029,negative
1030,positive
1031,positive
1032,negative
1033,negative
1034,negative
1035,positive
1036,positive
1037,positive
1038,positive
1039,positive
1040,negative
1041,positive
1042,negative
1043,negative
1044,positive
1045,negative
1046,positive
1047,positive
1048,positive
1049,positive
1050,positive
1051,negative
1052,positive
1053,negative
1054,positive
1055,positive
1056,negative
1057,negative
1058,negative
1059,positive
1060,negative
1061,positive
1062,positive
1063,positive
1064,positive
1065,negative
1066,positive
1067,negative
1068,positive
1069,positive
1070,positive
1071,negative
1072,negative
1073,negative
1074,negative
1075,positive
1076,positive
1077,negative
1078,positive
1079,positive
1080,negative
1081,negative
1082,positive
1083,negative
1084,negative
1085,positive
1086,negative
1087,positive
1088,negative
1089,negative
1090,negative
1091,positive
1092,positive
1093,negative
1094,positive
1095,negative
1096,negative
1097,negative
1098,positive
1099,negative
1100,positive
1101,positive
1102,negative
1103,positive
1104,negative
1105,negative
1106,positive
1107,negative
1108,negative
1109,positive
1110,negative
1111,positive
1112,positive
1113,positive
1114,positive
1115,positive
1116,negative
1117,negative
1118,positive
1119,negative
1120,positive
1121,negative
1122,positive
1123,positive
1124,positive
1125,positive
1126,positive
1127,negative
1128,positive
1129,positive
1130,negative
1131,positive
1132,positive
1133,positive
1134,negative
1135,negative
1136,positive
1137,negative
1138,positive
1139,positive
1140,positive
1141,positive
1142,negative
1143,positive
1144,positive
1145,negative
1146,negative
1147,positive
1148,positive
1149,positive
1150,positive
1151,positive
1152,negative
1153,negative
1154,positive
1155,negative
1156,positive
1157,negative
1158,positive
1159,positive
1160,positive
1161,negative
1162,positive
1163,negative
1164,positive
1165,negative
1166,positive
1167,positive
1168,negative
1169,positive
1170,positive
1171,positive
1172,negative
1173,positive
1174,positive
1175,negative
1176,positive
1177,negative
1178,negative
1179,negative
1180,positive
1181,negative
1182,positive
1183,positive
1184,negative
1185,positive
1186,negative
1187,negative
1188,positive
1189,negative
1190,negative
1191,positive
1192,positive
1193,negative
1194,positive
1195,negative
1196,negative
1197,negative
1198,positive
1199,positive
1200,positive
1201,positive
1202,negative
1203,negative
1204,positive
1205,positive
1206,negative
1207,negative
1208,positive
1209,negative
1210,positive
1211,positive
1212,negative
1213,negative
1214,positive
1215,negative
1216,negative
1217,negative
1218,negative
1219,negative
1220,negative
1221,positive
1222,positive
1223,negative
1224,positive
1225,negative
1226,positive
1227,negative
1228,positive
1229,positive
1230,negative
1231,positive
1232,negative
1233,negative
1234,negative
1235,negative
1236,negative
1237,negative
1238,negative
1239,negative
1240,negative
1241,positive
1242,positive
1243,positive
1244,positive
1245,positive
1246,positive
1247,positive
1248,positive
1249,positive
1250,positive
1251,positive
1252,positive
1253,negative
1254,positive
1255,positive
1256,negative
1257,positive
1258,positive
1259,positive
1260,negative
1261,positive
1262,positive
1263,negative
1264,negative
1265,negative
1266,negative
1267,positive
1268,positive
1269,positive
1270,negative
1271,negative
1272,positive
1273,negative
1274,positive
1275,positive
1276,positive
1277,negative
1278,negative
1279,positive
1280,negative
1281,positive
1282,positive
1283,positive
1284,negative
1285,positive
1286,negative
1287,positive
1288,positive
1289,negative
1290,positive
1291,positive
1292,negative
1293,positive
1294,negative
1295,negative
1296,negative
1297,positive
1298,positive
1299,negative
1300,positive
1301,positive
1302,positive
1303,negative
1304,negative
1305,positive
1306,positive
1307,negative
1308,negative
1309,negative
1310,positive
1311,negative
1312,negative
1313,negative
1314,positive
1315,negative
1316,negative
1317,positive
1318,negative
1319,positive
1320,positive
1321,positive
1322,negative
1323,positive
1324,negative
1325,negative
1326,positive
1327,positive
1328,positive
1329,positive
1330,negative
1331,positive
1332,positive
1333,positive
1334,negative
1335,positive
1336,negative
1337,negative
1338,positive
1339,positive
1340,negative
1341,negative
1342,negative
1343,positive
1344,positive
1345,negative
1346,negative
1347,positive
1348,positive
1349,positive
1350,positive
1351,negative
1352,negative
1353,positive
1354,positive
1355,negative
1356,positive
1357,positive
1358,negative
1359,negative
1360,negative
1361,negative
1362,negative
1363,positive
1364,negative
1365,positive
1366,positive
1367,positive
1368,negative
1369,positive
1370,positive
1371,positive
1372,positive
1373,positive
1374,positive
1375,negative
1376,positive
1377,positive
1378,positive
1379,positive
1380,positive
1381,positive
1382,negative
1383,positive
1384,negative
1385,positive
1386,negative
1387,positive
1388,positive
1389,negative
1390,negative
1391,negative
1392,negative
1393,positive
1394,positive
1395,negative
1396,negative
1397,positive
1398,negative
1399,negative
1400,positive
1401,negative
1402,negative
1403,positive
1404,negative
1405,negative
1406,positive
1407,negative
1408,negative
1409,positive
1410,negative
1411,negative
1412,negative
1413,positive
1414,negative
1415,positive
1416,negative
1417,negative
1418,negative
1419,negative
1420,negative
1421,negative
1422,negative
1423,positive
1424,negative
1425,negative
1426,negative
1427,positive
1428,positive
1429,negative
1430,negative
1431,positive
1432,positive
1433,negative
1434,positive
1435,negative
1436,positive
1437,positive
1438,negative
1439,positive
1440,negative
1441,positive
1442,negative
1443,negative
1444,positive
1445,positive
1446,positive
1447,negative
1448,positive
1449,negative
1450,negative
1451,negative
1452,negative
1453,positive
1454,positive
1455,negative
1456,positive
1457,negative
1458,negative
1459,negative
1460,positive
1461,positive
1462,positive
1463,negative
1464,positive
1465,negative
1466,negative
1467,positive
1468,negative
1469,positive
1470,negative
1471,positive
1472,negative
1473,positive
1474,negative
1475,positive
1476,negative
1477,positive
1478,positive
1479,negative
1480,positive
1481,positive
1482,positive
1483,positive
1484,negative
1485,negative
1486,positive
1487,negative
1488,negative
1489,negative
1490,negative
1491,negative
1492,negative
1493,positive
1494,negative
1495,negative
1496,positive
1497,negative
1498,positive
1499,positive
1500,positive
1501,positive
1502,negative
1503,negative
1504,negative
1505,positive
1506,positive
1507,positive
1508,positive
1509,positive
1510,positive
1511,positive
1512,positive
1513,positive
1514,positive
1515,positive
1516,negative
1517,positive
1518,negative
1519,negative
1520,positive
1521,negative
1522,negative
1523,positive
1524,positive
1525,positive
1526,positive
1527,positive
1528,positive
1529,negative
1530,positive
1531,positive
1532,negative
1533,positive
1534,positive
1535,negative
1536,negative
1537,positive
1538,negative
1539,negative
1540,negative
1541,positive
1542,negative
1543,positive
1544,positive
1545,negative
1546,negative
1547,positive
1548,negative
1549,positive
1550,positive
1551,positive
1552,positive
1553,positive
1554,negative
1555,positive
1556,positive
1557,negative
1558,negative
1559,positive
1560,positive
1561,positive
1562,positive
1563,positive
1564,positive
1565,positive
1566,positive
1567,positive
1568,negative
1569,negative
1570,positive
1571,negative
1572,negative
1573,negative
1574,negative
1575,positive
1576,positive
1577,positive
1578,negative
1579,positive
1580,negative
1581,positive
1582,negative
1583,negative
1584,positive
1585,positive
1586,negative
1587,negative
1588,negative
1589,negative
1590,positive
1591,positive
1592,negative
1593,positive
1594,positive
1595,positive
1596,positive
1597,negative
1598,positive
1599,negative
1600,negative
1601,negative
1602,negative
1603,negative
1604,negative
1605,negative
1606,positive
1607,negative
1608,negative
1609,positive
1610,negative
1611,positive
1612,positive
1613,negative
1614,negative
1615,positive
1616,negative
1617,negative
1618,positive
1619,positive
1620,positive
1621,negative
1622,negative
1623,negative
1624,positive
1625,negative
1626,positive
1627,positive
1628,positive
1629,positive
1630,negative
1631,positive
1632,positive
1633,negative
1634,positive
1635,positive
1636,positive
1637,negative
1638,negative
1639,positive
1640,positive
1641,positive
1642,positive
1643,positive
1644,positive
1645,positive
1646,negative
1647,positive
1648,positive
1649,negative
1650,positive
1651,positive
1652,negative
1653,positive
1654,positive
1655,positive
1656,positive
1657,positive
1658,negative
1659,positive
1660,positive
1661,negative
1662,negative
1663,negative
1664,positive
1665,negative
1666,negative
1667,positive
1668,negative
1669,negative
1670,negative
1671,negative
1672,positive
1673,negative
1674,positive
1675,negative
1676,positive
1677,positive
1678,positive
1679,positive
1680,positive
1681,negative
1682,negative
1683,negative
1684,negative
1685,positive
1686,positive
1687,positive
1688,positive
1689,negative
1690,negative
1691,negative
1692,negative
1693,positive
1694,positive
1695,negative
1696,negative
1697,positive
1698,negative
1699,positive
1700,negative
1701,positive
1702,positive
1703,negative
1704,positive
1705,positive
1706,negative
1707,positive
1708,positive
1709,positive
1710,positive
1711,negative
1712,positive
1713,negative
1714,positive
1715,positive
1716,positive
1717,positive
1718,positive
1719,negative
1720,positive
1721,positive
1722,positive
1723,positive
1724,positive
1725,positive
1726,positive
1727,positive
1728,negative
1729,negative
1730,negative
1731,positive
1732,positive
1733,negative
1734,positive
1735,negative
1736,positive
1737,negative
1738,positive
1739,positive
1740,negative
1741,negative
1742,negative
1743,negative
1744,negative
1745,negative
1746,positive
1747,negative
1748,positive
1749,positive
1750,positive
1751,negative
1752,positive
1753,positive
1754,positive
1755,positive
1756,negative
1757,negative
1758,negative
1759,positive
1760,negative
1761,positive
1762,positive
1763,negative
1764,positive
1765,positive
1766,positive
1767,positive
1768,positive
1769,negative
1770,negative
1771,negative
1772,positive
1773,positive
1774,negative
1775,positive
1776,negative
1777,negative
1778,positive
1779,negative
1780,negative
1781,positive
1782,negative
1783,positive
1784,negative
1785,negative
1786,positive
1787,positive
1788,negative
1789,positive
1790,positive
1791,positive
1792,negative
1793,negative
1794,negative
1795,negative
1796,positive
1797,negative
1798,positive
1799,positive
1800,negative
1801,negative
1802,positive
1803,positive
1804,negative
1805,positive
1806,negative
1807,positive
1808,negative
1809,negative
1810,negative
1811,negative
1812,positive
1813,positive
1814,negative
1815,negative
1816,negative
1817,positive
1818,negative
1819,positive
1820,negative
1821,positive
1822,negative
1823,positive
1824,positive
1825,positive
1826,negative
1827,positive
1828,negative
1829,positive
1830,negative
1831,negative
1832,negative
1833,negative
1834,positive
1835,negative
1836,positive
1837,positive
1838,positive
1839,positive
1840,negative
1841,negative
1842,positive
1843,positive
1844,negative
1845,negative
1846,positive
1847,negative
1848,negative
1849,positive
1850,negative
1851,positive
1852,negative
1853,positive
1854,negative
1855,positive
1856,negative
1857,positive
1858,positive
1859,positive
1860,positive
1861,negative
1862,positive
1863,positive
1864,negative
1865,positive
1866,positive
1867,positive
1868,negative
1869,negative
1870,positive
1871,positive
1872,negative
1873,positive
1874,negative
1875,negative
1876,negative
1877,positive
1878,negative
1879,positive
1880,negative
1881,positive
1882,negative
1883,positive
1884,negative
1885,positive
1886,negative
1887,positive
1888,negative
1889,positive
1890,negative
1891,positive
1892,positive
1893,positive
1894,positive
1895,negative
1896,positive
1897,negative
1898,negative
1899,negative
1900,negative
1901,negative
1902,negative
1903,positive
1904,positive
1905,negative
1906,negative
1907,positive
1908,negative
1909,positive
1910,negative
1911,positive
1912,negative
1913,positive
1914,positive
1915,negative
1916,positive
1917,negative
1918,positive
1919,negative
1920,negative
1921,negative
1922,positive
1923,positive
1924,negative
1925,positive
1926,positive
1927,negative
1928,positive
1929,positive
1930,negative
1931,negative
1932,negative
1933,positive
1934,negative
1935,positive
1936,negative
1937,negative
1938,negative
1939,positive
1940,positive
1941,positive
1942,negative
1943,positive
1944,positive
1945,negative
1946,positive
1947,negative
1948,positive
1949,positive
1950,positive
1951,positive
1952,positive
1953,positive
1954,positive
1955,positive
1956,negative
1957,negative
1958,positive
1959,negative
1960,negative
1961,negative
1962,negative
1963,negative
1964,positive
1965,positive
1966,positive
1967,negative
1968,positive
1969,negative
1970,positive
1971,positive
1972,positive
1973,positive
1974,negative
1975,positive
1976,positive
1977,positive
1978,positive
1979,negative
1980,negative
1981,positive
1982,positive
1983,positive
1984,negative
1985,positive
1986,negative
1987,negative
1988,positive
1989,positive
1990,negative
1991,positive
1992,positive
1993,negative
1994,positive
1995,positive
1996,negative
1997,positive
1998,positive
1999,positive
2000,negative
2001,negative
2002,negative
2003,positive
2004,negative
2005,positive
2006,positive
2007,positive
2008,positive
2009,negative
2010,positive
2011,positive
2012,negative
2013,positive
2014,positive
2015,negative
2016,positive
2017,negative
2018,positive
2019,negative
2020,positive
2021,negative
2022,positive
2023,negative
2024,positive
2025,positive
2026,positive
2027,positive
2028,positive
2029,negative
2030,negative
2031,positive
2032,positive
2033,positive
2034,negative
2035,negative
2036,negative
2037,negative
2038,negative
2039,negative
2040,positive
2041,negative
2042,negative
2043,positive
2044,negative
2045,negative
2046,negative
2047,negative
2048,negative
2049,positive
2050,negative
2051,positive
2052,negative
2053,positive
2054,positive
2055,negative
2056,positive
2057,positive
2058,positive
2059,positive
2060,positive
2061,negative
2062,negative
2063,positive
2064,positive
2065,positive
2066,positive
2067,negative
2068,positive
2069,positive
2070,negative
2071,negative
2072,positive
2073,negative
2074,negative
2075,positive
2076,negative
2077,negative
2078,positive
2079,positive
2080,positive
2081,positive
2082,negative
2083,positive
2084,negative
2085,positive
2086,negative
2087,negative
2088,positive
2089,negative
2090,negative
2091,negative
2092,negative
2093,positive
2094,positive
2095,negative
2096,negative
2097,negative
2098,negative
2099,positive
2100,negative
2101,negative
2102,positive
2103,positive
2104,negative
2105,positive
2106,negative
2107,positive
2108,negative
2109,positive
2110,positive
2111,positive
2112,positive
2113,negative
2114,negative
2115,negative
2116,negative
2117,positive
2118,positive
2119,positive
2120,positive
2121,negative
2122,negative
2123,negative
2124,negative
2125,negative
2126,negative
2127,positive
2128,negative
2129,positive
2130,negative
2131,negative
2132,negative
2133,positive
2134,negative
2135,negative
2136,positive
2137,negative
2138,positive
2139,negative
2140,positive
2141,positive
2142,positive
2143,positive
2144,positive
2145,positive
2146,positive
2147,negative
2148,positive
2149,positive
2150,negative
2151,positive
2152,negative
2153,negative
2154,negative
2155,positive
2156,positive
2157,positive
2158,negative
2159,positive
2160,positive
2161,negative
2162,negative
2163,positive
2164,negative
2165,positive
2166,positive
2167,negative
2168,positive
2169,positive
2170,positive
2171,negative
2172,positive
2173,positive
2174,positive
2175,positive
2176,negative
2177,negative
2178,positive
2179,positive
2180,negative
2181,positive
2182,positive
2183,positive
2184,negative
2185,positive
2186,negative
2187,positive
2188,negative
2189,negative
2190,positive
2191,positive
2192,positive
2193,negative
2194,negative
2195,positive
2196,negative
2197,positive
2198,negative
2199,negative
2200,negative
2201,positive
2202,positive
2203,negative
2204,positive
2205,positive
2206,positive
2207,positive
2208,positive
2209,negative
2210,positive
2211,positive
2212,negative
2213,positive
2214,negative
2215,negative
2216,positive
2217,negative
2218,negative
2219,negative
2220,positive
2221,positive
2222,positive
2223,positive
2224,negative
2225,negative
2226,positive
2227,positive
2228,negative
2229,positive
2230,negative
2231,positive
2232,positive
2233,positive
2234,positive
2235,positive
2236,positive
2237,positive
2238,negative
2239,positive
2240,negative
2241,positive
2242,positive
2243,positive
2244,positive
2245,positive
2246,negative
2247,positive
2248,negative
2249,negative
2250,negative
2251,negative
2252,positive
2253,negative
2254,positive
2255,negative
2256,negative
2257,negative
2258,positive
2259,positive
2260,negative
2261,positive
2262,positive
2263,negative
2264,negative
2265,positive
2266,positive
2267,positive
2268,positive
2269,positive
2270,negative
2271,positive
2272,positive
2273,positive
2274,negative
2275,positive
2276,negative
2277,positive
2278,positive
2279,negative
2280,negative
2281,positive
2282,negative
2283,positive
2284,negative
2285,positive
2286,positive
2287,negative
2288,positive
2289,positive
2290,positive
2291,negative
2292,negative
2293,negative
2294,positive
2295,positive
2296,positive
2297,negative
2298,negative
2299,positive
2300,negative
2301,positive
2302,positive
2303,positive
2304,positive
2305,negative
2306,negative
2307,negative
2308,positive
2309,negative
2310,positive
2311,positive
2312,positive
2313,negative
2314,negative
2315,negative
2316,negative
2317,negative
2318,negative
2319,positive
2320,positive
2321,positive
2322,positive
2323,negative
2324,negative
2325,negative
2326,positive
2327,positive
2328,positive
2329,negative
2330,positive
2331,positive
2332,negative
2333,negative
2334,positive
2335,negative
2336,negative
2337,negative
2338,negative
2339,positive
2340,negative
2341,negative
2342,positive
2343,negative
2344,negative
2345,negative
2346,negative
2347,negative
2348,positive
2349,negative
2350,positive
2351,negative
2352,negative
2353,negative
2354,negative
2355,positive
2356,positive
2357,negative
2358,positive
2359,negative
2360,negative
2361,positive
2362,positive
2363,positive
2364,negative
2365,positive
2366,positive
2367,negative
2368,positive
2369,negative
2370,negative
2371,negative
2372,negative
2373,negative
2374,negative
2375,positive
2376,positive
2377,negative
2378,positive
2379,negative
2380,negative
2381,negative
2382,negative
2383,negative
2384,positive
2385,positive
2386,positive
2387,negative
2388,positive
2389,positive
2390,negative
2391,positive
2392,positive
2393,negative
2394,positive
2395,negative
2396,positive
2397,positive
2398,negative
2399,negative
2400,positive
2401,negative
2402,positive
2403,positive
2404,positive
2405,negative
2406,negative
2407,positive
2408,positive
2409,negative
2410,positive
2411,positive
2412,negative
2413,negative
2414,positive
2415,positive
2416,positive
2417,negative
2418,negative
2419,positive
2420,negative
2421,negative
2422,negative
2423,positive
2424,negative
2425,positive
2426,positive
2427,positive
2428,positive
2429,negative
2430,positive
2431,positive
2432,positive
2433,positive
2434,negative
2435,positive
2436,positive
2437,negative
2438,positive
2439,negative
2440,negative
2441,negative
2442,positive
2443,negative
2444,negative
2445,negative
2446,positive
2447,negative
2448,positive
2449,positive
2450,negative
2451,negative
2452,positive
2453,positive
2454,negative
2455,positive
2456,positive
2457,positive
2458,negative
2459,negative
2460,negative
2461,positive
2462,positive
2463,positive
2464,positive
2465,negative
2466,negative
2467,negative
2468,positive
2469,positive
2470,positive
2471,negative
2472,negative
2473,positive
2474,positive
2475,negative
2476,positive
2477,positive
2478,positive
2479,positive
2480,positive
2481,negative
2482,negative
2483,negative
2484,negative
2485,positive
2486,negative
2487,positive
2488,negative
2489,positive
2490,negative
2491,positive
2492,positive
2493,positive
2494,positive
2495,negative
2496,negative
2497,negative
2498,negative
2499,negative
2500,positive
2501,negative
2502,negative
2503,negative
2504,negative
2505,positive
2506,positive
2507,positive
2508,negative
2509,positive
2510,negative
2511,negative
2512,negative
2513,positive
2514,positive
2515,negative
2516,negative
2517,negative
2518,positive
2519,positive
2520,positive
2521,negative
2522,negative
2523,positive
2524,negative
2525,negative
2526,negative
2527,positive
2528,positive
2529,positive
2530,negative
2531,negative
2532,positive
2533,positive
2534,negative
2535,positive
2536,positive
2537,positive
2538,negative
2539,negative
2540,positive
2541,negative
2542,positive
2543,positive
2544,negative
2545,positive
2546,negative
2547,positive
2548,negative
2549,negative
2550,negative
2551,positive
2552,negative
2553,positive
2554,negative
2555,positive
2556,positive
2557,positive
2558,negative
2559,negative
2560,positive
2561,negative
2562,positive
2563,positive
2564,positive
2565,negative
2566,positive
2567,positive
2568,negative
2569,negative
2570,positive
2571,negative
2572,positive
2573,positive
2574,positive
2575,negative
2576,negative
2577,negative
2578,positive
2579,negative
2580,positive
2581,negative
2582,positive
2583,positive
2584,negative
2585,positive
2586,positive
2587,positive
2588,positive
2589,negative
2590,negative
2591,positive
2592,positive
2593,positive
2594,positive
2595,negative
2596,positive
2597,positive
2598,positive
2599,negative
2600,negative
2601,negative
2602,positive
2603,positive
2604,positive
2605,negative
2606,positive
2607,negative
2608,positive
2609,positive
2610,positive
2611,negative
2612,negative
2613,positive
2614,positive
2615,positive
2616,negative
2617,negative
2618,positive
2619,positive
2620,negative
2621,positive
2622,positive
2623,positive
2624,negative
2625,negative
2626,negative
2627,negative
2628,positive
2629,negative
2630,negative
2631,positive
2632,negative
2633,positive
2634,positive
2635,positive
2636,positive
2637,positive
2638,positive
2639,positive
2640,positive
2641,positive
2642,positive
2643,positive
2644,positive
2645,negative
2646,positive
2647,negative
2648,positive
2649,negative
2650,negative
2651,negative
2652,positive
2653,negative
2654,positive
2655,positive
2656,positive
2657,positive
2658,positive
2659,positive
2660,positive
2661,positive
2662,negative
2663,positive
2664,positive
2665,negative
2666,positive
2667,negative
2668,positive
2669,negative
2670,negative
2671,negative
2672,negative
2673,positive
2674,negative
2675,positive
2676,positive
2677,positive
2678,negative
2679,positive
2680,positive
2681,negative
2682,negative
2683,negative
2684,positive
2685,positive
2686,positive
2687,positive
2688,negative
2689,positive
2690,positive
2691,positive
2692,positive
2693,negative
2694,negative
2695,negative
2696,negative
2697,negative
2698,positive
2699,negative
2700,negative
2701,negative
2702,positive
2703,negative
2704,negative
2705,positive
2706,negative
2707,negative
2708,negative
2709,positive
2710,positive
2711,negative
2712,negative
2713,positive
2714,positive
2715,negative
2716,negative
2717,negative
2718,positive
2719,positive
2720,positive
2721,positive
2722,positive
2723,positive
2724,negative
2725,positive
2726,positive
2727,negative
2728,positive
2729,positive
2730,positive
2731,negative
2732,negative
2733,positive
2734,negative
2735,negative
2736,positive
2737,positive
2738,negative
2739,negative
2740,negative
2741,negative
2742,positive
2743,negative
2744,negative
2745,negative
2746,positive
2747,negative
2748,positive
2749,negative
2750,negative
2751,positive
2752,negative
2753,positive
2754,negative
2755,negative
2756,negative
2757,positive
2758,negative
2759,positive
2760,negative
2761,positive
2762,negative
2763,positive
2764,positive
2765,negative
2766,negative
2767,negative
2768,negative
2769,positive
2770,negative
2771,negative
2772,positive
2773,negative
2774,positive
2775,positive
2776,positive
2777,positive
2778,positive
2779,negative
2780,negative
2781,positive
2782,positive
2783,positive
2784,negative
2785,negative
2786,positive
2787,negative
2788,positive
2789,positive
2790,positive
2791,negative
2792,negative
2793,negative
2794,negative
2795,positive
2796,negative
2797,positive
2798,negative
2799,positive
2800,positive
2801,negative
2802,negative
2803,positive
2804,negative
2805,negative
2806,negative
2807,positive
2808,negative
2809,negative
2810,positive
2811,negative
2812,positive
2813,positive
2814,positive
2815,positive
2816,negative
2817,negative
2818,positive
2819,negative
2820,positive
2821,positive
2822,negative
2823,negative
2824,negative
2825,positive
2826,positive
2827,negative
2828,negative
2829,positive
2830,positive
2831,negative
2832,negative
2833,negative
2834,negative
2835,positive
2836,positive
2837,negative
2838,positive
2839,negative
2840,positive
2841,positive
2842,positive
2843,positive
2844,negative
2845,positive
2846,positive
2847,positive
2848,positive
2849,negative
2850,negative
2851,positive
2852,negative
2853,negative
2854,positive
2855,positive
2856,positive
2857,negative
2858,negative
2859,positive
2860,negative
2861,negative
2862,positive
2863,positive
2864,positive
2865,positive
2866,negative
2867,positive
2868,negative
2869,negative
2870,negative
2871,positive
2872,negative
2873,positive
2874,negative
2875,positive
2876,positive
2877,negative
2878,positive
2879,positive
2880,negative
2881,positive
2882,negative
2883,negative
2884,positive
2885,negative
2886,negative
2887,positive
2888,negative
2889,negative
2890,positive
2891,positive
2892,positive
2893,positive
2894,positive
2895,negative
2896,negative
2897,negative
2898,positive
2899,negative
2900,positive
2901,negative
2902,negative
2903,positive
2904,positive
2905,negative
2906,negative
2907,negative
2908,negative
2909,negative
2910,positive
2911,negative
2912,positive
2913,positive
2914,negative
2915,positive
2916,negative
2917,negative
2918,negative
2919,negative
2920,positive
2921,negative
2922,positive
2923,positive
2924,positive
2925,negative
2926,positive
2927,positive
2928,negative
2929,positive
2930,positive
2931,negative
2932,positive
2933,positive
2934,negative
2935,negative
2936,positive
2937,negative
2938,positive
2939,positive
2940,positive
2941,positive
2942,negative
2943,negative
2944,negative
2945,negative
2946,negative
2947,positive
2948,negative
2949,negative
2950,positive
2951,positive
2952,negative
2953,negative
2954,positive
2955,positive
2956,negative
2957,negative
2958,positive
2959,negative
2960,positive
2961,positive
2962,positive
2963,negative
2964,positive
2965,negative
2966,positive
2967,positive
2968,positive
2969,negative
2970,negative
2971,positive
2972,negative
2973,negative
2974,positive
2975,negative
2976,positive
2977,positive
2978,positive
2979,positive
2980,negative
2981,positive
2982,positive
2983,positive
2984,negative
2985,positive
2986,negative
2987,negative
2988,negative
2989,negative
2990,negative
2991,negative
2992,negative
2993,positive
2994,negative
2995,negative
2996,positive
2997,positive
2998,positive
2999,negative
3000,negative
3001,positive
3002,negative
3003,negative
3004,positive
3005,positive
3006,negative
3007,negative
3008,negative
3009,positive
3010,positive
3011,positive
3012,positive
3013,positive
3014,negative
3015,positive
3016,negative
3017,positive
3018,negative
3019,negative
3020,negative
3021,positive
3022,positive
3023,positive
3024,positive
3025,negative
3026,positive
3027,negative
3028,negative
3029,positive
3030,positive
3031,positive
3032,positive
3033,positive
3034,positive
3035,negative
3036,negative
3037,positive
3038,positive
3039,negative
3040,negative
3041,positive
3042,positive
3043,negative
3044,positive
3045,positive
3046,negative
3047,negative
3048,negative
3049,negative
3050,positive
3051,positive
3052,positive
3053,positive
3054,negative
3055,positive
3056,negative
3057,negative
3058,positive
3059,negative
3060,positive
3061,negative
3062,positive
3063,negative
3064,negative
3065,positive
3066,positive
3067,positive
3068,positive
3069,positive
3070,negative
3071,positive
3072,positive
3073,positive
3074,negative
3075,negative
3076,positive
3077,positive
3078,negative
3079,positive
3080,negative
3081,negative
3082,positive
3083,negative
3084,negative
3085,positive
3086,positive
3087,positive
3088,negative
3089,positive
3090,negative
3091,positive
3092,positive
3093,negative
3094,positive
3095,negative
3096,positive
3097,negative
3098,negative
3099,positive
3100,negative
3101,positive
3102,negative
3103,negative
3104,positive
3105,positive
3106,negative
3107,positive
3108,positive
3109,negative
3110,negative
3111,positive
3112,positive
3113,positive
3114,negative
3115,positive
3116,positive
3117,positive
3118,negative
3119,positive
3120,positive
3121,negative
3122,negative
3123,positive
3124,positive
3125,negative
3126,positive
3127,positive
3128,positive
3129,negative
3130,positive
3131,positive
3132,negative
3133,positive
3134,positive
3135,negative
3136,negative
3137,positive
3138,negative
3139,positive
3140,positive
3141,positive
3142,negative
3143,positive
3144,negative
3145,positive
3146,negative
3147,negative
3148,positive
3149,negative
3150,negative
3151,negative
3152,negative
3153,negative
3154,negative
3155,negative
3156,positive
3157,negative
3158,negative
3159,negative
3160,negative
3161,negative
3162,positive
3163,positive
3164,negative
3165,positive
3166,negative
3167,negative
3168,negative
3169,positive
3170,positive
3171,negative
3172,positive
3173,positive
3174,negative
3175,negative
3176,positive
3177,negative
3178,negative
3179,negative
3180,positive
3181,negative
3182,positive
3183,positive
3184,positive
3185,positive
3186,positive
3187,positive
3188,negative
3189,negative
3190,negative
3191,positive
3192,positive
3193,positive
3194,positive
3195,positive
3196,positive
3197,positive
3198,positive
3199,positive
3200,negative
3201,positive
3202,positive
3203,negative
3204,negative
3205,positive
3206,negative
3207,negative
3208,positive
3209,positive
3210,positive
3211,negative
3212,negative
3213,negative
3214,positive
3215,positive
3216,positive
3217,negative
3218,positive
3219,positive
3220,positive
3221,positive
3222,positive
3223,positive
3224,negative
3225,negative
3226,positive
3227,negative
3228,positive
3229,negative
3230,positive
3231,positive
3232,negative
3233,positive
3234,negative
3235,positive
3236,negative
3237,negative
3238,negative
3239,positive
3240,negative
3241,negative
3242,positive
3243,negative
3244,positive
3245,negative
3246,positive
3247,negative
3248,negative
3249,positive
3250,negative
3251,positive
3252,positive
3253,positive
3254,positive
3255,negative
3256,negative
3257,positive
3258,positive
3259,positive
3260,negative
3261,negative
3262,negative
3263,positive
3264,negative
3265,negative
3266,positive
3267,positive
3268,positive
3269,positive
3270,negative
3271,negative
3272,positive
3273,positive
3274,positive
3275,negative
3276,negative
3277,negative
3278,positive
3279,positive
3280,positive
3281,positive
3282,positive
3283,positive
3284,positive
3285,negative
3286,positive
3287,positive
3288,positive
3289,positive
3290,positive
3291,negative
3292,negative
3293,negative
3294,positive
3295,positive
3296,negative
3297,positive
3298,negative
3299,negative
3300,positive
3301,negative
3302,negative
3303,positive
3304,negative
3305,positive
3306,positive
3307,positive
3308,positive
3309,positive
3310,negative
3311,negative
3312,positive
3313,positive
3314,negative
3315,negative
3316,negative
3317,positive
3318,negative
3319,negative
3320,negative
3321,negative
3322,positive
3323,negative
3324,positive
3325,negative
3326,positive
3327,negative
3328,positive
3329,positive
3330,positive
3331,positive
3332,positive
3333,negative
3334,negative
3335,negative
3336,negative
3337,positive
3338,positive
3339,negative
3340,negative
3341,positive
3342,positive
3343,negative
3344,positive
3345,positive
3346,positive
3347,positive
3348,negative
3349,negative
3350,negative
3351,positive
3352,positive
3353,negative
3354,negative
3355,positive
3356,negative
3357,positive
3358,negative
3359,positive
3360,negative
3361,negative
3362,negative
3363,negative
3364,negative
3365,positive
3366,positive
3367,positive
3368,positive
3369,negative
3370,positive
3371,negative
3372,positive
3373,positive
3374,negative
3375,positive
3376,positive
3377,negative
3378,negative
3379,positive
3380,positive
3381,negative
3382,positive
3383,positive
3384,negative
3385,positive
3386,negative
3387,positive
3388,positive
3389,negative
3390,negative
3391,negative
3392,negative
3393,positive
3394,positive
3395,negative
3396,positive
3397,negative
3398,negative
3399,positive
3400,negative
3401,positive
3402,positive
3403,positive
3404,positive
3405,negative
3406,positive
3407,positive
3408,negative
3409,negative
3410,negative
3411,positive
3412,negative
3413,negative
3414,positive
3415,positive
3416,negative
3417,negative
3418,negative
3419,negative
3420,negative
3421,positive
3422,positive
3423,positive
3424,positive
3425,negative
3426,negative
3427,negative
3428,negative
3429,negative
3430,negative
3431,positive
3432,positive
3433,negative
3434,positive
3435,negative
3436,positive
3437,negative
3438,negative
3439,positive
3440,negative
3441,negative
3442,positive
3443,negative
3444,negative
3445,positive
3446,positive
3447,negative
3448,positive
3449,negative
3450,negative
3451,positive
3452,positive
3453,negative
3454,positive
3455,negative
3456,positive
3457,negative
3458,positive
3459,negative
3460,positive
3461,positive
3462,positive
3463,negative
3464,positive
3465,negative
3466,positive
3467,negative
3468,positive
3469,positive
3470,positive
3471,negative
3472,positive
3473,positive
3474,negative
3475,negative
3476,positive
3477,negative
3478,positive
3479,positive
3480,positive
3481,positive
3482,negative
3483,positive
3484,positive
3485,negative
3486,positive
3487,negative
3488,positive
3489,negative
3490,negative
3491,negative
3492,positive
3493,negative
3494,positive
3495,positive
3496,positive
3497,negative
3498,negative
3499,positive
3500,positive
3501,positive
3502,positive
3503,negative
3504,positive
3505,positive
3506,negative
3507,negative
3508,negative
3509,positive
3510,positive
3511,negative
3512,positive
3513,negative
3514,negative
3515,positive
3516,positive
3517,positive
3518,negative
3519,positive
3520,positive
3521,negative
3522,positive
3523,negative
3524,negative
3525,positive
3526,positive
3527,positive
3528,negative
3529,negative
3530,negative
3531,negative
3532,negative
3533,positive
3534,negative
3535,negative
3536,positive
3537,positive
3538,negative
3539,positive
3540,negative
3541,positive
3542,negative
3543,negative
3544,positive
3545,negative
3546,positive
3547,positive
3548,negative
3549,positive
3550,negative
3551,positive
3552,positive
3553,negative
3554,negative
3555,positive
3556,positive
3557,negative
3558,positive
3559,negative
3560,negative
3561,negative
3562,negative
3563,positive
3564,positive
3565,negative
3566,negative
3567,negative
3568,negative
3569,negative
3570,negative
3571,negative
3572,positive
3573,positive
3574,positive
3575,negative
3576,negative
3577,negative
3578,positive
3579,negative
3580,positive
3581,negative
3582,positive
3583,negative
3584,negative
3585,positive
3586,positive
3587,positive
3588,negative
3589,negative
3590,positive
3591,negative
3592,positive
3593,positive
3594,positive
3595,negative
3596,negative
3597,negative
3598,positive
3599,negative
3600,positive
3601,positive
3602,positive
3603,positive
3604,positive
3605,positive
3606,negative
3607,positive
3608,negative
3609,positive
3610,negative
3611,positive
3612,negative
3613,negative
3614,negative
3615,negative
3616,positive
3617,positive
3618,negative
3619,negative
3620,positive
3621,negative
3622,positive
3623,negative
3624,negative
3625,positive
3626,negative
3627,negative
3628,negative
3629,negative
3630,positive
3631,positive
3632,positive
3633,negative
3634,positive
3635,positive
3636,negative
3637,negative
3638,positive
3639,negative
3640,negative
3641,positive
3642,positive
3643,negative
3644,positive
3645,negative
3646,positive
3647,positive
3648,negative
3649,positive
3650,negative
3651,negative
3652,negative
3653,negative
3654,negative
3655,positive
3656,negative
3657,positive
3658,positive
3659,negative
3660,negative
3661,positive
3662,positive
3663,positive
3664,negative
3665,negative
3666,negative
3667,positive
3668,positive
3669,negative
3670,positive
3671,negative
3672,negative
3673,positive
3674,positive
3675,negative
3676,positive
3677,negative
3678,positive
3679,positive
3680,negative
3681,positive
3682,negative
3683,negative
3684,positive
3685,negative
3686,positive
3687,positive
3688,negative
3689,positive
3690,positive
3691,negative
3692,negative
3693,negative
3694,positive
3695,positive
3696,positive
3697,positive
3698,negative
3699,positive
3700,negative
3701,positive
3702,negative
3703,positive
3704,negative
3705,positive
3706,positive
3707,positive
3708,positive
3709,positive
3710,negative
3711,positive
3712,positive
3713,negative
3714,negative
3715,positive
3716,positive
3717,negative
3718,positive
3719,positive
3720,negative
3721,positive
3722,negative
3723,negative
3724,positive
3725,negative
3726,negative
3727,positive
3728,positive
3729,negative
3730,negative
3731,positive
3732,positive
3733,positive
3734,negative
3735,negative
3736,positive
3737,negative
3738,positive
3739,positive
3740,positive
3741,negative
3742,negative
3743,positive
3744,positive
3745,negative
3746,positive
3747,positive
3748,negative
3749,negative
3750,positive
3751,positive
3752,positive
3753,positive
3754,negative
3755,positive
3756,positive
3757,positive
3758,negative
3759,positive
3760,negative
3761,negative
3762,positive
3763,negative
3764,positive
3765,negative
3766,positive
3767,positive
3768,negative
3769,negative
3770,positive
3771,positive
3772,negative
3773,negative
3774,positive
3775,positive
3776,negative
3777,negative
3778,negative
3779,positive
3780,negative
3781,positive
3782,positive
3783,positive
3784,negative
3785,positive
3786,positive
3787,positive
3788,positive
3789,positive
3790,negative
3791,positive
3792,negative
3793,negative
3794,negative
3795,positive
3796,positive
3797,positive
3798,positive
3799,negative
3800,positive
3801,positive
3802,negative
3803,negative
3804,positive
3805,negative
3806,negative
3807,negative
3808,negative
3809,negative
3810,negative
3811,negative
3812,positive
3813,positive
3814,negative
3815,positive
3816,positive
3817,positive
3818,positive
3819,positive
3820,negative
3821,negative
3822,negative
3823,positive
3824,negative
3825,negative
3826,negative
3827,negative
3828,positive
3829,positive
3830,negative
3831,positive
3832,negative
3833,negative
3834,negative
3835,negative
3836,negative
3837,positive
3838,negative
3839,negative
3840,positive
3841,positive
3842,positive
3843,positive
3844,positive
3845,positive
3846,positive
3847,positive
3848,negative
3849,negative
3850,negative
3851,negative
3852,negative
3853,negative
3854,positive
3855,negative
3856,negative
3857,positive
3858,positive
3859,positive
3860,positive
3861,negative
3862,negative
3863,negative
3864,positive
3865,positive
3866,positive
3867,negative
3868,negative
3869,negative
3870,positive
3871,negative
3872,negative
3873,positive
3874,positive
3875,positive
3876,negative
3877,positive
3878,positive
3879,positive
3880,negative
3881,negative
3882,negative
3883,positive
3884,negative
3885,negative
3886,positive
3887,negative
3888,negative
3889,negative
3890,negative
3891,negative
3892,negative
3893,positive
3894,positive
3895,positive
3896,positive
3897,negative
3898,negative
3899,positive
3900,positive
3901,negative
3902,positive
3903,negative
3904,positive
3905,positive
3906,negative
3907,positive
3908,negative
3909,positive
3910,positive
3911,negative
3912,negative
3913,negative
3914,negative
3915,positive
3916,positive
3917,negative
3918,positive
3919,negative
3920,negative
3921,negative
3922,negative
3923,negative
3924,negative
3925,negative
3926,positive
3927,negative
3928,negative
3929,negative
3930,positive
3931,negative
3932,positive
3933,negative
3934,positive
3935,positive
3936,positive
3937,negative
3938,positive
3939,negative
3940,negative
3941,negative
3942,positive
3943,negative
3944,positive
3945,positive
3946,positive
3947,negative
3948,negative
3949,positive
3950,positive
3951,negative
3952,negative
3953,positive
3954,positive
3955,negative
3956,negative
3957,negative
3958,negative
3959,positive
3960,negative
3961,positive
3962,negative
3963,negative
3964,positive
3965,negative
3966,negative
3967,negative
3968,positive
3969,positive
3970,positive
3971,positive
3972,negative
3973,positive
3974,negative
3975,negative
3976,negative
3977,negative
3978,negative
3979,negative
3980,negative
3981,negative
3982,negative
3983,negative
3984,negative
3985,negative
3986,negative
3987,negative
3988,negative
3989,negative
3990,negative
3991,negative
3992,positive
3993,positive
3994,positive
3995,positive
3996,positive
3997,positive
3998,negative
3999,negative
4000,positive
4001,positive
4002,positive
4003,negative
4004,positive
4005,positive
4006,negative
4007,positive
4008,negative
4009,positive
4010,negative
4011,positive
4012,positive
4013,negative
4014,positive
4015,positive
4016,negative
4017,negative
4018,positive
4019,positive
4020,negative
4021,negative
4022,positive
4023,positive
4024,negative
4025,positive
4026,negative
4027,positive
4028,positive
4029,positive
4030,negative
4031,positive
4032,negative
4033,negative
4034,negative
4035,positive
4036,positive
4037,negative
4038,positive
4039,positive
4040,negative
4041,negative
4042,negative
4043,negative
4044,negative
4045,negative
4046,negative
4047,positive
4048,positive
4049,negative
4050,negative
4051,negative
4052,positive
4053,positive
4054,positive
4055,negative
4056,negative
4057,negative
4058,positive
4059,positive
4060,negative
4061,positive
4062,positive
4063,negative
4064,negative
4065,negative
4066,positive
4067,negative
4068,negative
4069,negative
4070,positive
4071,negative
4072,positive
4073,negative
4074,positive
4075,positive
4076,negative
4077,negative
4078,negative
4079,negative
4080,negative
4081,positive
4082,negative
4083,positive
4084,negative
4085,negative
4086,positive
4087,negative
4088,negative
4089,positive
4090,negative
4091,positive
4092,negative
4093,positive
4094,positive
4095,negative
4096,positive
4097,negative
4098,positive
4099,negative
4100,negative
4101,positive
4102,negative
4103,positive
4104,negative
4105,positive
4106,negative
4107,positive
4108,negative
4109,negative
4110,negative
4111,positive
4112,positive
4113,negative
4114,negative
4115,positive
4116,positive
4117,positive
4118,positive
4119,positive
4120,positive
4121,positive
4122,positive
4123,negative
4124,positive
4125,negative
4126,positive
4127,positive
4128,positive
4129,positive
4130,positive
4131,negative
4132,negative
4133,positive
4134,positive
4135,positive
4136,negative
4137,negative
4138,negative
4139,negative
4140,positive
4141,negative
4142,positive
4143,positive
4144,negative
4145,negative
4146,negative
4147,positive
4148,negative
4149,negative
4150,positive
4151,negative
4152,negative
4153,negative
4154,positive
4155,positive
4156,positive
4157,negative
4158,negative
4159,negative
4160,negative
4161,negative
4162,negative
4163,positive
4164,negative
4165,positive
4166,negative
4167,positive
4168,positive
4169,negative
4170,positive
4171,negative
4172,positive
4173,positive
4174,negative
4175,positive
4176,positive
4177,positive
4178,positive
4179,positive
4180,positive
4181,negative
4182,negative
4183,positive
4184,positive
4185,negative
4186,negative
4187,positive
4188,positive
4189,negative
4190,positive
4191,positive
4192,positive
4193,positive
4194,positive
4195,positive
4196,negative
4197,negative
4198,negative
4199,negative
4200,negative
4201,positive
4202,negative
4203,negative
4204,positive
4205,negative
4206,negative
4207,negative
4208,negative
4209,negative
4210,positive
4211,positive
4212,positive
4213,positive
4214,negative
4215,positive
4216,positive
4217,positive
4218,negative
4219,positive
4220,negative
4221,negative
4222,negative
4223,negative
4224,negative
4225,positive
4226,positive
4227,positive
4228,negative
4229,negative
4230,negative
4231,negative
4232,positive
4233,negative
4234,positive
4235,positive
4236,positive
4237,positive
4238,negative
4239,negative
4240,negative
4241,positive
4242,negative
4243,positive
4244,negative
4245,positive
4246,negative
4247,negative
4248,positive
4249,negative
4250,positive
4251,positive
4252,positive
4253,positive
4254,negative
4255,positive
4256,positive
4257,negative
4258,positive
4259,positive
4260,positive
4261,negative
4262,negative
4263,positive
4264,positive
4265,negative
4266,negative
4267,positive
4268,positive
4269,positive
4270,negative
4271,negative
4272,positive
4273,positive
4274,negative
4275,negative
4276,positive
4277,negative
4278,positive
4279,positive
4280,positive
4281,negative
4282,negative
4283,negative
4284,positive
4285,negative
4286,negative
4287,positive
4288,negative
4289,positive
4290,negative
4291,positive
4292,negative
4293,positive
4294,negative
4295,negative
4296,negative
4297,negative
4298,negative
4299,negative
4300,negative
4301,positive
4302,negative
4303,negative
4304,positive
4305,negative
4306,negative
4307,negative
4308,positive
4309,positive
4310,positive
4311,positive
4312,negative
4313,positive
4314,positive
4315,positive
4316,positive
4317,negative
4318,negative
4319,negative
4320,negative
4321,positive
4322,negative
4323,negative
4324,positive
4325,negative
4326,positive
4327,negative
4328,positive
4329,negative
4330,negative
4331,positive
4332,positive
4333,positive
4334,positive
4335,negative
4336,positive
4337,positive
4338,negative
4339,negative
4340,positive
4341,negative
4342,positive
4343,negative
4344,negative
4345,positive
4346,positive
4347,negative
4348,negative
4349,positive
4350,negative
4351,positive
4352,positive
4353,positive
4354,positive
4355,positive
4356,positive
4357,positive
4358,positive
4359,positive
4360,positive
4361,negative
4362,positive
4363,positive
4364,positive
4365,negative
4366,negative
4367,positive
4368,negative
4369,positive
4370,negative
4371,positive
4372,positive
4373,negative
4374,negative
4375,positive
4376,positive
4377,negative
4378,negative
4379,positive
4380,negative
4381,negative
4382,positive
4383,negative
4384,negative
4385,positive
4386,negative
4387,negative
4388,positive
4389,negative
4390,positive
4391,negative
4392,negative
4393,positive
4394,positive
4395,negative
4396,negative
4397,negative
4398,negative
4399,negative
4400,positive
4401,positive
4402,positive
4403,positive
4404,positive
4405,negative
4406,positive
4407,negative
4408,negative
4409,positive
4410,positive
4411,positive
4412,positive
4413,negative
4414,positive
4415,negative
4416,negative
4417,negative
4418,negative
4419,negative
4420,positive
4421,positive
4422,positive
4423,negative
4424,positive
4425,negative
4426,negative
4427,positive
4428,negative
4429,positive
4430,negative
4431,positive
4432,positive
4433,negative
4434,negative
4435,negative
4436,negative
4437,negative
4438,negative
4439,positive
4440,positive
4441,positive
4442,positive
4443,positive
4444,negative
4445,positive
4446,negative
4447,positive
4448,positive
4449,positive
4450,positive
4451,negative
4452,negative
4453,negative
4454,positive
4455,positive
4456,positive
4457,positive
4458,positive
4459,negative
4460,negative
4461,negative
4462,positive
4463,negative
4464,negative
4465,positive
4466,negative
4467,positive
4468,negative
4469,negative
4470,positive
4471,negative
4472,positive
4473,negative
4474,negative
4475,positive
4476,positive
4477,negative
4478,positive
4479,negative
4480,negative
4481,negative
4482,negative
4483,negative
4484,negative
4485,positive
4486,negative
4487,negative
4488,negative
4489,positive
4490,negative
4491,negative
4492,positive
4493,positive
4494,positive
4495,positive
4496,positive
4497,negative
4498,positive
4499,negative
4500,positive
4501,negative
4502,positive
4503,negative
4504,negative
4505,negative
4506,positive
4507,negative
4508,positive
4509,negative
4510,positive
4511,negative
4512,positive
4513,positive
4514,positive
4515,positive
4516,negative
4517,positive
4518,positive
4519,positive
4520,positive
4521,negative
4522,positive
4523,negative
4524,positive
4525,positive
4526,positive
4527,negative
4528,positive
4529,positive
4530,negative
4531,positive
4532,negative
4533,positive
4534,positive
4535,negative
4536,negative
4537,positive
4538,positive
4539,positive
4540,positive
4541,negative
4542,positive
4543,negative
4544,negative
4545,positive
4546,positive
4547,negative
4548,positive
4549,positive
4550,positive
4551,positive
4552,negative
4553,negative
4554,positive
4555,positive
4556,positive
4557,negative
4558,positive
4559,negative
4560,negative
4561,positive
4562,negative
4563,positive
4564,positive
4565,positive
4566,negative
4567,positive
4568,negative
4569,positive
4570,positive
4571,positive
4572,negative
4573,negative
4574,negative
4575,positive
4576,negative
4577,negative
4578,positive
4579,positive
4580,positive
4581,positive
4582,positive
4583,positive
4584,negative
4585,negative
4586,negative
4587,negative
4588,positive
4589,negative
4590,positive
4591,positive
4592,negative
4593,positive
4594,positive
4595,negative
4596,negative
4597,positive
4598,positive
4599,positive
4600,negative
4601,positive
4602,positive
4603,positive
4604,negative
4605,negative
4606,negative
4607,positive
4608,positive
4609,positive
4610,negative
4611,positive
4612,positive
4613,negative
4614,negative
4615,negative
4616,negative
4617,positive
4618,positive
4619,negative
4620,negative
4621,negative
4622,positive
4623,negative
4624,negative
4625,negative
4626,positive
4627,negative
4628,negative
4629,negative
4630,negative
4631,positive
4632,positive
4633,positive
4634,negative
4635,negative
4636,positive
4637,negative
4638,negative
4639,positive
4640,positive
4641,positive
4642,positive
4643,positive
4644,negative
4645,negative
4646,negative
4647,negative
4648,positive
4649,positive
4650,negative
4651,negative
4652,negative
4653,positive
4654,negative
4655,negative
4656,negative
4657,positive
4658,positive
4659,negative
4660,positive
4661,positive
4662,positive
4663,positive
4664,positive
4665,negative
4666,negative
4667,negative
4668,positive
4669,positive
4670,positive
4671,positive
4672,negative
4673,positive
4674,positive
4675,positive
4676,positive
4677,positive
4678,positive
4679,negative
4680,positive
4681,negative
4682,positive
4683,negative
4684,positive
4685,negative
4686,positive
4687,positive
4688,negative
4689,positive
4690,negative
4691,negative
4692,positive
4693,positive
4694,negative
4695,positive
4696,positive
4697,negative
4698,negative
4699,negative
4700,positive
4701,positive
4702,negative
4703,positive
4704,positive
4705,positive
4706,negative
4707,negative
4708,negative
4709,positive
4710,positive
4711,negative
4712,negative
4713,positive
4714,positive
4715,positive
4716,negative
4717,negative
4718,positive
4719,negative
4720,negative
4721,negative
4722,negative
4723,positive
4724,positive
4725,negative
4726,positive
4727,positive
4728,positive
4729,negative
4730,negative
4731,negative
4732,positive
4733,negative
4734,negative
4735,negative
4736,positive
4737,positive
4738,positive
4739,positive
4740,negative
4741,negative
4742,negative
4743,positive
4744,positive
4745,negative
4746,negative
4747,positive
4748,negative
4749,positive
4750,negative
4751,negative
4752,negative
4753,negative
4754,positive
4755,positive
4756,negative
4757,negative
4758,negative
4759,negative
4760,negative
4761,negative
4762,negative
4763,positive
4764,positive
4765,negative
4766,negative
4767,negative
4768,negative
4769,positive
4770,negative
4771,negative
4772,positive
4773,negative
4774,negative
4775,negative
4776,negative
4777,positive
4778,negative
4779,negative
4780,negative
4781,negative
4782,negative
4783,negative
4784,negative
4785,negative
4786,positive
4787,positive
4788,positive
4789,negative
4790,negative
4791,negative
4792,negative
4793,positive
4794,positive
4795,positive
4796,negative
4797,negative
4798,negative
4799,positive
4800,positive
4801,positive
4802,positive
4803,negative
4804,positive
4805,negative
4806,negative
4807,negative
4808,positive
4809,positive
4810,positive
4811,negative
4812,positive
4813,negative
4814,negative
4815,positive
4816,positive
4817,positive
4818,negative
4819,negative
4820,positive
4821,positive
4822,negative
4823,negative
4824,negative
4825,positive
4826,negative
4827,positive
4828,positive
4829,positive
4830,negative
4831,positive
4832,positive
4833,positive
4834,positive
4835,positive
4836,positive
4837,negative
4838,negative
4839,positive
4840,positive
4841,positive
4842,positive
4843,negative
4844,positive
4845,negative
4846,positive
4847,positive
4848,positive
4849,negative
4850,negative
4851,positive
4852,negative
4853,negative
4854,positive
4855,positive
4856,negative
4857,positive
4858,positive
4859,negative
4860,positive
4861,negative
4862,positive
4863,negative
4864,positive
4865,negative
4866,positive
4867,positive
4868,positive
4869,negative
4870,negative
4871,negative
4872,negative
4873,positive
4874,positive
4875,negative
4876,negative
4877,negative
4878,positive
4879,negative
4880,negative
4881,negative
4882,negative
4883,positive
4884,positive
4885,positive
4886,negative
4887,positive
4888,positive
4889,positive
4890,positive
4891,negative
4892,negative
4893,negative
4894,negative
4895,negative
4896,negative
4897,positive
4898,negative
4899,positive
4900,positive
4901,positive
4902,positive
4903,positive
4904,positive
4905,positive
4906,negative
4907,negative
4908,positive
4909,positive
4910,negative
4911,negative
4912,positive
4913,negative
4914,negative
4915,negative
4916,negative
4917,positive
4918,positive
4919,positive
4920,negative
4921,positive
4922,positive
4923,negative
4924,positive
4925,positive
4926,negative
4927,negative
4928,negative
4929,positive
4930,positive
4931,negative
4932,negative
4933,negative
4934,negative
4935,positive
4936,positive
4937,positive
4938,negative
4939,negative
4940,negative
4941,positive
4942,positive
4943,negative
4944,negative
4945,negative
4946,positive
4947,negative
4948,negative
4949,positive
4950,negative
4951,negative
4952,positive
4953,negative
4954,positive
4955,positive
4956,negative
4957,positive
4958,negative
4959,positive
4960,positive
4961,positive
4962,negative
4963,positive
4964,positive
4965,negative
4966,positive
4967,positive
4968,negative
4969,negative
4970,negative
4971,positive
4972,negative
4973,positive
4974,positive
4975,positive
4976,negative
4977,negative
4978,positive
4979,positive
4980,positive
4981,positive
4982,positive
4983,negative
4984,positive
4985,positive
4986,positive
4987,positive
4988,negative
4989,positive
4990,negative
4991,positive
4992,positive
4993,positive
4994,negative
4995,positive
4996,positive
4997,positive
4998,negative
4999,negative
5000,negative
5001,positive
5002,negative
5003,positive
5004,negative
5005,positive
5006,negative
5007,negative
5008,positive
5009,positive
5010,negative
5011,positive
5012,positive
5013,negative
5014,negative
5015,positive
5016,positive
5017,negative
5018,negative
5019,negative
5020,positive
5021,positive
5022,positive
5023,positive
5024,positive
5025,positive
5026,positive
5027,positive
5028,positive
5029,positive
5030,positive
5031,positive
5032,negative
5033,positive
5034,negative
5035,positive
5036,negative
5037,positive
5038,positive
5039,positive
5040,negative
5041,negative
5042,positive
5043,positive
5044,positive
5045,negative
5046,positive
5047,positive
5048,negative
5049,negative
5050,negative
5051,positive
5052,positive
5053,negative
5054,positive
5055,positive
5056,negative
5057,negative
5058,negative
5059,negative
5060,positive
5061,negative
5062,positive
5063,negative
5064,positive
5065,negative
5066,positive
5067,positive
5068,positive
5069,negative
5070,positive
5071,negative
5072,negative
5073,negative
5074,positive
5075,negative
5076,negative
5077,positive
5078,positive
5079,negative
5080,positive
5081,positive
5082,positive
5083,positive
5084,positive
5085,positive
5086,positive
5087,positive
5088,positive
5089,positive
5090,positive
5091,positive
5092,negative
5093,negative
5094,positive
5095,negative
5096,negative
5097,negative
5098,negative
5099,negative
5100,negative
5101,positive
5102,positive
5103,negative
5104,positive
5105,negative
5106,negative
5107,positive
5108,positive
5109,negative
5110,negative
5111,negative
5112,positive
5113,positive
5114,negative
5115,positive
5116,negative
5117,positive
5118,negative
5119,negative
5120,positive
5121,positive
5122,positive
5123,positive
5124,positive
5125,negative
5126,positive
5127,negative
5128,negative
5129,negative
5130,positive
5131,negative
5132,negative
5133,positive
5134,positive
5135,positive
5136,negative
5137,positive
5138,negative
5139,positive
5140,positive
5141,negative
5142,negative
5143,positive
5144,positive
5145,negative
5146,negative
5147,positive
5148,negative
5149,positive
5150,positive
5151,positive
5152,positive
5153,negative
5154,positive
5155,positive
5156,positive
5157,negative
5158,positive
5159,positive
5160,negative
5161,negative
5162,positive
5163,positive
5164,positive
5165,negative
5166,negative
5167,positive
5168,negative
5169,negative
5170,negative
5171,negative
5172,negative
5173,negative
5174,positive
5175,positive
5176,positive
5177,positive
5178,negative
5179,negative
5180,negative
5181,positive
5182,positive
5183,positive
5184,positive
5185,negative
5186,negative
5187,negative
5188,negative
5189,positive
5190,positive
5191,negative
5192,negative
5193,positive
5194,negative
5195,positive
5196,positive
5197,negative
5198,negative
5199,negative
5200,negative
5201,negative
5202,positive
5203,negative
5204,positive
5205,positive
5206,negative
5207,positive
5208,negative
5209,negative
5210,positive
5211,positive
5212,positive
5213,negative
5214,negative
5215,positive
5216,negative
5217,positive
5218,negative
5219,negative
5220,positive
5221,positive
5222,positive
5223,positive
5224,negative
5225,negative
5226,positive
5227,positive
5228,positive
5229,positive
5230,negative
5231,positive
5232,positive
5233,positive
5234,positive
5235,negative
5236,positive
5237,negative
5238,positive
5239,negative
5240,positive
5241,negative
5242,positive
5243,positive
5244,negative
5245,positive
5246,negative
5247,negative
5248,negative
5249,positive
5250,negative
5251,positive
5252,negative
5253,positive
5254,positive
5255,negative
5256,positive
5257,positive
5258,negative
5259,negative
5260,negative
5261,positive
5262,positive
5263,positive
5264,negative
5265,positive
5266,negative
5267,positive
5268,positive
5269,positive
5270,positive
5271,positive
5272,positive
5273,positive
5274,negative
5275,negative
5276,positive
5277,positive
5278,negative
5279,negative
5280,negative
5281,positive
5282,positive
5283,negative
5284,positive
5285,positive
5286,negative
5287,negative
5288,positive
5289,positive
5290,positive
5291,negative
5292,positive
5293,positive
5294,negative
5295,positive
5296,negative
5297,negative
5298,positive
5299,negative
5300,negative
5301,negative
5302,positive
5303,negative
5304,positive
5305,negative
5306,positive
5307,negative
5308,positive
5309,negative
5310,negative
5311,negative
5312,negative
5313,negative
5314,positive
5315,positive
5316,negative
5317,negative
5318,negative
5319,negative
5320,negative
5321,positive
5322,positive
5323,negative
5324,negative
5325,negative
5326,negative
5327,negative
5328,positive
5329,positive
5330,positive
5331,negative
5332,positive
5333,negative
5334,negative
5335,positive
5336,negative
5337,positive
5338,negative
5339,negative
5340,negative
5341,negative
5342,positive
5343,negative
5344,positive
5345,positive
5346,positive
5347,positive
5348,negative
5349,negative
5350,negative
5351,negative
5352,positive
5353,negative
5354,positive
5355,positive
5356,negative
5357,negative
5358,positive
5359,negative
5360,positive
5361,positive
5362,negative
5363,negative
5364,negative
5365,negative
5366,negative
5367,negative
5368,negative
5369,positive
5370,negative
5371,positive
5372,positive
5373,negative
5374,negative
5375,positive
5376,negative
5377,negative
5378,negative
5379,positive
5380,positive
5381,positive
5382,negative
5383,positive
5384,negative
5385,positive
5386,positive
5387,positive
5388,negative
5389,negative
5390,negative
5391,positive
5392,positive
5393,positive
5394,positive
5395,negative
5396,negative
5397,positive
5398,positive
5399,positive
5400,positive
5401,positive
5402,positive
5403,negative
5404,positive
5405,positive
5406,negative
5407,negative
5408,negative
5409,positive
5410,negative
5411,negative
5412,negative
5413,positive
5414,positive
5415,negative
5416,negative
5417,negative
5418,positive
5419,positive
5420,positive
5421,positive
5422,negative
5423,positive
5424,positive
5425,positive
5426,positive
5427,negative
5428,positive
5429,negative
5430,positive
5431,negative
5432,positive
5433,negative
5434,negative
5435,positive
5436,positive
5437,positive
5438,positive
5439,negative
5440,negative
5441,positive
5442,positive
5443,positive
5444,positive
5445,negative
5446,positive
5447,positive
5448,negative
5449,positive
5450,positive
5451,negative
5452,positive
5453,negative
5454,positive
5455,negative
5456,positive
5457,negative
5458,negative
5459,negative
5460,positive
5461,positive
5462,negative
5463,negative
5464,negative
5465,negative
5466,positive
5467,negative
5468,positive
5469,positive
5470,positive
5471,positive
5472,positive
5473,positive
5474,negative
5475,negative
5476,negative
5477,negative
5478,negative
5479,positive
5480,negative
5481,negative
5482,positive
5483,negative
5484,positive
5485,negative
5486,negative
5487,negative
5488,positive
5489,negative
5490,positive
5491,positive
5492,positive
5493,negative
5494,positive
5495,negative
5496,positive
5497,positive
5498,negative
5499,negative
5500,positive
5501,positive
5502,positive
5503,negative
5504,negative
5505,negative
5506,positive
5507,positive
5508,positive
5509,negative
5510,negative
5511,positive
5512,negative
5513,negative
5514,negative
5515,positive
5516,positive
5517,negative
5518,positive
5519,negative
5520,positive
5521,negative
5522,negative
5523,negative
5524,positive
5525,positive
5526,positive
5527,positive
5528,positive
5529,negative
5530,negative
5531,negative
5532,positive
5533,positive
5534,negative
5535,positive
5536,positive
5537,positive
5538,negative
5539,negative
5540,positive
5541,positive
5542,negative
5543,positive
5544,negative
5545,negative
5546,positive
5547,negative
5548,negative
5549,negative
5550,negative
5551,negative
5552,negative
5553,positive
5554,negative
5555,positive
5556,positive
5557,negative
5558,positive
5559,negative
5560,positive
5561,positive
5562,positive
5563,positive
5564,negative
5565,positive
5566,negative
5567,positive
5568,negative
5569,positive
5570,negative
5571,negative
5572,negative
5573,negative
5574,positive
5575,negative
5576,positive
5577,positive
5578,negative
5579,negative
5580,positive
5581,positive
5582,negative
5583,positive
5584,positive
5585,negative
5586,negative
5587,negative
5588,positive
5589,positive
5590,negative
5591,negative
5592,positive
5593,positive
5594,positive
5595,positive
5596,positive
5597,positive
5598,positive
5599,positive
5600,negative
5601,negative
5602,negative
5603,negative
5604,positive
5605,negative
5606,negative
5607,positive
5608,negative
5609,negative
5610,positive
5611,negative
5612,negative
5613,positive
5614,positive
5615,negative
5616,negative
5617,positive
5618,positive
5619,positive
5620,positive
5621,positive
5622,positive
5623,positive
5624,positive
5625,positive
5626,positive
5627,positive
5628,positive
5629,negative
5630,negative
5631,negative
5632,positive
5633,positive
5634,positive
5635,negative
5636,positive
5637,negative
5638,negative
5639,positive
5640,negative
5641,positive
5642,negative
5643,negative
5644,positive
5645,positive
5646,positive
5647,negative
5648,negative
5649,negative
5650,positive
5651,negative
5652,negative
5653,negative
5654,positive
5655,positive
5656,negative
5657,positive
5658,negative
5659,positive
5660,positive
5661,negative
5662,negative
5663,negative
5664,positive
5665,negative
5666,positive
5667,positive
5668,negative
5669,positive
5670,positive
5671,negative
5672,negative
5673,positive
5674,positive
5675,positive
5676,negative
5677,negative
5678,negative
5679,negative
5680,positive
5681,positive
5682,positive
5683,negative
5684,positive
5685,positive
5686,positive
5687,positive
5688,negative
5689,negative
5690,negative
5691,positive
5692,positive
5693,positive
5694,positive
5695,positive
5696,positive
5697,negative
5698,negative
5699,positive
5700,positive
5701,negative
5702,negative
5703,positive
5704,positive
5705,positive
5706,negative
5707,positive
5708,negative
5709,positive
5710,negative
5711,positive
5712,negative
5713,negative
5714,negative
5715,negative
5716,positive
5717,negative
5718,positive
5719,negative
5720,negative
5721,positive
5722,negative
5723,negative
5724,positive
5725,positive
5726,positive
5727,positive
5728,negative
5729,positive
5730,positive
5731,negative
5732,positive
5733,negative
5734,negative
5735,negative
5736,negative
5737,positive
5738,positive
5739,negative
5740,negative
5741,positive
5742,negative
5743,negative
5744,positive
5745,negative
5746,positive
5747,positive
5748,positive
5749,negative
5750,positive
5751,negative
5752,positive
5753,negative
5754,negative
5755,positive
5756,negative
5757,positive
5758,positive
5759,positive
5760,negative
5761,negative
5762,positive
5763,positive
5764,negative
5765,negative
5766,negative
5767,positive
5768,negative
5769,positive
5770,negative
5771,positive
5772,positive
5773,negative
5774,negative
5775,negative
5776,negative
5777,positive
5778,positive
5779,positive
5780,positive
5781,positive
5782,negative
5783,positive
5784,negative
5785,negative
5786,negative
5787,positive
5788,positive
5789,positive
5790,positive
5791,negative
5792,positive
5793,negative
5794,negative
5795,negative
5796,negative
5797,positive
5798,negative
5799,negative
5800,positive
5801,negative
5802,positive
5803,positive
5804,positive
5805,positive
5806,positive
5807,positive
5808,negative
5809,negative
5810,negative
5811,positive
5812,positive
5813,negative
5814,negative
5815,positive
5816,positive
5817,positive
5818,negative
5819,negative
5820,positive
5821,positive
5822,negative
5823,negative
5824,positive
5825,negative
5826,negative
5827,negative
5828,positive
5829,negative
5830,positive
5831,positive
5832,negative
5833,negative
5834,negative
5835,positive
5836,positive
5837,negative
5838,negative
5839,positive
5840,negative
5841,negative
5842,positive
5843,negative
5844,positive
5845,negative
5846,positive
5847,positive
5848,positive
5849,negative
5850,positive
5851,negative
5852,negative
5853,positive
5854,positive
5855,positive
5856,positive
5857,positive
5858,positive
5859,negative
5860,positive
5861,negative
5862,positive
5863,negative
5864,positive
5865,positive
5866,negative
5867,positive
5868,positive
5869,positive
5870,negative
5871,positive
5872,negative
5873,negative
5874,positive
5875,negative
5876,negative
5877,positive
5878,negative
5879,negative
5880,negative
5881,positive
5882,negative
5883,negative
5884,positive
5885,negative
5886,negative
5887,positive
5888,negative
5889,positive
5890,positive
5891,positive
5892,positive
5893,negative
5894,positive
5895,negative
5896,negative
5897,negative
5898,positive
5899,negative
5900,negative
5901,positive
5902,positive
5903,positive
5904,negative
5905,negative
5906,negative
5907,positive
5908,positive
5909,positive
5910,negative
5911,positive
5912,negative
5913,positive
5914,positive
5915,negative
5916,negative
5917,negative
5918,negative
5919,negative
5920,positive
5921,positive
5922,positive
5923,negative
5924,negative
5925,positive
5926,negative
5927,positive
5928,positive
5929,positive
5930,positive
5931,negative
5932,negative
5933,positive
5934,negative
5935,positive
5936,negative
5937,negative
5938,positive
5939,positive
5940,negative
5941,negative
5942,positive
5943,negative
5944,negative
5945,negative
5946,positive
5947,negative
5948,positive
5949,positive
5950,positive
5951,positive
5952,negative
5953,positive
5954,positive
5955,negative
5956,negative
5957,negative
5958,negative
5959,positive
5960,negative
5961,negative
5962,negative
5963,negative
5964,negative
5965,negative
5966,positive
5967,positive
5968,positive
5969,negative
5970,negative
5971,positive
5972,negative
5973,negative
5974,negative
5975,positive
5976,negative
5977,negative
5978,negative
5979,positive
5980,negative
5981,negative
5982,positive
5983,negative
5984,positive
5985,negative
5986,positive
5987,negative
5988,positive
5989,negative
5990,negative
5991,positive
5992,negative
5993,positive
5994,negative
5995,negative
5996,positive
5997,positive
5998,positive
5999,positive
6000,positive
6001,positive
6002,positive
6003,positive
6004,negative
6005,positive
6006,positive
6007,negative
6008,negative
6009,negative
6010,positive
6011,positive
6012,negative
6013,positive
6014,positive
6015,positive
6016,negative
6017,negative
6018,positive
6019,positive
6020,positive
6021,positive
6022,negative
6023,negative
6024,negative
6025,negative
6026,negative
6027,positive
6028,positive
6029,positive
6030,positive
6031,negative
6032,positive
6033,negative
6034,positive
6035,positive
6036,positive
6037,positive
6038,positive
6039,negative
6040,positive
6041,positive
6042,negative
6043,positive
6044,positive
6045,positive
6046,positive
6047,positive
6048,negative
6049,positive
6050,negative
6051,positive
6052,positive
6053,positive
6054,positive
6055,positive
6056,negative
6057,positive
6058,negative
6059,negative
6060,positive
6061,negative
6062,positive
6063,negative
6064,negative
6065,positive
6066,negative
6067,positive
6068,negative
6069,negative
6070,negative
6071,positive
6072,positive
6073,negative
6074,positive
6075,negative
6076,positive
6077,negative
6078,positive
6079,positive
6080,negative
6081,positive
6082,negative
6083,positive
6084,negative
6085,positive
6086,positive
6087,negative
6088,negative
6089,negative
6090,positive
6091,positive
6092,negative
6093,negative
6094,positive
6095,positive
6096,positive
6097,negative
6098,negative
6099,positive
6100,negative
6101,positive
6102,positive
6103,positive
6104,positive
6105,positive
6106,positive
6107,negative
6108,positive
6109,negative
6110,negative
6111,positive
6112,positive
6113,negative
6114,positive
6115,positive
6116,negative
6117,negative
6118,negative
6119,negative
6120,negative
6121,negative
6122,negative
6123,negative
6124,positive
6125,positive
6126,positive
6127,negative
6128,negative
6129,negative
6130,negative
6131,negative
6132,negative
6133,negative
6134,positive
6135,negative
6136,negative
6137,negative
6138,negative
6139,positive
6140,positive
6141,negative
6142,negative
6143,negative
6144,positive
6145,negative
6146,positive
6147,negative
6148,positive
6149,negative
6150,negative
6151,negative
6152,negative
6153,negative
6154,negative
6155,negative
6156,negative
6157,positive
6158,positive
6159,positive
6160,positive
6161,positive
6162,negative
6163,positive
6164,negative
6165,negative
6166,positive
6167,negative
6168,negative
6169,negative
6170,negative
6171,positive
6172,positive
6173,negative
6174,negative
6175,positive
6176,positive
6177,negative
6178,negative
6179,negative
6180,positive
6181,negative
6182,negative
6183,positive
6184,negative
6185,positive
6186,positive
6187,negative
6188,positive
6189,negative
6190,positive
6191,negative
6192,negative
6193,positive
6194,negative
6195,positive
6196,negative
6197,positive
6198,negative
6199,positive
6200,negative
6201,positive
6202,positive
6203,positive
6204,negative
6205,positive
6206,positive
6207,positive
6208,negative
6209,positive
6210,positive
6211,negative
6212,positive
6213,positive
6214,positive
6215,positive
6216,negative
6217,negative
6218,negative
6219,negative
6220,positive
6221,negative
6222,positive
6223,positive
6224,positive
6225,positive
6226,positive
6227,positive
6228,positive
6229,positive
6230,negative
6231,positive
6232,negative
6233,positive
6234,positive
6235,positive
6236,negative
6237,negative
6238,positive
6239,positive
6240,positive
6241,positive
6242,positive
6243,positive
6244,positive
6245,negative
6246,negative
6247,positive
6248,positive
6249,positive
6250,negative
6251,negative
6252,positive
6253,negative
6254,positive
6255,negative
6256,positive
6257,negative
6258,positive
6259,negative
6260,positive
6261,positive
6262,negative
6263,positive
6264,negative
6265,negative
6266,negative
6267,positive
6268,negative
6269,positive
6270,positive
6271,negative
6272,negative
6273,positive
6274,negative
6275,positive
6276,negative
6277,positive
6278,negative
6279,negative
6280,positive
6281,positive
6282,positive
6283,positive
6284,negative
6285,positive
6286,negative
6287,negative
6288,negative
6289,positive
6290,negative
6291,positive
6292,negative
6293,negative
6294,positive
6295,negative
6296,negative
6297,negative
6298,positive
6299,negative
6300,positive
6301,negative
6302,negative
6303,positive
6304,negative
6305,positive
6306,positive
6307,negative
6308,positive
6309,positive
6310,positive
6311,positive
6312,negative
6313,positive
6314,negative
6315,negative
6316,negative
6317,positive
6318,positive
6319,positive
6320,negative
6321,negative
6322,positive
6323,negative
6324,negative
6325,negative
6326,positive
6327,positive
6328,positive
6329,negative
6330,positive
6331,positive
6332,negative
6333,negative
6334,positive
6335,negative
6336,positive
6337,positive
6338,positive
6339,positive
6340,negative
6341,positive
6342,positive
6343,positive
6344,positive
6345,positive
6346,positive
6347,positive
6348,positive
6349,negative
6350,negative
6351,positive
6352,positive
6353,positive
6354,positive
6355,positive
6356,positive
6357,positive
6358,positive
6359,negative
6360,negative
6361,negative
6362,positive
6363,positive
6364,positive
6365,positive
6366,negative
6367,negative
6368,positive
6369,positive
6370,negative
6371,negative
6372,positive
6373,negative
6374,negative
6375,negative
6376,positive
6377,positive
6378,negative
6379,positive
6380,negative
6381,positive
6382,positive
6383,positive
6384,positive
6385,positive
6386,positive
6387,positive
6388,negative
6389,negative
6390,negative
6391,negative
6392,positive
6393,negative
6394,negative
6395,negative
6396,negative
6397,positive
6398,negative
6399,positive
6400,positive
6401,positive
6402,negative
6403,positive
6404,positive
6405,positive
6406,negative
6407,negative
6408,negative
6409,positive
6410,positive
6411,positive
6412,negative
6413,positive
6414,positive
6415,positive
6416,negative
6417,positive
6418,positive
6419,negative
6420,negative
6421,negative
6422,negative
6423,negative
6424,negative
6425,positive
6426,positive
6427,positive
6428,positive
6429,positive
6430,positive
6431,negative
6432,positive
6433,negative
6434,negative
6435,positive
6436,negative
6437,negative
6438,positive
6439,positive
6440,positive
6441,negative
6442,negative
6443,negative
6444,positive
6445,negative
6446,negative
6447,positive
6448,positive
6449,negative
6450,negative
6451,negative
6452,negative
6453,negative
6454,negative
6455,negative
6456,negative
6457,negative
6458,negative
6459,positive
6460,negative
6461,positive
6462,positive
6463,positive
6464,positive
6465,negative
6466,positive
6467,negative
6468,positive
6469,positive
6470,positive
6471,positive
6472,negative
6473,negative
6474,negative
6475,positive
6476,negative
6477,negative
6478,negative
6479,positive
6480,negative
6481,positive
6482,negative
6483,positive
6484,positive
6485,negative
6486,negative
6487,positive
6488,positive
6489,positive
6490,positive
6491,positive
6492,positive
6493,negative
6494,positive
6495,negative
6496,negative
6497,negative
6498,positive
6499,negative
6500,negative
6501,negative
6502,positive
6503,negative
6504,positive
6505,positive
6506,positive
6507,positive
6508,positive
6509,positive
6510,negative
6511,negative
6512,positive
6513,positive
6514,positive
6515,negative
6516,negative
6517,positive
6518,positive
6519,positive
6520,negative
6521,positive
6522,negative
6523,positive
6524,negative
6525,positive
6526,positive
6527,positive
6528,positive
6529,positive
6530,positive
6531,negative
6532,positive
6533,negative
6534,positive
6535,negative
6536,positive
6537,negative
6538,positive
6539,positive
6540,negative
6541,positive
6542,positive
6543,positive
6544,positive
6545,negative
6546,negative
6547,negative
6548,negative
6549,positive
6550,positive
6551,negative
6552,negative
6553,positive
6554,positive
6555,positive
6556,negative
6557,negative
6558,positive
6559,positive
6560,negative
6561,positive
6562,positive
6563,positive
6564,positive
6565,positive
6566,positive
6567,positive
6568,positive
6569,negative
6570,negative
6571,positive
6572,negative
6573,positive
6574,negative
6575,positive
6576,positive
6577,negative
6578,positive
6579,negative
6580,negative
6581,positive
6582,negative
6583,negative
6584,negative
6585,negative
6586,negative
6587,positive
6588,negative
6589,negative
6590,negative
6591,positive
6592,negative
6593,negative
6594,positive
6595,positive
6596,positive
6597,positive
6598,negative
6599,negative
6600,negative
6601,positive
6602,positive
6603,negative
6604,negative
6605,negative
6606,negative
6607,negative
6608,positive
6609,negative
6610,positive
6611,positive
6612,negative
6613,positive
6614,negative
6615,positive
6616,positive
6617,negative
6618,positive
6619,negative
6620,positive
6621,positive
6622,positive
6623,negative
6624,negative
6625,negative
6626,positive
6627,negative
6628,positive
6629,positive
6630,positive
6631,positive
6632,positive
6633,negative
6634,positive
6635,positive
6636,positive
6637,negative
6638,positive
6639,positive
6640,negative
6641,positive
6642,positive
6643,positive
6644,negative
6645,positive
6646,negative
6647,positive
6648,positive
6649,negative
6650,positive
6651,negative
6652,negative
6653,positive
6654,positive
6655,positive
6656,positive
6657,positive
6658,positive
6659,positive
6660,negative
6661,negative
6662,negative
6663,negative
6664,positive
6665,positive
6666,negative
6667,positive
6668,negative
6669,negative
6670,negative
6671,negative
6672,positive
6673,positive
6674,positive
6675,positive
6676,positive
6677,negative
6678,positive
6679,negative
6680,negative
6681,negative
6682,positive
6683,positive
6684,positive
6685,negative
6686,positive
6687,negative
6688,positive
6689,positive
6690,positive
6691,negative
6692,positive
6693,negative
6694,negative
6695,negative
6696,positive
6697,negative
6698,positive
6699,positive
6700,negative
6701,negative
6702,positive
6703,positive
6704,positive
6705,negative
6706,positive
6707,negative
6708,negative
6709,positive
6710,positive
6711,positive
6712,negative
6713,positive
6714,positive
6715,negative
6716,negative
6717,positive
6718,positive
6719,positive
6720,negative
6721,negative
6722,positive
6723,positive
6724,negative
6725,positive
6726,negative
6727,negative
6728,positive
6729,negative
6730,negative
6731,negative
6732,positive
6733,positive
6734,positive
6735,negative
6736,negative
6737,negative
6738,positive
6739,positive
6740,negative
6741,negative
6742,negative
6743,negative
6744,positive
6745,positive
6746,positive
6747,negative
6748,negative
6749,positive
6750,negative
6751,positive
6752,positive
6753,positive
6754,positive
6755,negative
6756,positive
6757,positive
6758,negative
6759,positive
6760,positive
6761,negative
6762,negative
6763,positive
6764,negative
6765,positive
6766,positive
6767,positive
6768,positive
6769,negative
6770,negative
6771,positive
6772,negative
6773,positive
6774,negative
6775,positive
6776,positive
6777,negative
6778,positive
6779,positive
6780,negative
6781,positive
6782,positive
6783,negative
6784,negative
6785,negative
6786,negative
6787,negative
6788,negative
6789,positive
6790,negative
6791,positive
6792,negative
6793,positive
6794,positive
6795,negative
6796,negative
6797,negative
6798,positive
6799,positive
6800,positive
6801,negative
6802,positive
6803,negative
6804,negative
6805,positive
6806,negative
6807,negative
6808,negative
6809,negative
6810,positive
6811,positive
6812,positive
6813,negative
6814,negative
6815,negative
6816,positive
6817,negative
6818,negative
6819,positive
6820,negative
6821,positive
6822,positive
6823,negative
6824,positive
6825,positive
6826,negative
6827,positive
6828,negative
6829,positive
6830,negative
6831,positive
6832,positive
6833,negative
6834,negative
6835,positive
6836,negative
6837,positive
6838,negative
6839,positive
6840,negative
6841,positive
6842,negative
6843,negative
6844,positive
6845,positive
6846,positive
6847,positive
6848,negative
6849,negative
6850,positive
6851,positive
6852,positive
6853,negative
6854,negative
6855,negative
6856,positive
6857,negative
6858,negative
6859,negative
6860,negative
6861,negative
6862,negative
6863,positive
6864,positive
6865,negative
6866,positive
6867,positive
6868,positive
6869,negative
6870,negative
6871,positive
6872,positive
6873,negative
6874,positive
6875,negative
6876,positive
6877,negative
6878,positive
6879,negative
6880,positive
6881,positive
6882,negative
6883,negative
6884,negative
6885,positive
6886,positive
6887,negative
6888,positive
6889,positive
6890,negative
6891,positive
6892,positive
6893,negative
6894,negative
6895,positive
6896,positive
6897,positive
6898,negative
6899,negative
6900,positive
6901,positive
6902,positive
6903,positive
6904,positive
6905,positive
6906,positive
6907,negative
6908,positive
6909,positive
6910,negative
6911,positive
6912,negative
6913,negative
6914,positive
6915,positive
6916,positive
6917,positive
6918,positive
6919,negative
6920,positive
6921,positive
6922,positive
6923,positive
6924,negative
6925,positive
6926,negative
6927,negative
6928,positive
6929,negative
6930,negative
6931,positive
6932,positive
6933,positive
6934,negative
6935,positive
6936,positive
6937,negative
6938,positive
6939,positive
6940,negative
6941,negative
6942,negative
6943,negative
6944,negative
6945,negative
6946,positive
6947,positive
6948,negative
6949,negative
6950,negative
6951,negative
6952,positive
6953,positive
6954,positive
6955,negative
6956,positive
6957,negative
6958,negative
6959,negative
6960,negative
6961,positive
6962,positive
6963,negative
6964,positive
6965,positive
6966,negative
6967,positive
6968,positive
6969,negative
6970,positive
6971,positive
6972,positive
6973,negative
6974,negative
6975,negative
6976,positive
6977,positive
6978,positive
6979,positive
6980,positive
6981,negative
6982,positive
6983,negative
6984,negative
6985,positive
6986,positive
6987,negative
6988,negative
6989,negative
6990,positive
6991,positive
6992,positive
6993,positive
6994,positive
6995,negative
6996,negative
6997,positive
6998,positive
6999,positive
7000,negative
7001,positive
7002,positive
7003,negative
7004,positive
7005,positive
7006,positive
7007,positive
7008,positive
7009,positive
7010,negative
7011,positive
7012,positive
7013,negative
7014,positive
7015,negative
7016,positive
7017,positive
7018,positive
7019,positive
7020,negative
7021,positive
7022,positive
7023,negative
7024,positive
7025,positive
7026,negative
7027,positive
7028,negative
7029,negative
7030,positive
7031,positive
7032,negative
7033,negative
7034,positive
7035,positive
7036,positive
7037,negative
7038,positive
7039,positive
7040,negative
7041,positive
7042,positive
7043,positive
7044,positive
7045,positive
7046,negative
7047,negative
7048,negative
7049,positive
7050,positive
7051,negative
7052,positive
7053,positive
7054,positive
7055,positive
7056,negative
7057,negative
7058,negative
7059,negative
7060,positive
7061,positive
7062,positive
7063,negative
7064,negative
7065,negative
7066,positive
7067,positive
7068,negative
7069,positive
7070,negative
7071,negative
7072,positive
7073,negative
7074,positive
7075,positive
7076,negative
7077,negative
7078,positive
7079,positive
7080,positive
7081,negative
7082,positive
7083,positive
7084,negative
7085,positive
7086,positive
7087,negative
7088,positive
7089,positive
7090,negative
7091,negative
7092,positive
7093,negative
7094,positive
7095,negative
7096,positive
7097,negative
7098,negative
7099,negative
7100,positive
7101,positive
7102,negative
7103,positive
7104,positive
7105,positive
7106,negative
7107,negative
7108,negative
7109,positive
7110,positive
7111,positive
7112,positive
7113,positive
7114,negative
7115,positive
7116,negative
7117,negative
7118,positive
7119,negative
7120,positive
7121,negative
7122,positive
7123,negative
7124,negative
7125,positive
7126,negative
7127,positive
7128,negative
7129,negative
7130,negative
7131,positive
7132,negative
7133,positive
7134,positive
7135,positive
7136,positive
7137,negative
7138,positive
7139,positive
7140,negative
7141,negative
7142,positive
7143,positive
7144,negative
7145,positive
7146,positive
7147,negative
7148,negative
7149,negative
7150,positive
7151,negative
7152,positive
7153,negative
7154,negative
7155,positive
7156,positive
7157,negative
7158,negative
7159,positive
7160,negative
7161,negative
7162,negative
7163,positive
7164,positive
7165,positive
7166,positive
7167,positive
7168,negative
7169,positive
7170,positive
7171,positive
7172,positive
7173,positive
7174,negative
7175,positive
7176,negative
7177,negative
7178,positive
7179,positive
7180,negative
7181,negative
7182,positive
7183,positive
7184,positive
7185,positive
7186,positive
7187,negative
7188,positive
7189,positive
7190,negative
7191,positive
7192,negative
7193,positive
7194,negative
7195,negative
7196,negative
7197,negative
7198,negative
7199,negative
7200,positive
7201,positive
7202,negative
7203,negative
7204,positive
7205,negative
7206,positive
7207,positive
7208,negative
7209,positive
7210,negative
7211,positive
7212,negative
7213,positive
7214,positive
7215,positive
7216,negative
7217,positive
7218,positive
7219,negative
7220,positive
7221,negative
7222,negative
7223,positive
7224,positive
7225,positive
7226,positive
7227,positive
7228,negative
7229,positive
7230,negative
7231,negative
7232,positive
7233,positive
7234,negative
7235,negative
7236,positive
7237,negative
7238,negative
7239,positive
7240,positive
7241,positive
7242,positive
7243,negative
7244,positive
7245,positive
7246,positive
7247,positive
7248,positive
7249,negative
7250,positive
7251,negative
7252,positive
7253,positive
7254,positive
7255,positive
7256,positive
7257,positive
7258,negative
7259,positive
7260,negative
7261,negative
7262,positive
7263,positive
7264,positive
7265,negative
7266,negative
7267,negative
7268,positive
7269,positive
7270,negative
7271,positive
7272,negative
7273,negative
7274,negative
7275,negative
7276,positive
7277,negative
7278,positive
7279,positive
7280,positive
7281,negative
7282,negative
7283,positive
7284,positive
7285,negative
7286,positive
7287,negative
7288,positive
7289,positive
7290,negative
7291,negative
7292,negative
7293,positive
7294,positive
7295,negative
7296,positive
7297,positive
7298,negative
7299,negative
7300,positive
7301,positive
7302,negative
7303,negative
7304,positive
7305,negative
7306,positive
7307,positive
7308,positive
7309,negative
7310,negative
7311,negative
7312,positive
7313,positive
7314,negative
7315,negative
7316,positive
7317,negative
7318,positive
7319,positive
7320,positive
7321,negative
7322,negative
7323,positive
7324,negative
7325,negative
7326,negative
7327,negative
7328,positive
7329,positive
7330,negative
7331,negative
7332,positive
7333,negative
7334,positive
7335,negative
7336,positive
7337,negative
7338,negative
7339,positive
7340,positive
7341,negative
7342,positive
7343,negative
7344,positive
7345,negative
7346,negative
7347,negative
7348,negative
7349,negative
7350,negative
7351,negative
7352,positive
7353,positive
7354,positive
7355,negative
7356,negative
7357,positive
7358,positive
7359,positive
7360,positive
7361,positive
7362,positive
7363,negative
7364,positive
7365,negative
7366,positive
7367,negative
7368,positive
7369,negative
7370,positive
7371,positive
7372,positive
7373,negative
7374,negative
7375,negative
7376,positive
7377,positive
7378,negative
7379,positive
7380,positive
7381,negative
7382,negative
7383,positive
7384,negative
7385,negative
7386,negative
7387,negative
7388,negative
7389,positive
7390,negative
7391,positive
7392,negative
7393,negative
7394,positive
7395,positive
7396,positive
7397,negative
7398,positive
7399,negative
7400,negative
7401,positive
7402,positive
7403,negative
7404,positive
7405,positive
7406,positive
7407,negative
7408,positive
7409,positive
7410,negative
7411,positive
7412,positive
7413,negative
7414,negative
7415,negative
7416,positive
7417,positive
7418,negative
7419,positive
7420,negative
7421,positive
7422,negative
7423,negative
7424,positive
7425,negative
7426,negative
7427,positive
7428,negative
7429,positive
7430,positive
7431,negative
7432,positive
7433,positive
7434,positive
7435,negative
7436,positive
7437,positive
7438,positive
7439,positive
7440,negative
7441,positive
7442,positive
7443,negative
7444,positive
7445,positive
7446,positive
7447,negative
7448,negative
7449,negative
7450,negative
7451,positive
7452,negative
7453,positive
7454,positive
7455,negative
7456,negative
7457,positive
7458,negative
7459,positive
7460,positive
7461,positive
7462,positive
7463,negative
7464,positive
7465,negative
7466,positive
7467,negative
7468,negative
7469,negative
7470,positive
7471,positive
7472,negative
7473,negative
7474,positive
7475,negative
7476,positive
7477,positive
7478,positive
7479,negative
7480,negative
7481,positive
7482,negative
7483,negative
7484,positive
7485,negative
7486,negative
7487,positive
7488,positive
7489,positive
7490,negative
7491,positive
7492,negative
7493,positive
7494,positive
7495,positive
7496,positive
7497,negative
7498,positive
7499,negative
7500,negative
7501,negative
7502,positive
7503,positive
7504,positive
7505,negative
7506,positive
7507,positive
7508,positive
7509,positive
7510,positive
7511,negative
7512,positive
7513,negative
7514,positive
7515,positive
7516,positive
7517,positive
7518,negative
7519,positive
7520,positive
7521,negative
7522,negative
7523,positive
7524,negative
7525,negative
7526,negative
7527,positive
7528,negative
7529,negative
7530,positive
7531,negative
7532,negative
7533,negative
7534,negative
7535,positive
7536,positive
7537,positive
7538,negative
7539,positive
7540,negative
7541,positive
7542,negative
7543,positive
7544,positive
7545,negative
7546,positive
7547,negative
7548,negative
7549,negative
7550,negative
7551,positive
7552,positive
7553,positive
7554,negative
7555,negative
7556,negative
7557,positive
7558,negative
7559,negative
7560,positive
7561,positive
7562,negative
7563,negative
7564,negative
7565,positive
7566,negative
7567,negative
7568,positive
7569,positive
7570,positive
7571,positive
7572,negative
7573,negative
7574,positive
7575,negative
7576,negative
7577,negative
7578,negative
7579,negative
7580,negative
7581,positive
7582,negative
7583,negative
7584,negative
7585,negative
7586,positive
7587,negative
7588,negative
7589,negative
7590,positive
7591,positive
7592,positive
7593,positive
7594,negative
7595,positive
7596,positive
7597,negative
7598,positive
7599,positive
7600,positive
7601,negative
7602,positive
7603,positive
7604,negative
7605,negative
7606,positive
7607,negative
7608,positive
7609,negative
7610,negative
7611,positive
7612,negative
7613,negative
7614,negative
7615,positive
7616,negative
7617,positive
7618,positive
7619,positive
7620,positive
7621,negative
7622,positive
7623,negative
7624,positive
7625,positive
7626,positive
7627,negative
7628,negative
7629,negative
7630,negative
7631,positive
7632,negative
7633,positive
7634,negative
7635,positive
7636,negative
7637,positive
7638,positive
7639,positive
7640,positive
7641,positive
7642,negative
7643,positive
7644,positive
7645,positive
7646,positive
7647,positive
7648,positive
7649,positive
7650,positive
7651,positive
7652,positive
7653,negative
7654,positive
7655,positive
7656,positive
7657,negative
7658,negative
7659,negative
7660,positive
7661,positive
7662,negative
7663,negative
7664,negative
7665,negative
7666,negative
7667,negative
7668,negative
7669,positive
7670,positive
7671,negative
7672,positive
7673,negative
7674,positive
7675,negative
7676,negative
7677,negative
7678,negative
7679,negative
7680,negative
7681,negative
7682,positive
7683,negative
7684,negative
7685,negative
7686,positive
7687,positive
7688,positive
7689,negative
7690,negative
7691,positive
7692,positive
7693,negative
7694,positive
7695,positive
7696,positive
7697,negative
7698,positive
7699,positive
7700,negative
7701,positive
7702,negative
7703,positive
7704,positive
7705,positive
7706,positive
7707,positive
7708,positive
7709,positive
7710,negative
7711,positive
7712,positive
7713,positive
7714,positive
7715,positive
7716,positive
7717,negative
7718,positive
7719,negative
7720,positive
7721,negative
7722,negative
7723,positive
7724,negative
7725,negative
7726,negative
7727,positive
7728,negative
7729,negative
7730,negative
7731,negative
7732,negative
7733,positive
7734,negative
7735,negative
7736,negative
7737,positive
7738,negative
7739,positive
7740,negative
7741,negative
7742,negative
7743,negative
7744,negative
7745,negative
7746,negative
7747,negative
7748,positive
7749,negative
7750,positive
7751,negative
7752,positive
7753,negative
7754,positive
7755,positive
7756,negative
7757,negative
7758,positive
7759,negative
7760,positive
7761,positive
7762,positive
7763,positive
7764,positive
7765,positive
7766,positive
7767,positive
7768,negative
7769,positive
7770,negative
7771,positive
7772,negative
7773,positive
7774,negative
7775,positive
7776,negative
7777,positive
7778,negative
7779,positive
7780,negative
7781,positive
7782,positive
7783,negative
7784,positive
7785,positive
7786,positive
7787,positive
7788,positive
7789,positive
7790,positive
7791,negative
7792,negative
7793,positive
7794,positive
7795,positive
7796,positive
7797,positive
7798,positive
7799,negative
7800,positive
7801,negative
7802,positive
7803,negative
7804,positive
7805,negative
7806,positive
7807,positive
7808,positive
7809,negative
7810,negative
7811,negative
7812,negative
7813,positive
7814,negative
7815,positive
7816,positive
7817,positive
7818,positive
7819,negative
7820,positive
7821,negative
7822,negative
7823,negative
7824,positive
7825,positive
7826,negative
7827,positive
7828,negative
7829,positive
7830,negative
7831,negative
7832,negative
7833,negative
7834,positive
7835,negative
7836,positive
7837,negative
7838,positive
7839,negative
7840,negative
7841,positive
7842,positive
7843,positive
7844,negative
7845,negative
7846,negative
7847,negative
7848,negative
7849,positive
7850,negative
7851,negative
7852,positive
7853,positive
7854,positive
7855,negative
7856,positive
7857,negative
7858,positive
7859,positive
7860,negative
7861,negative
7862,positive
7863,negative
7864,positive
7865,positive
7866,negative
7867,positive
7868,positive
7869,positive
7870,positive
7871,positive
7872,positive
7873,positive
7874,positive
7875,positive
7876,negative
7877,negative
7878,negative
7879,positive
7880,negative
7881,negative
7882,negative
7883,negative
7884,negative
7885,negative
7886,positive
7887,positive
7888,negative
7889,negative
7890,positive
7891,positive
7892,negative
7893,negative
7894,positive
7895,negative
7896,positive
7897,positive
7898,negative
7899,positive
7900,positive
7901,negative
7902,positive
7903,positive
7904,negative
7905,negative
7906,positive
7907,negative
7908,negative
7909,negative
7910,positive
7911,negative
7912,positive
7913,positive
7914,positive
7915,positive
7916,positive
7917,positive
7918,positive
7919,positive
7920,positive
7921,negative
7922,negative
7923,positive
7924,negative
7925,negative
7926,positive
7927,negative
7928,positive
7929,negative
7930,positive
7931,negative
7932,positive
7933,positive
7934,negative
7935,positive
7936,negative
7937,positive
7938,negative
7939,positive
7940,negative
7941,positive
7942,negative
7943,positive
7944,negative
7945,positive
7946,positive
7947,negative
7948,negative
7949,positive
7950,negative
7951,negative
7952,negative
7953,negative
7954,negative
7955,positive
7956,positive
7957,negative
7958,negative
7959,positive
7960,negative
7961,positive
7962,negative
7963,negative
7964,positive
7965,positive
7966,positive
7967,negative
7968,positive
7969,positive
7970,negative
7971,negative
7972,negative
7973,positive
7974,positive
7975,negative
7976,positive
7977,negative
7978,positive
7979,positive
7980,negative
7981,negative
7982,negative
7983,positive
7984,positive
7985,negative
7986,positive
7987,negative
7988,negative
7989,negative
7990,negative
7991,negative
7992,positive
7993,positive
7994,positive
7995,positive
7996,negative
7997,negative
7998,positive
7999,negative
8000,positive
8001,positive
8002,negative
8003,negative
8004,positive
8005,positive
8006,positive
8007,positive
8008,negative
8009,positive
8010,negative
8011,positive
8012,negative
8013,positive
8014,positive
8015,negative
8016,positive
8017,negative
8018,positive
8019,negative
8020,positive
8021,positive
8022,negative
8023,positive
8024,positive
8025,positive
8026,positive
8027,positive
8028,positive
8029,positive
8030,negative
8031,positive
8032,negative
8033,positive
8034,positive
8035,positive
8036,positive
8037,positive
8038,positive
8039,negative
8040,positive
8041,negative
8042,positive
8043,positive
8044,negative
8045,negative
8046,positive
8047,positive
8048,negative
8049,negative
8050,negative
8051,negative
8052,negative
8053,negative
8054,negative
8055,positive
8056,positive
8057,positive
8058,positive
8059,positive
8060,positive
8061,negative
8062,positive
8063,negative
8064,positive
8065,positive
8066,positive
8067,negative
8068,positive
8069,positive
8070,positive
8071,positive
8072,negative
8073,negative
8074,negative
8075,positive
8076,negative
8077,positive
8078,positive
8079,negative
8080,negative
8081,positive
8082,positive
8083,negative
8084,negative
8085,negative
8086,positive
8087,negative
8088,positive
8089,negative
8090,negative
8091,negative
8092,positive
8093,positive
8094,positive
8095,positive
8096,negative
8097,positive
8098,positive
8099,negative
8100,negative
8101,negative
8102,positive
8103,positive
8104,positive
8105,negative
8106,positive
8107,negative
8108,negative
8109,negative
8110,negative
8111,positive
8112,negative
8113,positive
8114,positive
8115,negative
8116,negative
8117,positive
8118,negative
8119,negative
8120,positive
8121,negative
8122,positive
8123,negative
8124,positive
8125,positive
8126,negative
8127,positive
8128,negative
8129,negative
8130,negative
8131,positive
8132,positive
8133,positive
8134,positive
8135,negative
8136,negative
8137,negative
8138,negative
8139,positive
8140,positive
8141,positive
8142,positive
8143,negative
8144,negative
8145,negative
8146,negative
8147,negative
8148,negative
8149,negative
8150,positive
8151,positive
8152,positive
8153,positive
8154,positive
8155,negative
8156,positive
8157,positive
8158,positive
8159,negative
8160,negative
8161,negative
8162,negative
8163,negative
8164,negative
8165,negative
8166,positive
8167,negative
8168,negative
8169,positive
8170,positive
8171,positive
8172,positive
8173,positive
8174,negative
8175,positive
8176,negative
8177,negative
8178,negative
8179,negative
8180,positive
8181,negative
8182,negative
8183,positive
8184,positive
8185,negative
8186,negative
8187,negative
8188,negative
8189,positive
8190,negative
8191,negative
8192,positive
8193,positive
8194,positive
8195,negative
8196,positive
8197,positive
8198,positive
8199,negative
8200,negative
8201,positive
8202,positive
8203,positive
8204,positive
8205,positive
8206,negative
8207,positive
8208,negative
8209,positive
8210,negative
8211,negative
8212,negative
8213,positive
8214,negative
8215,positive
8216,positive
8217,negative
8218,negative
8219,negative
8220,positive
8221,positive
8222,positive
8223,positive
8224,positive
8225,negative
8226,positive
8227,positive
8228,negative
8229,negative
8230,negative
8231,positive
8232,positive
8233,negative
8234,positive
8235,positive
8236,negative
8237,positive
8238,negative
8239,positive
8240,positive
8241,positive
8242,positive
8243,negative
8244,negative
8245,positive
8246,positive
8247,positive
8248,positive
8249,negative
8250,positive
8251,positive
8252,negative
8253,negative
8254,negative
8255,positive
8256,negative
8257,negative
8258,positive
8259,negative
8260,negative
8261,positive
8262,negative
8263,positive
8264,negative
8265,positive
8266,positive
8267,negative
8268,positive
8269,negative
8270,positive
8271,negative
8272,positive
8273,positive
8274,positive
8275,positive
8276,positive
8277,negative
8278,positive
8279,negative
8280,positive
8281,negative
8282,positive
8283,negative
8284,positive
8285,positive
8286,positive
8287,negative
8288,positive
8289,negative
8290,positive
8291,negative
8292,positive
8293,positive
8294,positive
8295,positive
8296,positive
8297,negative
8298,positive
8299,positive
8300,negative
8301,positive
8302,negative
8303,negative
8304,positive
8305,negative
8306,positive
8307,negative
8308,positive
8309,negative
8310,negative
8311,negative
8312,positive
8313,negative
8314,positive
8315,positive
8316,negative
8317,positive
8318,positive
8319,positive
8320,positive
8321,positive
8322,positive
8323,positive
8324,positive
8325,negative
8326,positive
8327,positive
8328,positive
8329,negative
8330,negative
8331,positive
8332,negative
8333,negative
8334,negative
8335,positive
8336,positive
8337,positive
8338,negative
8339,positive
8340,positive
8341,negative
8342,positive
8343,negative
8344,positive
8345,negative
8346,negative
8347,positive
8348,positive
8349,negative
8350,negative
8351,negative
8352,positive
8353,positive
8354,negative
8355,positive
8356,positive
8357,negative
8358,positive
8359,positive
8360,positive
8361,positive
8362,negative
8363,positive
8364,positive
8365,negative
8366,positive
8367,negative
8368,negative
8369,positive
8370,negative
8371,negative
8372,negative
8373,negative
8374,negative
8375,positive
8376,negative
8377,negative
8378,negative
8379,positive
8380,positive
8381,positive
8382,negative
8383,positive
8384,negative
8385,negative
8386,positive
8387,positive
8388,negative
8389,positive
8390,positive
8391,negative
8392,positive
8393,positive
8394,positive
8395,positive
8396,positive
8397,positive
8398,negative
8399,positive
8400,negative
8401,positive
8402,positive
8403,negative
8404,positive
8405,positive
8406,positive
8407,negative
8408,positive
8409,negative
8410,positive
8411,negative
8412,negative
8413,positive
8414,positive
8415,negative
8416,positive
8417,positive
8418,negative
8419,negative
8420,positive
8421,positive
8422,negative
8423,negative
8424,positive
8425,negative
8426,negative
8427,negative
8428,negative
8429,positive
8430,positive
8431,positive
8432,positive
8433,positive
8434,positive
8435,positive
8436,positive
8437,negative
8438,negative
8439,negative
8440,negative
8441,negative
8442,negative
8443,negative
8444,positive
8445,positive
8446,positive
8447,positive
8448,negative
8449,negative
8450,negative
8451,negative
8452,negative
8453,positive
8454,negative
8455,positive
8456,negative
8457,negative
8458,negative
8459,negative
8460,negative
8461,positive
8462,positive
8463,negative
8464,negative
8465,positive
8466,positive
8467,positive
8468,positive
8469,positive
8470,negative
8471,positive
8472,negative
8473,negative
8474,positive
8475,positive
8476,negative
8477,positive
8478,negative
8479,positive
8480,positive
8481,positive
8482,positive
8483,positive
8484,negative
8485,positive
8486,positive
8487,positive
8488,positive
8489,negative
8490,negative
8491,negative
8492,positive
8493,positive
8494,negative
8495,positive
8496,positive
8497,positive
8498,positive
8499,positive
8500,negative
8501,negative
8502,positive
8503,positive
8504,negative
8505,positive
8506,negative
8507,negative
8508,negative
8509,positive
8510,positive
8511,negative
8512,positive
8513,positive
8514,negative
8515,positive
8516,positive
8517,negative
8518,negative
8519,negative
8520,negative
8521,negative
8522,negative
8523,negative
8524,negative
8525,negative
8526,positive
8527,negative
8528,negative
8529,positive
8530,positive
8531,positive
8532,negative
8533,positive
8534,positive
8535,negative
8536,positive
8537,positive
8538,positive
8539,negative
8540,negative
8541,negative
8542,positive
8543,negative
8544,negative
8545,negative
8546,negative
8547,negative
8548,negative
8549,negative
8550,negative
8551,positive
8552,positive
8553,positive
8554,negative
8555,positive
8556,negative
8557,negative
8558,negative
8559,negative
8560,positive
8561,negative
8562,positive
8563,negative
8564,positive
8565,positive
8566,negative
8567,positive
8568,positive
8569,positive
8570,negative
8571,negative
8572,positive
8573,positive
8574,negative
8575,positive
8576,positive
8577,positive
8578,negative
8579,negative
8580,negative
8581,positive
8582,negative
8583,positive
8584,negative
8585,positive
8586,negative
8587,positive
8588,positive
8589,negative
8590,positive
8591,positive
8592,positive
8593,positive
8594,positive
8595,negative
8596,negative
8597,negative
8598,negative
8599,positive
8600,positive
8601,positive
8602,negative
8603,negative
8604,positive
8605,negative
8606,negative
8607,negative
8608,positive
8609,positive
8610,positive
8611,positive
8612,positive
8613,negative
8614,positive
8615,positive
8616,positive
8617,negative
8618,positive
8619,positive
8620,positive
8621,positive
8622,negative
8623,positive
8624,negative
8625,positive
8626,negative
8627,negative
8628,positive
8629,positive
8630,negative
8631,positive
8632,positive
8633,negative
8634,negative
8635,positive
8636,positive
8637,negative
8638,positive
8639,positive
8640,negative
8641,positive
8642,positive
8643,negative
8644,negative
8645,negative
8646,negative
8647,positive
8648,negative
8649,positive
8650,negative
8651,positive
8652,positive
8653,positive
8654,positive
8655,negative
8656,negative
8657,positive
8658,negative
8659,positive
8660,positive
8661,negative
8662,negative
8663,negative
8664,negative
8665,positive
8666,positive
8667,positive
8668,negative
8669,positive
8670,positive
8671,positive
8672,positive
8673,positive
8674,negative
8675,negative
8676,positive
8677,positive
8678,negative
8679,positive
8680,negative
8681,negative
8682,positive
8683,positive
8684,negative
8685,negative
8686,positive
8687,positive
8688,positive
8689,negative
8690,negative
8691,positive
8692,negative
8693,positive
8694,negative
8695,positive
8696,positive
8697,negative
8698,negative
8699,positive
8700,negative
8701,positive
8702,positive
8703,negative
8704,negative
8705,negative
8706,negative
8707,negative
8708,negative
8709,negative
8710,negative
8711,negative
8712,negative
8713,positive
8714,negative
8715,positive
8716,negative
8717,positive
8718,negative
8719,negative
8720,negative
8721,positive
8722,negative
8723,negative
8724,negative
8725,positive
8726,positive
8727,negative
8728,negative
8729,positive
8730,negative
8731,negative
8732,positive
8733,negative
8734,positive
8735,negative
8736,positive
8737,negative
8738,negative
8739,positive
8740,negative
8741,positive
8742,positive
8743,positive
8744,negative
8745,positive
8746,negative
8747,positive
8748,negative
8749,positive
8750,positive
8751,negative
8752,positive
8753,negative
8754,negative
8755,positive
8756,positive
8757,negative
8758,negative
8759,positive
8760,negative
8761,positive
8762,positive
8763,negative
8764,negative
8765,positive
8766,positive
8767,positive
8768,negative
8769,positive
8770,positive
8771,positive
8772,negative
8773,positive
8774,positive
8775,negative
8776,negative
8777,negative
8778,negative
8779,positive
8780,negative
8781,positive
8782,negative
8783,positive
8784,negative
8785,negative
8786,positive
8787,positive
8788,positive
8789,positive
8790,negative
8791,positive
8792,positive
8793,positive
8794,positive
8795,positive
8796,positive
8797,positive
8798,positive
8799,positive
8800,negative
8801,positive
8802,negative
8803,negative
8804,negative
8805,negative
8806,negative
8807,negative
8808,positive
8809,positive
8810,positive
8811,positive
8812,positive
8813,positive
8814,negative
8815,negative
8816,positive
8817,negative
8818,negative
8819,positive
8820,negative
8821,positive
8822,positive
8823,negative
8824,negative
8825,positive
8826,negative
8827,negative
8828,negative
8829,positive
8830,negative
8831,negative
8832,positive
8833,positive
8834,positive
8835,positive
8836,positive
8837,positive
8838,positive
8839,negative
8840,positive
8841,negative
8842,positive
8843,negative
8844,positive
8845,positive
8846,positive
8847,negative
8848,positive
8849,negative
8850,positive
8851,positive
8852,negative
8853,negative
8854,negative
8855,positive
8856,positive
8857,negative
8858,positive
8859,positive
8860,positive
8861,negative
8862,negative
8863,positive
8864,negative
8865,negative
8866,negative
8867,positive
8868,positive
8869,negative
8870,negative
8871,positive
8872,positive
8873,negative
8874,positive
8875,positive
8876,positive
8877,negative
8878,negative
8879,negative
8880,negative
8881,positive
8882,positive
8883,negative
8884,positive
8885,positive
8886,negative
8887,positive
8888,positive
8889,negative
8890,positive
8891,positive
8892,negative
8893,negative
8894,negative
8895,positive
8896,negative
8897,negative
8898,negative
8899,positive
8900,negative
8901,positive
8902,negative
8903,positive
8904,negative
8905,positive
8906,negative
8907,negative
8908,negative
8909,positive
8910,positive
8911,positive
8912,positive
8913,negative
8914,positive
8915,positive
8916,negative
8917,negative
8918,negative
8919,negative
8920,positive
8921,negative
8922,positive
8923,negative
8924,negative
8925,positive
8926,positive
8927,negative
8928,positive
8929,positive
8930,positive
8931,positive
8932,positive
8933,positive
8934,negative
8935,negative
8936,positive
8937,negative
8938,negative
8939,positive
8940,negative
8941,positive
8942,positive
8943,positive
8944,positive
8945,negative
8946,positive
8947,negative
8948,negative
8949,negative
8950,negative
8951,negative
8952,positive
8953,negative
8954,negative
8955,positive
8956,positive
8957,positive
8958,negative
8959,negative
8960,positive
8961,negative
8962,positive
8963,negative
8964,positive
8965,positive
8966,negative
8967,negative
8968,negative
8969,negative
8970,positive
8971,positive
8972,negative
8973,positive
8974,negative
8975,negative
8976,negative
8977,negative
8978,positive
8979,negative
8980,negative
8981,positive
8982,positive
8983,positive
8984,positive
8985,positive
8986,positive
8987,negative
8988,negative
8989,negative
8990,positive
8991,negative
8992,negative
8993,positive
8994,negative
8995,negative
8996,positive
8997,negative
8998,positive
8999,positive
9000,positive
9001,positive
9002,positive
9003,negative
9004,negative
9005,negative
9006,positive
9007,positive
9008,positive
9009,positive
9010,negative
9011,negative
9012,negative
9013,negative
9014,negative
9015,positive
9016,negative
9017,negative
9018,negative
9019,positive
9020,negative
9021,positive
9022,positive
9023,positive
9024,positive
9025,positive
9026,positive
9027,positive
9028,positive
9029,positive
9030,negative
9031,negative
9032,positive
9033,negative
9034,positive
9035,negative
9036,positive
9037,negative
9038,negative
9039,positive
9040,negative
9041,negative
9042,negative
9043,positive
9044,negative
9045,positive
9046,negative
9047,negative
9048,positive
9049,positive
9050,positive
9051,positive
9052,positive
9053,negative
9054,negative
9055,negative
9056,negative
9057,positive
9058,negative
9059,negative
9060,negative
9061,positive
9062,positive
9063,negative
9064,positive
9065,positive
9066,positive
9067,positive
9068,negative
9069,positive
9070,positive
9071,positive
9072,positive
9073,negative
9074,positive
9075,positive
9076,negative
9077,negative
9078,positive
9079,positive
9080,negative
9081,negative
9082,positive
9083,positive
9084,positive
9085,positive
9086,negative
9087,positive
9088,negative
9089,negative
9090,positive
9091,positive
9092,negative
9093,negative
9094,negative
9095,positive
9096,positive
9097,negative
9098,positive
9099,negative
9100,negative
9101,positive
9102,positive
9103,negative
9104,negative
9105,negative
9106,negative
9107,positive
9108,positive
9109,positive
9110,positive
9111,positive
9112,negative
9113,negative
9114,positive
9115,positive
9116,negative
9117,negative
9118,positive
9119,negative
9120,positive
9121,positive
9122,positive
9123,negative
9124,negative
9125,positive
9126,positive
9127,positive
9128,positive
9129,positive
9130,positive
9131,positive
9132,negative
9133,positive
9134,positive
9135,positive
9136,positive
9137,positive
9138,positive
9139,negative
9140,positive
9141,positive
9142,negative
9143,positive
9144,positive
9145,negative
9146,negative
9147,positive
9148,positive
9149,negative
9150,positive
9151,positive
9152,positive
9153,positive
9154,positive
9155,positive
9156,negative
9157,positive
9158,positive
9159,positive
9160,negative
9161,positive
9162,positive
9163,negative
9164,positive
9165,negative
9166,negative
9167,negative
9168,positive
9169,positive
9170,negative
9171,positive
9172,positive
9173,negative
9174,positive
9175,positive
9176,positive
9177,negative
9178,negative
9179,positive
9180,negative
9181,negative
9182,positive
9183,negative
9184,positive
9185,positive
9186,positive
9187,positive
9188,positive
9189,positive
9190,positive
9191,positive
9192,negative
9193,negative
9194,negative
9195,positive
9196,negative
9197,negative
9198,positive
9199,positive
9200,positive
9201,negative
9202,positive
9203,negative
9204,positive
9205,positive
9206,negative
9207,negative
9208,negative
9209,positive
9210,negative
9211,positive
9212,positive
9213,negative
9214,positive
9215,negative
9216,positive
9217,positive
9218,positive
9219,negative
9220,negative
9221,positive
9222,positive
9223,positive
9224,negative
9225,negative
9226,positive
9227,negative
9228,negative
9229,negative
9230,negative
9231,negative
9232,positive
9233,positive
9234,negative
9235,positive
9236,positive
9237,positive
9238,negative
9239,positive
9240,positive
9241,positive
9242,positive
9243,positive
9244,positive
9245,positive
9246,negative
9247,negative
9248,positive
9249,positive
9250,positive
9251,negative
9252,positive
9253,positive
9254,negative
9255,negative
9256,positive
9257,negative
9258,negative
9259,negative
9260,negative
9261,negative
9262,negative
9263,positive
9264,positive
9265,positive
9266,positive
9267,negative
9268,negative
9269,negative
9270,negative
9271,negative
9272,positive
9273,positive
9274,positive
9275,negative
9276,negative
9277,negative
9278,positive
9279,negative
9280,negative
9281,negative
9282,positive
9283,positive
9284,positive
9285,positive
9286,negative
9287,negative
9288,positive
9289,negative
9290,positive
9291,positive
9292,negative
9293,positive
9294,negative
9295,positive
9296,negative
9297,positive
9298,negative
9299,negative
9300,positive
9301,negative
9302,positive
9303,positive
9304,negative
9305,negative
9306,positive
9307,positive
9308,positive
9309,positive
9310,positive
9311,negative
9312,negative
9313,negative
9314,negative
9315,negative
9316,negative
9317,positive
9318,negative
9319,positive
9320,negative
9321,negative
9322,positive
9323,positive
9324,positive
9325,negative
9326,negative
9327,positive
9328,positive
9329,negative
9330,positive
9331,negative
9332,positive
9333,negative
9334,positive
9335,negative
9336,negative
9337,positive
9338,positive
9339,negative
9340,negative
9341,negative
9342,positive
9343,negative
9344,negative
9345,positive
9346,positive
9347,positive
9348,negative
9349,positive
9350,positive
9351,negative
9352,negative
9353,positive
9354,positive
9355,positive
9356,positive
9357,positive
9358,positive
9359,negative
9360,positive
9361,positive
9362,negative
9363,positive
9364,negative
9365,negative
9366,positive
9367,positive
9368,positive
9369,positive
9370,positive
9371,negative
9372,negative
9373,negative
9374,positive
9375,positive
9376,positive
9377,negative
9378,positive
9379,negative
9380,negative
9381,positive
9382,positive
9383,positive
9384,negative
9385,negative
9386,positive
9387,positive
9388,negative
9389,negative
9390,negative
9391,positive
9392,positive
9393,negative
9394,positive
9395,negative
9396,negative
9397,positive
9398,positive
9399,negative
9400,positive
9401,negative
9402,positive
9403,positive
9404,negative
9405,negative
9406,positive
9407,negative
9408,positive
9409,positive
9410,positive
9411,positive
9412,negative
9413,negative
9414,negative
9415,negative
9416,positive
9417,positive
9418,negative
9419,negative
9420,positive
9421,negative
9422,positive
9423,positive
9424,negative
9425,negative
9426,positive
9427,positive
9428,negative
9429,positive
9430,negative
9431,positive
9432,negative
9433,positive
9434,positive
9435,negative
9436,negative
9437,negative
9438,positive
9439,positive
9440,positive
9441,negative
9442,positive
9443,negative
9444,positive
9445,positive
9446,positive
9447,negative
9448,positive
9449,positive
9450,positive
9451,negative
9452,negative
9453,positive
9454,negative
9455,negative
9456,negative
9457,negative
9458,negative
9459,negative
9460,positive
9461,negative
9462,negative
9463,positive
9464,positive
9465,positive
9466,negative
9467,positive
9468,negative
9469,positive
9470,negative
9471,positive
9472,positive
9473,positive
9474,positive
9475,positive
9476,positive
9477,positive
9478,positive
9479,positive
9480,negative
9481,positive
9482,positive
9483,positive
9484,positive
9485,negative
9486,positive
9487,negative
9488,negative
9489,negative
9490,positive
9491,negative
9492,positive
9493,negative
9494,positive
9495,positive
9496,positive
9497,negative
9498,negative
9499,negative
9500,negative
9501,negative
9502,positive
9503,positive
9504,negative
9505,positive
9506,positive
9507,negative
9508,positive
9509,positive
9510,positive
9511,positive
9512,positive
9513,positive
9514,positive
9515,negative
9516,positive
9517,negative
9518,negative
9519,negative
9520,positive
9521,negative
9522,positive
9523,negative
9524,positive
9525,positive
9526,positive
9527,negative
9528,positive
9529,positive
9530,positive
9531,negative
9532,negative
9533,negative
9534,negative
9535,negative
9536,negative
9537,negative
9538,negative
9539,negative
9540,negative
9541,positive
9542,positive
9543,negative
9544,positive
9545,positive
9546,positive
9547,positive
9548,positive
9549,negative
9550,negative
9551,positive
9552,negative
9553,negative
9554,negative
9555,negative
9556,positive
9557,positive
9558,positive
9559,negative
9560,positive
9561,positive
9562,positive
9563,positive
9564,positive
9565,positive
9566,positive
9567,negative
9568,positive
9569,positive
9570,negative
9571,positive
9572,positive
9573,negative
9574,negative
9575,negative
9576,positive
9577,positive
9578,negative
9579,negative
9580,negative
9581,negative
9582,negative
9583,negative
9584,negative
9585,negative
9586,negative
9587,negative
9588,negative
9589,positive
9590,negative
9591,positive
9592,negative
9593,negative
9594,positive
9595,negative
9596,positive
9597,negative
9598,positive
9599,positive
9600,negative
9601,negative
9602,negative
9603,positive
9604,negative
9605,negative
9606,negative
9607,positive
9608,positive
9609,positive
9610,positive
9611,negative
9612,negative
9613,negative
9614,negative
9615,negative
9616,negative
9617,positive
9618,negative
9619,negative
9620,positive
9621,positive
9622,negative
9623,positive
9624,negative
9625,negative
9626,positive
9627,negative
9628,negative
9629,negative
9630,positive
9631,positive
9632,positive
9633,negative
9634,negative
9635,negative
9636,positive
9637,negative
9638,negative
9639,negative
9640,positive
9641,negative
9642,negative
9643,positive
9644,positive
9645,negative
9646,positive
9647,positive
9648,positive
9649,negative
9650,positive
9651,negative
9652,positive
9653,negative
9654,negative
9655,negative
9656,positive
9657,positive
9658,positive
9659,negative
9660,negative
9661,negative
9662,positive
9663,positive
9664,negative
9665,negative
9666,negative
9667,positive
9668,positive
9669,positive
9670,positive
9671,negative
9672,positive
9673,positive
9674,positive
9675,negative
9676,positive
9677,positive
9678,negative
9679,negative
9680,positive
9681,positive
9682,positive
9683,positive
9684,positive
9685,negative
9686,negative
9687,positive
9688,negative
9689,negative
9690,positive
9691,negative
9692,positive
9693,positive
9694,positive
9695,negative
9696,positive
9697,positive
9698,positive
9699,negative
9700,positive
9701,negative
9702,positive
9703,negative
9704,positive
9705,positive
9706,positive
9707,positive
9708,negative
9709,positive
9710,negative
9711,negative
9712,negative
9713,negative
9714,positive
9715,negative
9716,positive
9717,positive
9718,negative
9719,negative
9720,negative
9721,negative
9722,positive
9723,positive
9724,positive
9725,positive
9726,negative
9727,negative
9728,negative
9729,positive
9730,positive
9731,positive
9732,negative
9733,positive
9734,negative
9735,positive
9736,positive
9737,positive
9738,negative
9739,negative
9740,positive
9741,positive
9742,positive
9743,negative
9744,negative
9745,positive
9746,positive
9747,negative
9748,positive
9749,positive
9750,positive
9751,positive
9752,negative
9753,positive
9754,positive
9755,positive
9756,negative
9757,negative
9758,positive
9759,negative
9760,negative
9761,positive
9762,negative
9763,positive
9764,positive
9765,positive
9766,positive
9767,negative
9768,negative
9769,positive
9770,positive
9771,positive
9772,negative
9773,negative
9774,positive
9775,positive
9776,negative
9777,negative
9778,negative
9779,positive
9780,positive
9781,positive
9782,positive
9783,negative
9784,negative
9785,positive
9786,positive
9787,positive
9788,negative
9789,negative
9790,positive
9791,negative
9792,positive
9793,positive
9794,positive
9795,positive
9796,negative
9797,positive
9798,positive
9799,negative
9800,positive
9801,negative
9802,negative
9803,negative
9804,positive
9805,negative
9806,negative
9807,positive
9808,positive
9809,positive
9810,positive
9811,positive
9812,positive
9813,positive
9814,positive
9815,positive
9816,negative
9817,negative
9818,positive
9819,positive
9820,positive
9821,positive
9822,positive
9823,negative
9824,positive
9825,positive
9826,positive
9827,negative
9828,negative
9829,positive
9830,negative
9831,positive
9832,negative
9833,positive
9834,negative
9835,positive
9836,negative
9837,negative
9838,positive
9839,negative
9840,negative
9841,negative
9842,positive
9843,positive
9844,negative
9845,negative
9846,negative
9847,negative
9848,positive
9849,positive
9850,negative
9851,positive
9852,positive
9853,negative
9854,negative
9855,positive
9856,negative
9857,negative
9858,negative
9859,positive
9860,positive
9861,negative
9862,positive
9863,positive
9864,positive
9865,negative
9866,negative
9867,negative
9868,positive
9869,negative
9870,positive
9871,negative
9872,negative
9873,positive
9874,negative
9875,negative
9876,negative
9877,negative
9878,negative
9879,negative
9880,negative
9881,negative
9882,negative
9883,positive
9884,positive
9885,positive
9886,negative
9887,negative
9888,negative
9889,positive
9890,negative
9891,positive
9892,positive
9893,negative
9894,negative
9895,positive
9896,negative
9897,positive
9898,positive
9899,negative
9900,negative
9901,negative
9902,positive
9903,negative
9904,negative
9905,negative
9906,positive
9907,positive
9908,positive
9909,positive
9910,positive
9911,negative
9912,positive
9913,negative
9914,negative
9915,positive
9916,positive
9917,positive
9918,negative
9919,negative
9920,positive
9921,negative
9922,positive
9923,negative
9924,positive
9925,positive
9926,positive
9927,positive
9928,negative
9929,positive
9930,positive
9931,positive
9932,negative
9933,negative
9934,negative
9935,negative
9936,negative
9937,negative
9938,negative
9939,positive
9940,negative
9941,negative
9942,positive
9943,negative
9944,negative
9945,negative
9946,negative
9947,negative
9948,negative
9949,negative
9950,negative
9951,negative
9952,negative
9953,positive
9954,negative
9955,positive
9956,negative
9957,positive
9958,positive
9959,positive
9960,negative
9961,negative
9962,negative
9963,negative
9964,negative
9965,positive
9966,positive
9967,positive
9968,negative
9969,positive
9970,positive
9971,negative
9972,positive
9973,positive
9974,positive
9975,positive
9976,positive
9977,positive
9978,positive
9979,positive
9980,positive
9981,negative
9982,positive
9983,negative
9984,positive
9985,negative
9986,positive
9987,positive
9988,positive
9989,positive
9990,positive
9991,negative
9992,negative
9993,positive
9994,positive
9995,negative
9996,positive
9997,positive
9998,positive
9999,positive
10000,negative
10001,positive
10002,positive
10003,negative
10004,negative
10005,negative
10006,positive
10007,positive
10008,positive
10009,negative
10010,positive
10011,positive
10012,negative
10013,positive
10014,negative
10015,positive
10016,positive
10017,negative
10018,negative
10019,positive
10020,positive
10021,positive
10022,positive
10023,positive
10024,negative
10025,negative
10026,positive
10027,positive
10028,negative
10029,positive
10030,positive
10031,positive
10032,negative
10033,positive
10034,negative
10035,positive
10036,negative
10037,negative
10038,negative
10039,positive
10040,negative
10041,positive
10042,positive
10043,positive
10044,negative
10045,negative
10046,positive
10047,negative
10048,negative
10049,negative
10050,negative
10051,positive
10052,positive
10053,negative
10054,positive
10055,negative
10056,negative
10057,positive
10058,positive
10059,positive
10060,negative
10061,positive
10062,positive
10063,negative
10064,positive
10065,positive
10066,negative
10067,negative
10068,positive
10069,positive
10070,positive
10071,negative
10072,negative
10073,negative
10074,positive
10075,positive
10076,negative
10077,positive
10078,negative
10079,negative
10080,negative
10081,negative
10082,positive
10083,negative
10084,positive
10085,negative
10086,positive
10087,positive
10088,positive
10089,negative
10090,positive
10091,negative
10092,negative
10093,positive
10094,negative
10095,negative
10096,negative
10097,positive
10098,negative
10099,negative
10100,negative
10101,negative
10102,positive
10103,negative
10104,positive
10105,positive
10106,positive
10107,negative
10108,negative
10109,negative
10110,negative
10111,positive
10112,positive
10113,negative
10114,negative
10115,positive
10116,positive
10117,negative
10118,negative
10119,positive
10120,positive
10121,negative
10122,positive
10123,positive
10124,negative
10125,positive
10126,negative
10127,positive
10128,positive
10129,positive
10130,positive
10131,negative
10132,negative
10133,negative
10134,negative
10135,positive
10136,positive
10137,positive
10138,positive
10139,positive
10140,positive
10141,negative
10142,positive
10143,negative
10144,negative
10145,positive
10146,negative
10147,positive
10148,negative
10149,negative
10150,positive
10151,negative
10152,positive
10153,negative
10154,positive
10155,positive
10156,negative
10157,negative
10158,negative
10159,positive
10160,positive
10161,negative
10162,negative
10163,positive
10164,negative
10165,negative
10166,positive
10167,negative
10168,positive
10169,positive
10170,negative
10171,negative
10172,negative
10173,positive
10174,positive
10175,negative
10176,positive
10177,negative
10178,negative
10179,positive
10180,negative
10181,positive
10182,positive
10183,positive
10184,positive
10185,positive
10186,positive
10187,negative
10188,positive
10189,positive
10190,positive
10191,positive
10192,negative
10193,negative
10194,negative
10195,positive
10196,positive
10197,negative
10198,positive
10199,positive
10200,negative
10201,positive
10202,negative
10203,negative
10204,positive
10205,negative
10206,negative
10207,negative
10208,negative
10209,positive
10210,positive
10211,negative
10212,negative
10213,negative
10214,negative
10215,negative
10216,negative
10217,negative
10218,negative
10219,positive
10220,positive
10221,positive
10222,negative
10223,positive
10224,negative
10225,positive
10226,positive
10227,negative
10228,positive
10229,positive
10230,positive
10231,positive
10232,positive
10233,positive
10234,negative
10235,positive
10236,positive
10237,negative
10238,positive
10239,positive
10240,negative
10241,positive
10242,negative
10243,negative
10244,negative
10245,positive
10246,positive
10247,positive
10248,negative
10249,negative
10250,positive
10251,negative
10252,negative
10253,positive
10254,positive
10255,negative
10256,positive
10257,negative
10258,positive
10259,positive
10260,negative
10261,negative
10262,positive
10263,positive
10264,negative
10265,positive
10266,negative
10267,positive
10268,positive
10269,negative
10270,positive
10271,positive
10272,negative
10273,positive
10274,negative
10275,negative
10276,positive
10277,positive
10278,positive
10279,positive
10280,positive
10281,negative
10282,positive
10283,positive
10284,positive
10285,positive
10286,positive
10287,negative
10288,negative
10289,negative
10290,negative
10291,negative
10292,negative
10293,negative
10294,negative
10295,positive
10296,negative
10297,positive
10298,positive
10299,negative
10300,negative
10301,positive
10302,positive
10303,positive
10304,negative
10305,positive
10306,positive
10307,positive
10308,negative
10309,positive
10310,negative
10311,positive
10312,negative
10313,positive
10314,positive
10315,positive
10316,negative
10317,positive
10318,positive
10319,positive
10320,negative
10321,negative
10322,positive
10323,negative
10324,negative
10325,positive
10326,positive
10327,positive
10328,positive
10329,positive
10330,negative
10331,positive
10332,negative
10333,positive
10334,negative
10335,positive
10336,negative
10337,negative
10338,negative
10339,positive
10340,positive
10341,negative
10342,positive
10343,positive
10344,positive
10345,negative
10346,positive
10347,negative
10348,negative
10349,positive
10350,negative
10351,positive
10352,negative
10353,positive
10354,negative
10355,negative
10356,negative
10357,positive
10358,negative
10359,positive
10360,negative
10361,negative
10362,positive
10363,negative
10364,positive
10365,negative
10366,negative
10367,positive
10368,positive
10369,positive
10370,negative
10371,positive
10372,negative
10373,positive
10374,positive
10375,negative
10376,negative
10377,negative
10378,negative
10379,negative
10380,negative
10381,positive
10382,positive
10383,negative
10384,positive
10385,positive
10386,positive
10387,positive
10388,negative
10389,negative
10390,negative
10391,positive
10392,negative
10393,positive
10394,negative
10395,positive
10396,positive
10397,negative
10398,negative
10399,negative
10400,positive
10401,positive
10402,positive
10403,positive
10404,negative
10405,positive
10406,positive
10407,positive
10408,positive
10409,positive
10410,positive
10411,positive
10412,negative
10413,positive
10414,negative
10415,negative
10416,negative
10417,positive
10418,negative
10419,positive
10420,positive
10421,positive
10422,positive
10423,positive
10424,positive
10425,negative
10426,negative
10427,positive
10428,positive
10429,positive
10430,negative
10431,negative
10432,negative
10433,positive
10434,positive
10435,negative
10436,negative
10437,positive
10438,positive
10439,positive
10440,positive
10441,negative
10442,positive
10443,positive
10444,negative
10445,negative
10446,positive
10447,negative
10448,positive
10449,positive
10450,negative
10451,positive
10452,positive
10453,negative
10454,positive
10455,negative
10456,negative
10457,positive
10458,negative
10459,positive
10460,negative
10461,positive
10462,positive
10463,negative
10464,negative
10465,negative
10466,positive
10467,negative
10468,negative
10469,negative
10470,positive
10471,negative
10472,negative
10473,negative
10474,negative
10475,negative
10476,negative
10477,negative
10478,negative
10479,positive
10480,negative
10481,positive
10482,positive
10483,positive
10484,negative
10485,negative
10486,negative
10487,positive
10488,negative
10489,positive
10490,negative
10491,negative
10492,positive
10493,positive
10494,negative
10495,negative
10496,positive
10497,positive
10498,positive
10499,negative
10500,positive
10501,positive
10502,positive
10503,negative
10504,positive
10505,negative
10506,positive
10507,positive
10508,negative
10509,positive
10510,negative
10511,negative
10512,positive
10513,negative
10514,negative
10515,negative
10516,negative
10517,negative
10518,positive
10519,negative
10520,positive
10521,positive
10522,negative
10523,negative
10524,positive
10525,positive
10526,positive
10527,negative
10528,positive
10529,negative
10530,negative
10531,negative
10532,positive
10533,positive
10534,negative
10535,negative
10536,positive
10537,positive
10538,positive
10539,negative
10540,positive
10541,negative
10542,positive
10543,negative
10544,positive
10545,negative
10546,negative
10547,positive
10548,negative
10549,positive
10550,negative
10551,positive
10552,positive
10553,positive
10554,negative
10555,positive
10556,positive
10557,negative
10558,positive
10559,positive
10560,negative
10561,positive
10562,negative
10563,negative
10564,positive
10565,positive
10566,positive
10567,negative
10568,negative
10569,positive
10570,positive
10571,negative
10572,positive
10573,positive
10574,negative
10575,positive
10576,negative
10577,positive
10578,negative
10579,negative
10580,positive
10581,negative
10582,positive
10583,negative
10584,negative
10585,positive
10586,negative
10587,positive
10588,positive
10589,negative
10590,negative
10591,positive
10592,positive
10593,negative
10594,positive
10595,positive
10596,negative
10597,negative
10598,positive
10599,negative
10600,negative
10601,positive
10602,negative
10603,negative
10604,negative
10605,positive
10606,positive
10607,positive
10608,positive
10609,negative
10610,positive
10611,positive
10612,positive
10613,positive
10614,positive
10615,positive
10616,positive
10617,negative
10618,negative
10619,negative
10620,positive
10621,negative
10622,positive
10623,negative
10624,negative
10625,positive
10626,negative
10627,negative
10628,positive
10629,negative
10630,negative
10631,positive
10632,positive
10633,positive
10634,negative
10635,positive
10636,positive
10637,negative
10638,positive
10639,positive
10640,positive
10641,positive
10642,positive
10643,positive
10644,positive
10645,negative
10646,negative
10647,positive
10648,positive
10649,positive
10650,negative
10651,negative
10652,negative
10653,positive
10654,positive
10655,negative
10656,positive
10657,negative
10658,negative
10659,positive
10660,negative
10661,negative
10662,positive
10663,positive
10664,negative
10665,positive
10666,positive
10667,positive
10668,negative
10669,positive
10670,positive
10671,negative
10672,positive
10673,positive
10674,negative
10675,positive
10676,negative
10677,negative
10678,positive
10679,negative
10680,positive
10681,positive
10682,positive
10683,positive
10684,negative
10685,positive
10686,negative
10687,positive
10688,positive
10689,negative
10690,positive
10691,negative
10692,negative
10693,positive
10694,negative
10695,positive
10696,positive
10697,positive
10698,positive
10699,negative
10700,positive
10701,negative
10702,positive
10703,negative
10704,negative
10705,negative
10706,positive
10707,positive
10708,negative
10709,negative
10710,positive
10711,positive
10712,positive
10713,positive
10714,negative
10715,positive
10716,positive
10717,negative
10718,negative
10719,positive
10720,negative
10721,negative
10722,negative
10723,negative
10724,positive
10725,negative
10726,positive
10727,positive
10728,negative
10729,positive
10730,positive
10731,positive
10732,positive
10733,negative
10734,negative
10735,positive
10736,positive
10737,positive
10738,positive
10739,positive
10740,positive
10741,positive
10742,negative
10743,negative
10744,positive
10745,negative
10746,positive
10747,positive
10748,positive
10749,positive
10750,negative
10751,positive
10752,negative
10753,positive
10754,positive
10755,positive
10756,positive
10757,positive
10758,negative
10759,positive
10760,negative
10761,negative
10762,negative
10763,negative
10764,negative
10765,negative
10766,negative
10767,negative
10768,negative
10769,negative
10770,positive
10771,positive
10772,positive
10773,positive
10774,negative
10775,positive
10776,positive
10777,negative
10778,positive
10779,positive
10780,positive
10781,positive
10782,negative
10783,positive
10784,positive
10785,negative
10786,negative
10787,positive
10788,positive
10789,negative
10790,negative
10791,negative
10792,negative
10793,positive
10794,negative
10795,negative
10796,negative
10797,positive
10798,negative
10799,negative
10800,negative
10801,negative
10802,negative
10803,positive
10804,positive
10805,negative
10806,negative
10807,negative
10808,negative
10809,negative
10810,negative
10811,positive
10812,positive
10813,positive
10814,positive
10815,positive
10816,positive
10817,positive
10818,negative
10819,positive
10820,positive
10821,positive
10822,negative
10823,negative
10824,positive
10825,positive
10826,positive
10827,negative
10828,negative
10829,positive
10830,positive
10831,negative
10832,negative
10833,negative
10834,negative
10835,negative
10836,negative
10837,positive
10838,negative
10839,negative
10840,negative
10841,positive
10842,positive
10843,negative
10844,positive
10845,positive
10846,positive
10847,positive
10848,negative
10849,negative
10850,negative
10851,negative
10852,positive
10853,positive
10854,positive
10855,negative
10856,negative
10857,negative
10858,positive
10859,negative
10860,positive
10861,positive
10862,positive
10863,negative
10864,positive
10865,positive
10866,positive
10867,positive
10868,negative
10869,positive
10870,positive
10871,negative
10872,positive
10873,negative
10874,positive
10875,positive
10876,positive
10877,negative
10878,positive
10879,negative
10880,positive
10881,negative
10882,negative
10883,negative
10884,positive
10885,negative
10886,positive
10887,negative
10888,negative
10889,negative
10890,positive
10891,negative
10892,negative
10893,positive
10894,positive
10895,negative
10896,negative
10897,positive
10898,positive
10899,negative
10900,negative
10901,positive
10902,positive
10903,negative
10904,negative
10905,negative
10906,positive
10907,negative
10908,positive
10909,negative
10910,negative
10911,negative
10912,positive
10913,positive
10914,negative
10915,negative
10916,positive
10917,positive
10918,positive
10919,positive
10920,positive
10921,positive
10922,positive
10923,negative
10924,positive
10925,negative
10926,negative
10927,positive
10928,positive
10929,positive
10930,positive
10931,positive
10932,positive
10933,positive
10934,positive
10935,negative
10936,positive
10937,positive
10938,positive
10939,positive
10940,positive
10941,positive
10942,negative
10943,negative
10944,negative
10945,negative
10946,negative
10947,positive
10948,negative
10949,negative
10950,positive
10951,negative
10952,positive
10953,negative
10954,negative
10955,positive
10956,positive
10957,negative
10958,negative
10959,positive
10960,negative
10961,positive
10962,positive
10963,positive
10964,negative
10965,negative
10966,positive
10967,positive
10968,positive
10969,positive
10970,negative
10971,negative
10972,negative
10973,negative
10974,positive
10975,negative
10976,negative
10977,positive
10978,positive
10979,positive
10980,positive
10981,positive
10982,negative
10983,negative
10984,positive
10985,positive
10986,negative
10987,negative
10988,positive
10989,negative
10990,negative
10991,positive
10992,positive
10993,positive
10994,positive
10995,positive
10996,negative
10997,positive
10998,negative
10999,positive
11000,negative
11001,negative
11002,positive
11003,positive
11004,positive
11005,negative
11006,negative
11007,negative
11008,positive
11009,negative
11010,positive
11011,negative
11012,positive
11013,positive
11014,negative
11015,positive
11016,negative
11017,negative
11018,positive
11019,positive
11020,negative
11021,negative
11022,positive
11023,negative
11024,negative
11025,negative
11026,negative
11027,negative
11028,positive
11029,positive
11030,negative
11031,negative
11032,negative
11033,negative
11034,negative
11035,negative
11036,negative
11037,positive
11038,positive
11039,positive
11040,positive
11041,positive
11042,negative
11043,negative
11044,positive
11045,positive
11046,negative
11047,positive
11048,negative
11049,positive
11050,negative
11051,negative
11052,positive
11053,negative
11054,negative
11055,positive
11056,positive
11057,negative
11058,negative
11059,positive
11060,positive
11061,negative
11062,negative
11063,positive
11064,positive
11065,negative
11066,positive
11067,negative
11068,negative
11069,negative
11070,positive
11071,negative
11072,negative
11073,negative
11074,positive
11075,negative
11076,positive
11077,negative
11078,negative
11079,positive
11080,negative
11081,negative
11082,negative
11083,positive
11084,negative
11085,positive
11086,positive
11087,negative
11088,positive
11089,negative
11090,negative
11091,positive
11092,positive
11093,negative
11094,positive
11095,negative
11096,negative
11097,positive
11098,positive
11099,negative
11100,negative
11101,positive
11102,positive
11103,positive
11104,negative
11105,negative
11106,positive
11107,positive
11108,negative
11109,negative
11110,positive
11111,positive
11112,positive
11113,positive
11114,negative
11115,positive
11116,positive
11117,positive
11118,negative
11119,negative
11120,negative
11121,positive
11122,negative
11123,positive
11124,negative
11125,negative
11126,negative
11127,positive
11128,negative
11129,positive
11130,negative
11131,negative
11132,positive
11133,positive
11134,positive
11135,positive
11136,negative
11137,positive
11138,positive
11139,negative
11140,negative
11141,negative
11142,negative
11143,positive
11144,positive
11145,positive
11146,negative
11147,negative
11148,negative
11149,negative
11150,negative
11151,negative
11152,negative
11153,positive
11154,positive
11155,negative
11156,negative
11157,negative
11158,positive
11159,negative
11160,negative
11161,positive
11162,negative
11163,negative
11164,positive
11165,negative
11166,positive
11167,negative
11168,negative
11169,negative
11170,positive
11171,negative
11172,positive
11173,positive
11174,positive
11175,positive
11176,positive
11177,negative
11178,negative
11179,negative
11180,negative
11181,positive
11182,positive
11183,positive
11184,positive
11185,negative
11186,positive
11187,positive
11188,negative
11189,negative
11190,negative
11191,negative
11192,negative
11193,positive
11194,positive
11195,positive
11196,negative
11197,positive
11198,negative
11199,negative
11200,negative
11201,negative
11202,positive
11203,positive
11204,negative
11205,positive
11206,negative
11207,positive
11208,negative
11209,positive
11210,positive
11211,positive
11212,positive
11213,positive
11214,negative
11215,negative
11216,negative
11217,positive
11218,negative
11219,positive
11220,positive
11221,negative
11222,positive
11223,negative
11224,negative
11225,positive
11226,positive
11227,positive
11228,negative
11229,negative
11230,negative
11231,positive
11232,negative
11233,positive
11234,negative
11235,negative
11236,negative
11237,negative
11238,negative
11239,negative
11240,positive
11241,positive
11242,positive
11243,positive
11244,negative
11245,positive
11246,negative
11247,negative
11248,negative
11249,negative
11250,positive
11251,negative
11252,negative
11253,negative
11254,positive
11255,positive
11256,positive
11257,positive
11258,positive
11259,positive
11260,positive
11261,negative
11262,negative
11263,negative
11264,positive
11265,negative
11266,negative
11267,positive
11268,positive
11269,positive
11270,positive
11271,negative
11272,positive
11273,positive
11274,negative
11275,negative
11276,positive
11277,negative
11278,negative
11279,positive
11280,positive
11281,positive
11282,positive
11283,negative
11284,positive
11285,positive
11286,positive
11287,positive
11288,positive
11289,positive
11290,positive
11291,negative
11292,positive
11293,positive
11294,negative
11295,negative
11296,positive
11297,negative
11298,negative
11299,positive
11300,positive
11301,negative
11302,positive
11303,negative
11304,negative
11305,positive
11306,positive
11307,positive
11308,positive
11309,negative
11310,positive
11311,negative
11312,positive
11313,positive
11314,positive
11315,negative
11316,positive
11317,negative
11318,positive
11319,positive
11320,negative
11321,positive
11322,positive
11323,negative
11324,positive
11325,positive
11326,negative
11327,negative
11328,negative
11329,negative
11330,positive
11331,negative
11332,negative
11333,positive
11334,positive
11335,positive
11336,positive
11337,positive
11338,positive
11339,negative
11340,negative
11341,positive
11342,negative
11343,positive
11344,negative
11345,positive
11346,positive
11347,positive
11348,negative
11349,negative
11350,positive
11351,positive
11352,positive
11353,positive
11354,negative
11355,positive
11356,positive
11357,positive
11358,negative
11359,positive
11360,positive
11361,negative
11362,negative
11363,positive
11364,negative
11365,negative
11366,positive
11367,positive
11368,negative
11369,positive
11370,negative
11371,positive
11372,negative
11373,positive
11374,negative
11375,positive
11376,negative
11377,positive
11378,positive
11379,positive
11380,negative
11381,negative
11382,negative
11383,positive
11384,negative
11385,negative
11386,positive
11387,positive
11388,negative
11389,negative
11390,positive
11391,positive
11392,negative
11393,positive
11394,positive
11395,positive
11396,positive
11397,negative
11398,negative
11399,negative
11400,negative
11401,negative
11402,positive
11403,positive
11404,negative
11405,negative
11406,positive
11407,negative
11408,negative
11409,positive
11410,positive
11411,negative
11412,negative
11413,negative
11414,positive
11415,negative
11416,negative
11417,negative
11418,negative
11419,positive
11420,positive
11421,negative
11422,positive
11423,negative
11424,positive
11425,negative
11426,negative
11427,positive
11428,negative
11429,positive
11430,negative
11431,negative
11432,negative
11433,positive
11434,positive
11435,positive
11436,positive
11437,negative
11438,negative
11439,positive
11440,positive
11441,positive
11442,negative
11443,positive
11444,positive
11445,negative
11446,positive
11447,positive
11448,negative
11449,negative
11450,positive
11451,positive
11452,positive
11453,positive
11454,negative
11455,positive
11456,negative
11457,positive
11458,negative
11459,negative
11460,negative
11461,positive
11462,positive
11463,positive
11464,positive
11465,negative
11466,negative
11467,negative
11468,positive
11469,negative
11470,positive
11471,positive
11472,positive
11473,positive
11474,negative
11475,positive
11476,negative
11477,negative
11478,positive
11479,negative
11480,positive
11481,negative
11482,negative
11483,positive
11484,negative
11485,positive
11486,positive
11487,negative
11488,positive
11489,positive
11490,positive
11491,negative
11492,negative
11493,positive
11494,positive
11495,negative
11496,positive
11497,positive
11498,negative
11499,positive
11500,positive
11501,positive
11502,negative
11503,negative
11504,negative
11505,negative
11506,positive
11507,positive
11508,positive
11509,positive
11510,positive
11511,positive
11512,negative
11513,positive
11514,negative
11515,positive
11516,positive
11517,negative
11518,positive
11519,positive
11520,negative
11521,negative
11522,negative
11523,positive
11524,positive
11525,negative
11526,negative
11527,positive
11528,positive
11529,positive
11530,negative
11531,negative
11532,negative
11533,negative
11534,positive
11535,negative
11536,positive
11537,negative
11538,positive
11539,negative
11540,positive
11541,negative
11542,negative
11543,negative
11544,positive
11545,positive
11546,positive
11547,positive
11548,positive
11549,negative
11550,negative
11551,negative
11552,negative
11553,negative
11554,negative
11555,positive
11556,positive
11557,negative
11558,negative
11559,negative
11560,positive
11561,positive
11562,negative
11563,positive
11564,positive
11565,negative
11566,negative
11567,positive
11568,negative
11569,positive
11570,positive
11571,negative
11572,negative
11573,positive
11574,positive
11575,negative
11576,negative
11577,positive
11578,negative
11579,positive
11580,positive
11581,positive
11582,negative
11583,positive
11584,negative
11585,positive
11586,positive
11587,positive
11588,negative
11589,negative
11590,positive
11591,positive
11592,negative
11593,positive
11594,positive
11595,negative
11596,positive
11597,positive
11598,positive
11599,negative
11600,negative
11601,positive
11602,negative
11603,negative
11604,negative
11605,negative
11606,positive
11607,negative
11608,positive
11609,negative
11610,positive
11611,negative
11612,negative
11613,negative
11614,negative
11615,positive
11616,positive
11617,negative
11618,negative
11619,positive
11620,negative
11621,positive
11622,negative
11623,negative
11624,negative
11625,negative
11626,positive
11627,positive
11628,positive
11629,positive
11630,negative
11631,positive
11632,positive
11633,negative
11634,negative
11635,positive
11636,negative
11637,negative
11638,negative
11639,negative
11640,negative
11641,positive
11642,positive
11643,negative
11644,negative
11645,negative
11646,negative
11647,negative
11648,positive
11649,positive
11650,negative
11651,negative
11652,negative
11653,positive
11654,negative
11655,negative
11656,positive
11657,positive
11658,positive
11659,positive
11660,positive
11661,positive
11662,positive
11663,negative
11664,negative
11665,positive
11666,positive
11667,positive
11668,negative
11669,positive
11670,positive
11671,positive
11672,positive
11673,negative
11674,negative
11675,positive
11676,negative
11677,negative
11678,negative
11679,negative
11680,negative
11681,positive
11682,negative
11683,positive
11684,negative
11685,positive
11686,negative
11687,positive
11688,negative
11689,positive
11690,positive
11691,negative
11692,positive
11693,negative
11694,positive
11695,negative
11696,positive
11697,positive
11698,positive
11699,positive
11700,negative
11701,negative
11702,positive
11703,positive
11704,positive
11705,negative
11706,positive
11707,negative
11708,positive
11709,negative
11710,positive
11711,positive
11712,negative
11713,positive
11714,negative
11715,positive
11716,negative
11717,negative
11718,negative
11719,positive
11720,positive
11721,positive
11722,positive
11723,positive
11724,negative
11725,negative
11726,positive
11727,positive
11728,negative
11729,negative
11730,positive
11731,negative
11732,positive
11733,negative
11734,negative
11735,negative
11736,negative
11737,negative
11738,positive
11739,positive
11740,positive
11741,positive
11742,negative
11743,negative
11744,positive
11745,positive
11746,negative
11747,negative
11748,negative
11749,positive
11750,negative
11751,positive
11752,positive
11753,negative
11754,positive
11755,positive
11756,positive
11757,positive
11758,positive
11759,negative
11760,positive
11761,negative
11762,positive
11763,positive
11764,positive
11765,positive
11766,positive
11767,negative
11768,negative
11769,negative
11770,negative
11771,positive
11772,negative
11773,positive
11774,negative
11775,positive
11776,negative
11777,positive
11778,negative
11779,negative
11780,negative
11781,negative
11782,negative
11783,negative
11784,negative
11785,positive
11786,negative
11787,negative
11788,positive
11789,positive
11790,negative
11791,negative
11792,negative
11793,negative
11794,positive
11795,positive
11796,positive
11797,positive
11798,negative
11799,positive
11800,negative
11801,positive
11802,positive
11803,positive
11804,positive
11805,negative
11806,positive
11807,negative
11808,positive
11809,negative
11810,negative
11811,negative
11812,positive
11813,negative
11814,positive
11815,positive
11816,positive
11817,positive
11818,negative
11819,positive
11820,positive
11821,positive
11822,positive
11823,negative
11824,positive
11825,positive
11826,positive
11827,negative
11828,positive
11829,positive
11830,positive
11831,negative
11832,positive
11833,positive
11834,positive
11835,negative
11836,positive
11837,negative
11838,negative
11839,positive
11840,positive
11841,negative
11842,positive
11843,positive
11844,negative
11845,positive
11846,positive
11847,negative
11848,positive
11849,positive
11850,positive
11851,positive
11852,negative
11853,negative
11854,positive
11855,positive
11856,negative
11857,negative
11858,positive
11859,negative
11860,positive
11861,negative
11862,negative
11863,positive
11864,negative
11865,negative
11866,positive
11867,positive
11868,negative
11869,negative
11870,positive
11871,positive
11872,positive
11873,positive
11874,positive
11875,negative
11876,positive
11877,negative
11878,positive
11879,positive
11880,negative
11881,positive
11882,negative
11883,positive
11884,negative
11885,negative
11886,negative
11887,positive
11888,positive
11889,positive
11890,positive
11891,negative
11892,negative
11893,positive
11894,positive
11895,positive
11896,positive
11897,negative
11898,negative
11899,positive
11900,negative
11901,negative
11902,negative
11903,negative
11904,negative
11905,negative
11906,negative
11907,negative
11908,positive
11909,positive
11910,positive
11911,positive
11912,positive
11913,positive
11914,positive
11915,positive
11916,negative
11917,positive
11918,positive
11919,positive
11920,positive
11921,negative
11922,positive
11923,negative
11924,negative
11925,positive
11926,negative
11927,negative
11928,negative
11929,positive
11930,positive
11931,positive
11932,negative
11933,positive
11934,negative
11935,negative
11936,negative
11937,negative
11938,positive
11939,negative
11940,positive
11941,positive
11942,negative
11943,negative
11944,negative
11945,positive
11946,positive
11947,positive
11948,positive
11949,positive
11950,negative
11951,negative
11952,negative
11953,negative
11954,negative
11955,positive
11956,positive
11957,negative
11958,negative
11959,negative
11960,negative
11961,positive
11962,negative
11963,negative
11964,negative
11965,positive
11966,negative
11967,positive
11968,negative
11969,negative
11970,positive
11971,positive
11972,negative
11973,negative
11974,negative
11975,positive
11976,negative
11977,negative
11978,positive
11979,negative
11980,positive
11981,positive
11982,negative
11983,negative
11984,positive
11985,positive
11986,negative
11987,positive
11988,negative
11989,positive
11990,negative
11991,positive
11992,negative
11993,positive
11994,positive
11995,negative
11996,positive
11997,positive
11998,positive
11999,positive
12000,positive
12001,positive
12002,negative
12003,negative
12004,negative
12005,positive
12006,negative
12007,negative
12008,positive
12009,negative
12010,positive
12011,positive
12012,positive
12013,negative
12014,negative
12015,negative
12016,positive
12017,positive
12018,positive
12019,negative
12020,positive
12021,positive
12022,negative
12023,positive
12024,positive
12025,positive
12026,positive
12027,negative
12028,positive
12029,negative
12030,negative
12031,positive
12032,negative
12033,positive
12034,negative
12035,negative
12036,positive
12037,positive
12038,negative
12039,negative
12040,negative
12041,negative
12042,negative
12043,negative
12044,positive
12045,negative
12046,negative
12047,positive
12048,positive
12049,positive
12050,negative
12051,positive
12052,negative
12053,positive
12054,positive
12055,negative
12056,negative
12057,positive
12058,positive
12059,positive
12060,positive
12061,negative
12062,positive
12063,positive
12064,negative
12065,positive
12066,negative
12067,negative
12068,positive
12069,positive
12070,negative
12071,positive
12072,positive
12073,negative
12074,negative
12075,positive
12076,positive
12077,negative
12078,negative
12079,negative
12080,positive
12081,positive
12082,negative
12083,positive
12084,negative
12085,positive
12086,negative
12087,positive
12088,negative
12089,negative
12090,negative
12091,positive
12092,positive
12093,positive
12094,positive
12095,positive
12096,negative
12097,negative
12098,negative
12099,positive
12100,negative
12101,positive
12102,negative
12103,negative
12104,negative
12105,negative
12106,negative
12107,negative
12108,negative
12109,positive
12110,positive
12111,positive
12112,negative
12113,positive
12114,positive
12115,negative
12116,positive
12117,positive
12118,positive
12119,positive
12120,positive
12121,negative
12122,positive
12123,negative
12124,positive
12125,positive
12126,positive
12127,positive
12128,positive
12129,negative
12130,negative
12131,positive
12132,negative
12133,positive
12134,positive
12135,positive
12136,positive
12137,negative
12138,positive
12139,positive
12140,negative
12141,positive
12142,positive
12143,negative
12144,positive
12145,negative
12146,positive
12147,positive
12148,negative
12149,positive
12150,positive
12151,negative
12152,negative
12153,negative
12154,positive
12155,negative
12156,positive
12157,negative
12158,positive
12159,positive
12160,positive
12161,positive
12162,positive
12163,negative
12164,negative
12165,positive
12166,negative
12167,positive
12168,positive
12169,positive
12170,positive
12171,positive
12172,negative
12173,positive
12174,positive
12175,positive
12176,positive
12177,negative
12178,negative
12179,negative
12180,positive
12181,positive
12182,positive
12183,positive
12184,negative
12185,negative
12186,positive
12187,positive
12188,positive
12189,negative
12190,positive
12191,positive
12192,negative
12193,negative
12194,positive
12195,negative
12196,negative
12197,positive
12198,positive
12199,positive
12200,positive
12201,positive
12202,negative
12203,positive
12204,positive
12205,negative
12206,positive
12207,positive
12208,positive
12209,positive
12210,positive
12211,negative
12212,negative
12213,positive
12214,negative
12215,negative
12216,positive
12217,positive
12218,negative
12219,negative
12220,positive
12221,positive
12222,positive
12223,positive
12224,negative
12225,positive
12226,positive
12227,positive
12228,negative
12229,negative
12230,positive
12231,positive
12232,negative
12233,positive
12234,negative
12235,positive
12236,negative
12237,negative
12238,negative
12239,negative
12240,positive
12241,positive
12242,positive
12243,positive
12244,positive
12245,positive
12246,positive
12247,negative
12248,negative
12249,negative
12250,positive
12251,positive
12252,negative
12253,positive
12254,negative
12255,negative
12256,negative
12257,positive
12258,positive
12259,positive
12260,positive
12261,positive
12262,negative
12263,positive
12264,negative
12265,negative
12266,positive
12267,positive
12268,negative
12269,negative
12270,positive
12271,negative
12272,positive
12273,negative
12274,positive
12275,positive
12276,positive
12277,negative
12278,positive
12279,positive
12280,positive
12281,positive
12282,negative
12283,negative
12284,negative
12285,negative
12286,positive
12287,positive
12288,positive
12289,positive
12290,positive
12291,positive
12292,negative
12293,positive
12294,positive
12295,negative
12296,negative
12297,negative
12298,positive
12299,negative
12300,positive
12301,negative
12302,positive
12303,negative
12304,negative
12305,positive
12306,negative
12307,positive
12308,positive
12309,positive
12310,positive
12311,negative
12312,positive
12313,negative
12314,negative
12315,negative
12316,positive
12317,positive
12318,negative
12319,positive
12320,negative
12321,negative
12322,positive
12323,negative
12324,positive
12325,positive
12326,negative
12327,negative
12328,negative
12329,positive
12330,positive
12331,positive
12332,negative
12333,positive
12334,positive
12335,negative
12336,positive
12337,negative
12338,positive
12339,negative
12340,negative
12341,negative
12342,positive
12343,positive
12344,positive
12345,positive
12346,positive
12347,negative
12348,negative
12349,negative
12350,positive
12351,positive
12352,positive
12353,negative
12354,positive
12355,negative
12356,positive
12357,negative
12358,positive
12359,positive
12360,positive
12361,positive
12362,negative
12363,negative
12364,negative
12365,positive
12366,positive
12367,negative
12368,negative
12369,negative
12370,negative
12371,negative
12372,negative
12373,positive
12374,negative
12375,positive
12376,positive
12377,negative
12378,negative
12379,negative
12380,positive
12381,negative
12382,positive
12383,positive
12384,negative
12385,positive
12386,positive
12387,negative
12388,positive
12389,negative
12390,negative
12391,positive
12392,positive
12393,negative
12394,negative
12395,negative
12396,positive
12397,positive
12398,positive
12399,negative
12400,negative
12401,negative
12402,negative
12403,positive
12404,positive
12405,positive
12406,negative
12407,positive
12408,negative
12409,positive
12410,negative
12411,negative
12412,negative
12413,negative
12414,positive
12415,positive
12416,negative
12417,negative
12418,positive
12419,positive
12420,negative
12421,negative
12422,positive
12423,positive
12424,positive
12425,positive
12426,positive
12427,negative
12428,positive
12429,positive
12430,negative
12431,negative
12432,negative
12433,positive
12434,negative
12435,positive
12436,negative
12437,positive
12438,positive
12439,positive
12440,negative
12441,negative
12442,positive
12443,positive
12444,negative
12445,negative
12446,negative
12447,positive
12448,negative
12449,positive
12450,positive
12451,negative
12452,negative
12453,positive
12454,positive
12455,positive
12456,negative
12457,negative
12458,positive
12459,negative
12460,negative
12461,negative
12462,positive
12463,positive
12464,negative
12465,negative
12466,negative
12467,negative
12468,positive
12469,negative
12470,positive
12471,positive
12472,negative
12473,negative
12474,negative
12475,positive
12476,positive
12477,positive
12478,negative
12479,positive
12480,negative
12481,positive
12482,positive
12483,negative
12484,positive
12485,positive
12486,negative
12487,negative
12488,positive
12489,negative
12490,negative
12491,negative
12492,negative
12493,negative
12494,negative
12495,positive
12496,negative
12497,negative
12498,positive
12499,positive
12500,negative
12501,negative
12502,negative
12503,positive
12504,positive
12505,positive
12506,negative
12507,positive
12508,positive
12509,negative
12510,negative
12511,negative
12512,negative
12513,positive
12514,positive
12515,positive
12516,negative
12517,positive
12518,negative
12519,negative
12520,negative
12521,positive
12522,positive
12523,negative
12524,negative
12525,positive
12526,positive
12527,negative
12528,positive
12529,positive
12530,positive
12531,positive
12532,negative
12533,negative
12534,negative
12535,negative
12536,positive
12537,negative
12538,positive
12539,positive
12540,negative
12541,positive
12542,negative
12543,negative
12544,positive
12545,positive
12546,negative
12547,positive
12548,positive
12549,positive
12550,positive
12551,positive
12552,positive
12553,positive
12554,positive
12555,negative
12556,positive
12557,positive
12558,negative
12559,positive
12560,negative
12561,negative
12562,positive
12563,negative
12564,positive
12565,positive
12566,positive
12567,negative
12568,negative
12569,positive
12570,negative
12571,positive
12572,positive
12573,negative
12574,positive
12575,positive
12576,negative
12577,negative
12578,negative
12579,positive
12580,positive
12581,positive
12582,positive
12583,negative
12584,positive
12585,negative
12586,negative
12587,positive
12588,positive
12589,negative
12590,negative
12591,positive
12592,negative
12593,negative
12594,positive
12595,negative
12596,positive
12597,positive
12598,positive
12599,positive
12600,negative
12601,negative
12602,positive
12603,positive
12604,negative
12605,negative
12606,negative
12607,negative
12608,positive
12609,negative
12610,negative
12611,positive
12612,positive
12613,positive
12614,negative
12615,positive
12616,negative
12617,positive
12618,negative
12619,negative
12620,negative
12621,positive
12622,positive
12623,positive
12624,positive
12625,negative
12626,negative
12627,positive
12628,negative
12629,negative
12630,positive
12631,positive
12632,positive
12633,positive
12634,positive
12635,negative
12636,positive
12637,positive
12638,positive
12639,positive
12640,negative
12641,negative
12642,negative
12643,negative
12644,positive
12645,negative
12646,negative
12647,negative
12648,negative
12649,negative
12650,positive
12651,positive
12652,positive
12653,negative
12654,negative
12655,positive
12656,negative
12657,positive
12658,negative
12659,positive
12660,negative
12661,negative
12662,negative
12663,negative
12664,positive
12665,positive
12666,negative
12667,positive
12668,negative
12669,positive
12670,negative
12671,positive
12672,negative
12673,positive
12674,negative
12675,positive
12676,positive
12677,negative
12678,negative
12679,positive
12680,positive
12681,positive
12682,negative
12683,negative
12684,negative
12685,positive
12686,positive
12687,positive
12688,positive
12689,negative
12690,negative
12691,positive
12692,negative
12693,positive
12694,positive
12695,positive
12696,negative
12697,negative
12698,positive
12699,negative
12700,negative
12701,negative
12702,positive
12703,negative
12704,negative
12705,negative
12706,negative
12707,positive
12708,negative
12709,negative
12710,negative
12711,negative
12712,negative
12713,negative
12714,positive
12715,positive
12716,positive
12717,positive
12718,negative
12719,positive
12720,negative
12721,negative
12722,positive
12723,positive
12724,positive
12725,negative
12726,positive
12727,positive
12728,negative
12729,positive
12730,positive
12731,positive
12732,positive
12733,positive
12734,positive
12735,positive
12736,negative
12737,negative
12738,positive
12739,negative
12740,positive
12741,positive
12742,positive
12743,negative
12744,negative
12745,negative
12746,positive
12747,negative
12748,negative
12749,negative
12750,positive
12751,negative
12752,negative
12753,positive
12754,negative
12755,negative
12756,positive
12757,positive
12758,negative
12759,positive
12760,negative
12761,positive
12762,negative
12763,positive
12764,positive
12765,positive
12766,positive
12767,negative
12768,positive
12769,negative
12770,positive
12771,positive
12772,negative
12773,negative
12774,negative
12775,negative
12776,negative
12777,negative
12778,positive
12779,negative
12780,positive
12781,positive
12782,negative
12783,negative
12784,negative
12785,positive
12786,negative
12787,negative
12788,positive
12789,negative
12790,negative
12791,positive
12792,negative
12793,positive
12794,positive
12795,positive
12796,negative
12797,positive
12798,negative
12799,positive
12800,positive
12801,positive
12802,negative
12803,positive
12804,positive
12805,positive
12806,negative
12807,negative
12808,negative
12809,negative
12810,positive
12811,positive
12812,positive
12813,negative
12814,negative
12815,positive
12816,positive
12817,positive
12818,negative
12819,negative
12820,positive
12821,negative
12822,positive
12823,negative
12824,positive
12825,positive
12826,negative
12827,positive
12828,negative
12829,positive
12830,negative
12831,negative
12832,negative
12833,positive
12834,negative
12835,negative
12836,negative
12837,positive
12838,positive
12839,negative
12840,positive
12841,positive
12842,positive
12843,positive
12844,positive
12845,negative
12846,negative
12847,positive
12848,negative
12849,positive
12850,positive
12851,negative
12852,negative
12853,positive
12854,negative
12855,negative
12856,negative
12857,positive
12858,positive
12859,positive
12860,positive
12861,positive
12862,negative
12863,positive
12864,negative
12865,negative
12866,negative
12867,positive
12868,positive
12869,negative
12870,positive
12871,negative
12872,positive
12873,positive
12874,positive
12875,positive
12876,positive
12877,positive
12878,negative
12879,positive
12880,positive
12881,negative
12882,positive
12883,positive
12884,positive
12885,negative
12886,negative
12887,negative
12888,positive
12889,negative
12890,positive
12891,negative
12892,positive
12893,negative
12894,negative
12895,positive
12896,positive
12897,positive
12898,positive
12899,negative
12900,negative
12901,negative
12902,positive
12903,positive
12904,positive
12905,negative
12906,negative
12907,negative
12908,negative
12909,positive
12910,positive
12911,positive
12912,positive
12913,positive
12914,negative
12915,positive
12916,positive
12917,negative
12918,positive
12919,negative
12920,negative
12921,positive
12922,positive
12923,negative
12924,negative
12925,positive
12926,negative
12927,negative
12928,positive
12929,negative
12930,positive
12931,negative
12932,positive
12933,negative
12934,negative
12935,negative
12936,negative
12937,positive
12938,negative
12939,positive
12940,negative
12941,negative
12942,positive
12943,negative
12944,positive
12945,negative
12946,positive
12947,positive
12948,negative
12949,negative
12950,negative
12951,positive
12952,positive
12953,positive
12954,positive
12955,positive
12956,positive
12957,negative
12958,negative
12959,positive
12960,positive
12961,positive
12962,positive
12963,positive
12964,negative
12965,positive
12966,negative
12967,positive
12968,negative
12969,positive
12970,negative
12971,positive
12972,positive
12973,negative
12974,positive
12975,negative
12976,positive
12977,negative
12978,negative
12979,negative
12980,negative
12981,negative
12982,negative
12983,negative
12984,negative
12985,negative
12986,negative
12987,positive
12988,negative
12989,negative
12990,positive
12991,negative
12992,positive
12993,positive
12994,positive
12995,positive
12996,positive
12997,negative
12998,negative
12999,positive
13000,positive
13001,positive
13002,positive
13003,negative
13004,negative
13005,negative
13006,positive
13007,positive
13008,negative
13009,positive
13010,negative
13011,positive
13012,positive
13013,positive
13014,positive
13015,negative
13016,positive
13017,positive
13018,negative
13019,positive
13020,positive
13021,positive
13022,negative
13023,positive
13024,negative
13025,positive
13026,negative
13027,negative
13028,positive
13029,negative
13030,positive
13031,positive
13032,positive
13033,positive
13034,positive
13035,positive
13036,positive
13037,positive
13038,positive
13039,negative
13040,positive
13041,negative
13042,positive
13043,negative
13044,negative
13045,negative
13046,positive
13047,negative
13048,negative
13049,negative
13050,negative
13051,negative
13052,positive
13053,negative
13054,negative
13055,positive
13056,negative
13057,negative
13058,positive
13059,negative
13060,negative
13061,negative
13062,negative
13063,positive
13064,negative
13065,positive
13066,positive
13067,negative
13068,positive
13069,negative
13070,negative
13071,positive
13072,negative
13073,positive
13074,positive
13075,positive
13076,negative
13077,positive
13078,negative
13079,negative
13080,negative
13081,positive
13082,positive
13083,negative
13084,negative
13085,negative
13086,positive
13087,positive
13088,negative
13089,positive
13090,positive
13091,positive
13092,positive
13093,positive
13094,negative
13095,positive
13096,positive
13097,positive
13098,negative
13099,negative
13100,negative
13101,negative
13102,positive
13103,positive
13104,negative
13105,positive
13106,negative
13107,positive
13108,negative
13109,negative
13110,positive
13111,positive
13112,positive
13113,positive
13114,positive
13115,negative
13116,negative
13117,positive
13118,negative
13119,negative
13120,positive
13121,positive
13122,positive
13123,negative
13124,negative
13125,positive
13126,negative
13127,positive
13128,negative
13129,positive
13130,positive
13131,positive
13132,positive
13133,negative
13134,negative
13135,negative
13136,negative
13137,negative
13138,positive
13139,negative
13140,positive
13141,positive
13142,negative
13143,negative
13144,negative
13145,negative
13146,negative
13147,negative
13148,negative
13149,negative
13150,positive
13151,positive
13152,negative
13153,negative
13154,positive
13155,negative
13156,positive
13157,positive
13158,positive
13159,negative
13160,positive
13161,positive
13162,negative
13163,negative
13164,negative
13165,negative
13166,positive
13167,negative
13168,positive
13169,negative
13170,positive
13171,positive
13172,positive
13173,positive
13174,negative
13175,positive
13176,negative
13177,positive
13178,negative
13179,negative
13180,positive
13181,negative
13182,positive
13183,positive
13184,negative
13185,positive
13186,negative
13187,negative
13188,negative
13189,positive
13190,positive
13191,negative
13192,negative
13193,negative
13194,negative
13195,positive
13196,negative
13197,positive
13198,positive
13199,positive
13200,negative
13201,positive
13202,negative
13203,negative
13204,positive
13205,positive
13206,positive
13207,positive
13208,positive
13209,negative
13210,positive
13211,negative
13212,positive
13213,positive
13214,negative
13215,negative
13216,negative
13217,negative
13218,negative
13219,positive
13220,negative
13221,negative
13222,negative
13223,negative
13224,negative
13225,positive
13226,positive
13227,negative
13228,positive
13229,negative
13230,negative
13231,positive
13232,positive
13233,negative
13234,positive
13235,positive
13236,positive
13237,positive
13238,negative
13239,negative
13240,positive
13241,positive
13242,negative
13243,positive
13244,positive
13245,positive
13246,positive
13247,positive
13248,negative
13249,positive
13250,negative
13251,negative
13252,negative
13253,positive
13254,negative
13255,positive
13256,negative
13257,positive
13258,positive
13259,positive
13260,positive
13261,negative
13262,negative
13263,negative
13264,positive
13265,negative
13266,negative
13267,positive
13268,positive
13269,negative
13270,positive
13271,negative
13272,positive
13273,negative
13274,negative
13275,positive
13276,negative
13277,negative
13278,negative
13279,negative
13280,negative
13281,positive
13282,positive
13283,positive
13284,negative
13285,negative
13286,negative
13287,negative
13288,positive
13289,positive
13290,negative
13291,negative
13292,negative
13293,negative
13294,positive
13295,positive
13296,negative
13297,positive
13298,positive
13299,negative
13300,negative
13301,negative
13302,negative
13303,negative
13304,negative
13305,positive
13306,negative
13307,negative
13308,negative
13309,positive
13310,negative
13311,negative
13312,positive
13313,negative
13314,negative
13315,positive
13316,positive
13317,negative
13318,negative
13319,negative
13320,positive
13321,positive
13322,negative
13323,negative
13324,negative
13325,negative
13326,positive
13327,positive
13328,positive
13329,negative
13330,positive
13331,negative
13332,positive
13333,positive
13334,positive
13335,negative
13336,negative
13337,positive
13338,positive
13339,negative
13340,positive
13341,negative
13342,negative
13343,positive
13344,positive
13345,negative
13346,positive
13347,positive
13348,positive
13349,positive
13350,positive
13351,negative
13352,positive
13353,positive
13354,negative
13355,positive
13356,negative
13357,positive
13358,positive
13359,positive
13360,negative
13361,positive
13362,negative
13363,positive
13364,negative
13365,positive
13366,positive
13367,negative
13368,negative
13369,positive
13370,negative
13371,negative
13372,positive
13373,positive
13374,positive
13375,positive
13376,negative
13377,positive
13378,positive
13379,positive
13380,positive
13381,positive
13382,negative
13383,negative
13384,negative
13385,negative
13386,negative
13387,negative
13388,negative
13389,positive
13390,negative
13391,positive
13392,negative
13393,negative
13394,positive
13395,positive
13396,negative
13397,positive
13398,positive
13399,negative
13400,positive
13401,positive
13402,positive
13403,positive
13404,positive
13405,negative
13406,negative
13407,positive
13408,negative
13409,negative
13410,positive
13411,positive
13412,positive
13413,positive
13414,negative
13415,positive
13416,positive
13417,positive
13418,positive
13419,positive
13420,negative
13421,positive
13422,negative
13423,negative
13424,positive
13425,positive
13426,positive
13427,negative
13428,negative
13429,positive
13430,positive
13431,positive
13432,positive
13433,positive
13434,negative
13435,negative
13436,negative
13437,positive
13438,negative
13439,negative
13440,negative
13441,negative
13442,positive
13443,negative
13444,positive
13445,positive
13446,positive
13447,positive
13448,negative
13449,positive
13450,negative
13451,negative
13452,positive
13453,positive
13454,positive
13455,positive
13456,positive
13457,negative
13458,positive
13459,positive
13460,negative
13461,negative
13462,positive
13463,positive
13464,negative
13465,positive
13466,positive
13467,positive
13468,positive
13469,negative
13470,negative
13471,positive
13472,negative
13473,negative
13474,positive
13475,positive
13476,negative
13477,positive
13478,negative
13479,negative
13480,positive
13481,positive
13482,negative
13483,positive
13484,positive
13485,positive
13486,negative
13487,negative
13488,positive
13489,positive
13490,negative
13491,positive
13492,negative
13493,negative
13494,negative
13495,positive
13496,negative
13497,positive
13498,negative
13499,positive
13500,positive
13501,negative
13502,negative
13503,negative
13504,negative
13505,positive
13506,positive
13507,negative
13508,positive
13509,negative
13510,positive
13511,positive
13512,negative
13513,positive
13514,positive
13515,negative
13516,negative
13517,positive
13518,positive
13519,negative
13520,negative
13521,positive
13522,positive
13523,positive
13524,negative
13525,positive
13526,positive
13527,positive
13528,negative
13529,positive
13530,negative
13531,positive
13532,negative
13533,negative
13534,positive
13535,positive
13536,positive
13537,negative
13538,negative
13539,positive
13540,negative
13541,positive
13542,negative
13543,positive
13544,negative
13545,negative
13546,negative
13547,positive
13548,negative
13549,positive
13550,positive
13551,positive
13552,negative
13553,positive
13554,positive
13555,negative
13556,positive
13557,positive
13558,positive
13559,negative
13560,positive
13561,positive
13562,negative
13563,negative
13564,positive
13565,positive
13566,negative
13567,negative
13568,positive
13569,positive
13570,negative
13571,positive
13572,negative
13573,positive
13574,positive
13575,positive
13576,negative
13577,negative
13578,positive
13579,positive
13580,negative
13581,negative
13582,positive
13583,negative
13584,negative
13585,negative
13586,positive
13587,positive
13588,positive
13589,negative
13590,negative
13591,positive
13592,negative
13593,negative
13594,positive
13595,negative
13596,positive
13597,negative
13598,negative
13599,positive
13600,negative
13601,negative
13602,positive
13603,positive
13604,negative
13605,positive
13606,negative
13607,negative
13608,positive
13609,negative
13610,negative
13611,negative
13612,negative
13613,positive
13614,positive
13615,positive
13616,negative
13617,negative
13618,positive
13619,positive
13620,positive
13621,positive
13622,negative
13623,negative
13624,negative
13625,negative
13626,negative
13627,negative
13628,positive
13629,negative
13630,positive
13631,positive
13632,positive
13633,positive
13634,negative
13635,negative
13636,positive
13637,positive
13638,positive
13639,negative
13640,positive
13641,negative
13642,negative
13643,negative
13644,negative
13645,positive
13646,negative
13647,positive
13648,negative
13649,positive
13650,positive
13651,positive
13652,positive
13653,positive
13654,positive
13655,positive
13656,positive
13657,negative
13658,negative
13659,positive
13660,positive
13661,negative
13662,positive
13663,negative
13664,negative
13665,positive
13666,positive
13667,negative
13668,negative
13669,positive
13670,positive
13671,negative
13672,negative
13673,negative
13674,negative
13675,negative
13676,positive
13677,positive
13678,positive
13679,negative
13680,positive
13681,positive
13682,positive
13683,positive
13684,negative
13685,positive
13686,positive
13687,negative
13688,positive
13689,positive
13690,positive
13691,positive
13692,positive
13693,negative
13694,negative
13695,negative
13696,negative
13697,positive
13698,negative
13699,negative
13700,positive
13701,negative
13702,negative
13703,negative
13704,negative
13705,positive
13706,positive
13707,positive
13708,positive
13709,positive
13710,negative
13711,negative
13712,positive
13713,positive
13714,negative
13715,negative
13716,positive
13717,positive
13718,positive
13719,positive
13720,positive
13721,negative
13722,positive
13723,positive
13724,negative
13725,negative
13726,negative
13727,positive
13728,positive
13729,positive
13730,positive
13731,negative
13732,negative
13733,negative
13734,negative
13735,positive
13736,negative
13737,positive
13738,negative
13739,negative
13740,positive
13741,positive
13742,positive
13743,positive
13744,negative
13745,negative
13746,positive
13747,negative
13748,positive
13749,positive
13750,positive
13751,positive
13752,positive
13753,positive
13754,positive
13755,positive
13756,negative
13757,negative
13758,negative
13759,negative
13760,positive
13761,positive
13762,positive
13763,negative
13764,positive
13765,positive
13766,positive
13767,negative
13768,positive
13769,positive
13770,positive
13771,positive
13772,positive
13773,negative
13774,negative
13775,positive
13776,positive
13777,positive
13778,negative
13779,positive
13780,negative
13781,negative
13782,negative
13783,positive
13784,positive
13785,negative
13786,positive
13787,negative
13788,positive
13789,negative
13790,positive
13791,positive
13792,positive
13793,positive
13794,positive
13795,negative
13796,negative
13797,negative
13798,negative
13799,positive
13800,negative
13801,positive
13802,negative
13803,negative
13804,positive
13805,negative
13806,positive
13807,negative
13808,negative
13809,positive
13810,positive
13811,negative
13812,positive
13813,positive
13814,negative
13815,positive
13816,negative
13817,negative
13818,positive
13819,positive
13820,positive
13821,negative
13822,negative
13823,negative
13824,positive
13825,positive
13826,negative
13827,positive
13828,positive
13829,negative
13830,negative
13831,positive
13832,positive
13833,negative
13834,positive
13835,positive
13836,positive
13837,positive
13838,positive
13839,negative
13840,negative
13841,negative
13842,negative
13843,negative
13844,positive
13845,negative
13846,negative
13847,positive
13848,negative
13849,negative
13850,negative
13851,negative
13852,negative
13853,positive
13854,negative
13855,positive
13856,positive
13857,negative
13858,positive
13859,positive
13860,negative
13861,negative
13862,positive
13863,negative
13864,positive
13865,positive
13866,negative
13867,positive
13868,positive
13869,negative
13870,negative
13871,positive
13872,positive
13873,positive
13874,negative
13875,positive
13876,positive
13877,positive
13878,positive
13879,positive
13880,positive
13881,positive
13882,positive
13883,positive
13884,negative
13885,positive
13886,positive
13887,positive
13888,negative
13889,positive
13890,negative
13891,positive
13892,negative
13893,negative
13894,positive
13895,negative
13896,negative
13897,positive
13898,positive
13899,negative
13900,negative
13901,negative
13902,negative
13903,positive
13904,positive
13905,positive
13906,negative
13907,positive
13908,negative
13909,negative
13910,negative
13911,positive
13912,negative
13913,positive
13914,positive
13915,positive
13916,positive
13917,negative
13918,positive
13919,positive
13920,negative
13921,negative
13922,positive
13923,positive
13924,positive
13925,positive
13926,positive
13927,positive
13928,positive
13929,negative
13930,negative
13931,positive
13932,negative
13933,negative
13934,negative
13935,positive
13936,negative
13937,negative
13938,positive
13939,negative
13940,negative
13941,negative
13942,negative
13943,negative
13944,positive
13945,positive
13946,negative
13947,positive
13948,negative
13949,positive
13950,positive
13951,negative
13952,positive
13953,negative
13954,positive
13955,negative
13956,negative
13957,positive
13958,negative
13959,positive
13960,negative
13961,positive
13962,positive
13963,positive
13964,negative
13965,positive
13966,positive
13967,positive
13968,positive
13969,positive
13970,negative
13971,negative
13972,positive
13973,positive
13974,positive
13975,negative
13976,negative
13977,positive
13978,negative
13979,negative
13980,negative
13981,positive
13982,positive
13983,negative
13984,negative
13985,positive
13986,positive
13987,negative
13988,negative
13989,negative
13990,negative
13991,positive
13992,negative
13993,negative
13994,negative
13995,positive
13996,positive
13997,negative
13998,positive
13999,positive
14000,negative
14001,positive
14002,positive
14003,positive
14004,positive
14005,negative
14006,positive
14007,negative
14008,negative
14009,negative
14010,negative
14011,positive
14012,negative
14013,negative
14014,positive
14015,negative
14016,positive
14017,negative
14018,positive
14019,negative
14020,negative
14021,positive
14022,negative
14023,positive
14024,negative
14025,positive
14026,positive
14027,positive
14028,negative
14029,negative
14030,negative
14031,positive
14032,negative
14033,negative
14034,positive
14035,negative
14036,negative
14037,negative
14038,negative
14039,negative
14040,negative
14041,negative
14042,negative
14043,positive
14044,negative
14045,positive
14046,negative
14047,positive
14048,negative
14049,positive
14050,negative
14051,negative
14052,positive
14053,positive
14054,negative
14055,positive
14056,positive
14057,positive
14058,positive
14059,negative
14060,negative
14061,positive
14062,positive
14063,positive
14064,negative
14065,positive
14066,positive
14067,negative
14068,positive
14069,negative
14070,positive
14071,negative
14072,positive
14073,positive
14074,positive
14075,positive
14076,positive
14077,negative
14078,negative
14079,positive
14080,positive
14081,negative
14082,negative
14083,positive
14084,negative
14085,positive
14086,positive
14087,positive
14088,positive
14089,positive
14090,positive
14091,positive
14092,positive
14093,negative
14094,negative
14095,positive
14096,negative
14097,negative
14098,positive
14099,negative
14100,positive
14101,positive
14102,negative
14103,positive
14104,positive
14105,negative
14106,negative
14107,negative
14108,positive
14109,negative
14110,positive
14111,positive
14112,positive
14113,negative
14114,positive
14115,negative
14116,negative
14117,positive
14118,negative
14119,positive
14120,negative
14121,negative
14122,negative
14123,positive
14124,positive
14125,positive
14126,positive
14127,negative
14128,negative
14129,negative
14130,positive
14131,negative
14132,positive
14133,positive
14134,positive
14135,positive
14136,positive
14137,negative
14138,positive
14139,negative
14140,positive
14141,negative
14142,positive
14143,positive
14144,positive
14145,positive
14146,positive
14147,positive
14148,positive
14149,positive
14150,negative
14151,negative
14152,negative
14153,negative
14154,positive
14155,positive
14156,negative
14157,negative
14158,positive
14159,positive
14160,positive
14161,negative
14162,positive
14163,negative
14164,negative
14165,negative
14166,positive
14167,positive
14168,negative
14169,negative
14170,negative
14171,negative
14172,negative
14173,negative
14174,positive
14175,negative
14176,negative
14177,positive
14178,positive
14179,negative
14180,negative
14181,positive
14182,positive
14183,positive
14184,negative
14185,positive
14186,negative
14187,negative
14188,negative
14189,negative
14190,positive
14191,negative
14192,positive
14193,positive
14194,positive
14195,positive
14196,negative
14197,positive
14198,positive
14199,negative
14200,positive
14201,negative
14202,negative
14203,negative
14204,positive
14205,negative
14206,negative
14207,positive
14208,positive
14209,positive
14210,negative
14211,positive
14212,negative
14213,positive
14214,positive
14215,positive
14216,positive
14217,positive
14218,positive
14219,positive
14220,negative
14221,negative
14222,negative
14223,negative
14224,positive
14225,negative
14226,negative
14227,positive
14228,negative
14229,negative
14230,positive
14231,positive
14232,negative
14233,positive
14234,negative
14235,positive
14236,negative
14237,negative
14238,negative
14239,negative
14240,negative
14241,positive
14242,negative
14243,positive
14244,negative
14245,positive
14246,positive
14247,positive
14248,negative
14249,negative
14250,negative
14251,positive
14252,positive
14253,positive
14254,positive
14255,positive
14256,positive
14257,negative
14258,negative
14259,negative
14260,positive
14261,positive
14262,positive
14263,negative
14264,positive
14265,positive
14266,negative
14267,negative
14268,positive
14269,negative
14270,positive
14271,negative
14272,negative
14273,positive
14274,negative
14275,positive
14276,positive
14277,negative
14278,negative
14279,negative
14280,negative
14281,negative
14282,negative
14283,negative
14284,negative
14285,positive
14286,negative
14287,negative
14288,negative
14289,negative
14290,positive
14291,positive
14292,positive
14293,positive
14294,positive
14295,positive
14296,positive
14297,positive
14298,positive
14299,negative
14300,positive
14301,negative
14302,positive
14303,negative
14304,positive
14305,negative
14306,positive
14307,positive
14308,positive
14309,negative
14310,negative
14311,positive
14312,positive
14313,positive
14314,positive
14315,negative
14316,positive
14317,positive
14318,negative
14319,positive
14320,positive
14321,positive
14322,negative
14323,positive
14324,positive
14325,negative
14326,negative
14327,negative
14328,positive
14329,positive
14330,positive
14331,negative
14332,positive
14333,positive
14334,negative
14335,positive
14336,positive
14337,positive
14338,negative
14339,negative
14340,negative
14341,negative
14342,negative
14343,negative
14344,positive
14345,positive
14346,negative
14347,positive
14348,positive
14349,positive
14350,positive
14351,positive
14352,positive
14353,negative
14354,negative
14355,negative
14356,negative
14357,positive
14358,positive
14359,positive
14360,positive
14361,positive
14362,positive
14363,positive
14364,negative
14365,positive
14366,positive
14367,positive
14368,positive
14369,negative
14370,negative
14371,negative
14372,positive
14373,negative
14374,positive
14375,negative
14376,negative
14377,positive
14378,positive
14379,positive
14380,positive
14381,negative
14382,negative
14383,negative
14384,negative
14385,negative
14386,positive
14387,negative
14388,positive
14389,positive
14390,negative
14391,negative
14392,negative
14393,negative
14394,negative
14395,negative
14396,positive
14397,positive
14398,negative
14399,negative
14400,positive
14401,negative
14402,negative
14403,negative
14404,positive
14405,positive
14406,positive
14407,positive
14408,positive
14409,positive
14410,negative
14411,negative
14412,positive
14413,positive
14414,negative
14415,positive
14416,negative
14417,positive
14418,positive
14419,positive
14420,positive
14421,negative
14422,negative
14423,positive
14424,positive
14425,positive
14426,positive
14427,positive
14428,negative
14429,negative
14430,positive
14431,positive
14432,positive
14433,negative
14434,positive
14435,negative
14436,positive
14437,negative
14438,negative
14439,positive
14440,negative
14441,positive
14442,positive
14443,negative
14444,positive
14445,negative
14446,negative
14447,negative
14448,positive
14449,positive
14450,positive
14451,negative
14452,positive
14453,positive
14454,positive
14455,negative
14456,negative
14457,negative
14458,negative
14459,positive
14460,positive
14461,positive
14462,negative
14463,positive
14464,negative
14465,negative
14466,positive
14467,negative
14468,positive
14469,positive
14470,positive
14471,negative
14472,negative
14473,negative
14474,positive
14475,positive
14476,negative
14477,negative
14478,negative
14479,positive
14480,positive
14481,negative
14482,negative
14483,positive
14484,negative
14485,positive
14486,positive
14487,negative
14488,negative
14489,positive
14490,positive
14491,positive
14492,negative
14493,negative
14494,positive
14495,negative
14496,negative
14497,negative
14498,positive
14499,positive
14500,positive
14501,positive
14502,positive
14503,positive
14504,positive
14505,positive
14506,positive
14507,positive
14508,positive
14509,negative
14510,negative
14511,negative
14512,positive
14513,negative
14514,positive
14515,negative
14516,positive
14517,negative
14518,positive
14519,positive
14520,negative
14521,positive
14522,positive
14523,negative
14524,negative
14525,positive
14526,positive
14527,negative
14528,negative
14529,positive
14530,positive
14531,negative
14532,positive
14533,negative
14534,positive
14535,negative
14536,positive
14537,positive
14538,negative
14539,negative
14540,positive
14541,positive
14542,negative
14543,positive
14544,positive
14545,negative
14546,positive
14547,negative
14548,negative
14549,negative
14550,negative
14551,negative
14552,positive
14553,positive
14554,positive
14555,negative
14556,negative
14557,negative
14558,negative
14559,positive
14560,positive
14561,positive
14562,positive
14563,positive
14564,positive
14565,positive
14566,positive
14567,positive
14568,negative
14569,positive
14570,positive
14571,negative
14572,positive
14573,negative
14574,positive
14575,positive
14576,negative
14577,positive
14578,negative
14579,positive
14580,positive
14581,negative
14582,positive
14583,positive
14584,negative
14585,positive
14586,positive
14587,negative
14588,negative
14589,negative
14590,positive
14591,positive
14592,negative
14593,positive
14594,positive
14595,positive
14596,negative
14597,negative
14598,positive
14599,negative
14600,negative
14601,negative
14602,positive
14603,positive
14604,positive
14605,positive
14606,negative
14607,positive
14608,negative
14609,positive
14610,positive
14611,positive
14612,negative
14613,positive
14614,positive
14615,positive
14616,positive
14617,positive
14618,negative
14619,negative
14620,positive
14621,negative
14622,positive
14623,positive
14624,negative
14625,negative
14626,positive
14627,positive
14628,negative
14629,negative
14630,positive
14631,negative
14632,positive
14633,positive
14634,negative
14635,negative
14636,positive
14637,positive
14638,positive
14639,positive
14640,negative
14641,positive
14642,positive
14643,positive
14644,positive
14645,positive
14646,negative
14647,positive
14648,negative
14649,positive
14650,positive
14651,positive
14652,positive
14653,negative
14654,negative
14655,positive
14656,positive
14657,positive
14658,negative
14659,positive
14660,positive
14661,positive
14662,negative
14663,negative
14664,negative
14665,negative
14666,negative
14667,negative
14668,positive
14669,negative
14670,negative
14671,negative
14672,positive
14673,positive
14674,negative
14675,negative
14676,negative
14677,negative
14678,negative
14679,positive
14680,positive
14681,positive
14682,positive
14683,negative
14684,positive
14685,positive
14686,negative
14687,negative
14688,negative
14689,negative
14690,positive
14691,positive
14692,positive
14693,negative
14694,negative
14695,negative
14696,positive
14697,positive
14698,positive
14699,negative
14700,negative
14701,positive
14702,negative
14703,negative
14704,positive
14705,positive
14706,positive
14707,negative
14708,positive
14709,positive
14710,positive
14711,positive
14712,positive
14713,negative
14714,positive
14715,positive
14716,positive
14717,negative
14718,positive
14719,negative
14720,positive
14721,negative
14722,positive
14723,negative
14724,positive
14725,positive
14726,positive
14727,positive
14728,positive
14729,negative
14730,negative
14731,negative
14732,negative
14733,positive
14734,negative
14735,positive
14736,positive
14737,positive
14738,positive
14739,positive
14740,negative
14741,positive
14742,positive
14743,positive
14744,positive
14745,positive
14746,negative
14747,positive
14748,positive
14749,positive
14750,positive
14751,negative
14752,negative
14753,negative
14754,positive
14755,negative
14756,negative
14757,positive
14758,negative
14759,negative
14760,positive
14761,negative
14762,negative
14763,negative
14764,positive
14765,negative
14766,negative
14767,positive
14768,positive
14769,positive
14770,negative
14771,negative
14772,negative
14773,negative
14774,negative
14775,positive
14776,positive
14777,negative
14778,negative
14779,negative
14780,positive
14781,positive
14782,positive
14783,negative
14784,positive
14785,negative
14786,positive
14787,negative
14788,positive
14789,positive
14790,positive
14791,positive
14792,positive
14793,negative
14794,positive
14795,positive
14796,positive
14797,negative
14798,positive
14799,negative
14800,positive
14801,negative
14802,positive
14803,positive
14804,positive
14805,positive
14806,negative
14807,positive
14808,negative
14809,positive
14810,negative
14811,negative
14812,negative
14813,negative
14814,negative
14815,negative
14816,positive
14817,positive
14818,negative
14819,positive
14820,negative
14821,positive
14822,negative
14823,positive
14824,negative
14825,positive
14826,positive
14827,positive
14828,negative
14829,positive
14830,negative
14831,negative
14832,negative
14833,negative
14834,positive
14835,positive
14836,negative
14837,negative
14838,positive
14839,positive
14840,positive
14841,negative
14842,positive
14843,negative
14844,negative
14845,positive
14846,positive
14847,positive
14848,positive
14849,negative
14850,negative
14851,positive
14852,positive
14853,negative
14854,positive
14855,negative
14856,positive
14857,negative
14858,negative
14859,positive
14860,negative
14861,negative
14862,positive
14863,positive
14864,positive
14865,negative
14866,positive
14867,positive
14868,negative
14869,negative
14870,negative
14871,negative
14872,negative
14873,negative
14874,positive
14875,negative
14876,positive
14877,positive
14878,positive
14879,positive
14880,positive
14881,positive
14882,negative
14883,positive
14884,positive
14885,positive
14886,positive
14887,positive
14888,negative
14889,positive
14890,negative
14891,positive
14892,negative
14893,positive
14894,positive
14895,positive
14896,negative
14897,positive
14898,positive
14899,positive
14900,negative
14901,positive
14902,positive
14903,negative
14904,negative
14905,negative
14906,negative
14907,negative
14908,positive
14909,negative
14910,negative
14911,positive
14912,negative
14913,negative
14914,negative
14915,positive
14916,positive
14917,negative
14918,negative
14919,negative
14920,positive
14921,positive
14922,negative
14923,negative
14924,positive
14925,negative
14926,negative
14927,positive
14928,positive
14929,positive
14930,positive
14931,positive
14932,positive
14933,negative
14934,negative
14935,positive
14936,positive
14937,positive
14938,negative
14939,positive
14940,negative
14941,negative
14942,positive
14943,positive
14944,negative
14945,positive
14946,negative
14947,negative
14948,negative
14949,positive
14950,positive
14951,negative
14952,negative
14953,positive
14954,positive
14955,positive
14956,negative
14957,negative
14958,positive
14959,positive
14960,negative
14961,negative
14962,positive
14963,negative
14964,positive
14965,positive
14966,negative
14967,positive
14968,negative
14969,positive
14970,negative
14971,positive
14972,positive
14973,positive
14974,negative
14975,negative
14976,negative
14977,positive
14978,negative
14979,positive
14980,negative
14981,positive
14982,positive
14983,positive
14984,positive
14985,negative
14986,negative
14987,positive
14988,positive
14989,negative
14990,negative
14991,positive
14992,positive
14993,negative
14994,negative
14995,positive
14996,negative
14997,negative
14998,positive
14999,positive
15000,positive
15001,positive
15002,positive
15003,positive
15004,negative
15005,positive
15006,positive
15007,positive
15008,negative
15009,negative
15010,positive
15011,negative
15012,negative
15013,negative
15014,negative
15015,positive
15016,positive
15017,negative
15018,positive
15019,positive
15020,negative
15021,positive
15022,positive
15023,negative
15024,positive
15025,negative
15026,positive
15027,negative
15028,positive
15029,negative
15030,negative
15031,positive
15032,negative
15033,positive
15034,positive
15035,positive
15036,positive
15037,positive
15038,positive
15039,positive
15040,positive
15041,negative
15042,negative
15043,positive
15044,negative
15045,negative
15046,negative
15047,positive
15048,positive
15049,positive
15050,positive
15051,negative
15052,positive
15053,positive
15054,negative
15055,positive
15056,positive
15057,positive
15058,negative
15059,positive
15060,positive
15061,negative
15062,negative
15063,negative
15064,negative
15065,positive
15066,negative
15067,positive
15068,positive
15069,positive
15070,negative
15071,negative
15072,positive
15073,negative
15074,negative
15075,negative
15076,positive
15077,positive
15078,negative
15079,negative
15080,negative
15081,negative
15082,positive
15083,positive
15084,negative
15085,negative
15086,positive
15087,positive
15088,negative
15089,positive
15090,negative
15091,positive
15092,negative
15093,positive
15094,negative
15095,negative
15096,negative
15097,positive
15098,positive
15099,negative
15100,negative
15101,negative
15102,negative
15103,negative
15104,positive
15105,positive
15106,positive
15107,positive
15108,positive
15109,positive
15110,positive
15111,positive
15112,negative
15113,negative
15114,negative
15115,positive
15116,negative
15117,negative
15118,negative
15119,positive
15120,negative
15121,positive
15122,positive
15123,positive
15124,positive
15125,negative
15126,positive
15127,positive
15128,negative
15129,negative
15130,negative
15131,positive
15132,positive
15133,positive
15134,positive
15135,positive
15136,negative
15137,positive
15138,positive
15139,negative
15140,positive
15141,negative
15142,positive
15143,negative
15144,negative
15145,negative
15146,positive
15147,negative
15148,negative
15149,negative
15150,positive
15151,negative
15152,negative
15153,negative
15154,negative
15155,negative
15156,negative
15157,negative
15158,positive
15159,positive
15160,positive
15161,positive
15162,negative
15163,positive
15164,positive
15165,negative
15166,negative
15167,negative
15168,negative
15169,negative
15170,negative
15171,negative
15172,negative
15173,positive
15174,positive
15175,positive
15176,positive
15177,positive
15178,negative
15179,positive
15180,positive
15181,positive
15182,negative
15183,positive
15184,negative
15185,positive
15186,negative
15187,negative
15188,positive
15189,positive
15190,negative
15191,negative
15192,negative
15193,positive
15194,negative
15195,negative
15196,positive
15197,negative
15198,positive
15199,positive
15200,negative
15201,positive
15202,positive
15203,negative
15204,positive
15205,negative
15206,positive
15207,negative
15208,positive
15209,positive
15210,negative
15211,negative
15212,negative
15213,positive
15214,negative
15215,positive
15216,negative
15217,positive
15218,negative
15219,negative
15220,positive
15221,negative
15222,negative
15223,negative
15224,negative
15225,negative
15226,negative
15227,positive
15228,positive
15229,negative
15230,positive
15231,negative
15232,negative
15233,negative
15234,positive
15235,positive
15236,negative
15237,positive
15238,negative
15239,positive
15240,positive
15241,positive
15242,negative
15243,positive
15244,positive
15245,negative
15246,negative
15247,positive
15248,positive
15249,positive
15250,positive
15251,positive
15252,negative
15253,positive
15254,positive
15255,negative
15256,negative
15257,positive
15258,negative
15259,negative
15260,negative
15261,positive
15262,positive
15263,positive
15264,positive
15265,negative
15266,positive
15267,positive
15268,positive
15269,negative
15270,positive
15271,positive
15272,positive
15273,negative
15274,negative
15275,positive
15276,positive
15277,positive
15278,negative
15279,positive
15280,positive
15281,positive
15282,negative
15283,positive
15284,positive
15285,positive
15286,positive
15287,negative
15288,negative
15289,positive
15290,negative
15291,positive
15292,positive
15293,positive
15294,positive
15295,negative
15296,positive
15297,negative
15298,negative
15299,positive
15300,negative
15301,negative
15302,positive
15303,negative
15304,positive
15305,positive
15306,positive
15307,negative
15308,negative
15309,negative
15310,negative
15311,positive
15312,negative
15313,positive
15314,positive
15315,negative
15316,positive
15317,positive
15318,negative
15319,negative
15320,positive
15321,positive
15322,negative
15323,negative
15324,positive
15325,negative
15326,positive
15327,positive
15328,negative
15329,negative
15330,negative
15331,positive
15332,positive
15333,negative
15334,positive
15335,positive
15336,positive
15337,positive
15338,positive
15339,positive
15340,negative
15341,positive
15342,negative
15343,positive
15344,negative
15345,negative
15346,negative
15347,negative
15348,positive
15349,negative
15350,negative
15351,positive
15352,positive
15353,positive
15354,positive
15355,positive
15356,negative
15357,positive
15358,positive
15359,positive
15360,positive
15361,negative
15362,positive
15363,negative
15364,negative
15365,negative
15366,negative
15367,positive
15368,negative
15369,positive
15370,positive
15371,positive
15372,positive
15373,negative
15374,positive
15375,positive
15376,positive
15377,positive
15378,negative
15379,negative
15380,negative
15381,negative
15382,positive
15383,negative
15384,positive
15385,positive
15386,positive
15387,negative
15388,negative
15389,negative
15390,positive
15391,negative
15392,negative
15393,positive
15394,negative
15395,negative
15396,negative
15397,positive
15398,positive
15399,positive
15400,positive
15401,negative
15402,positive
15403,positive
15404,positive
15405,positive
15406,positive
15407,positive
15408,positive
15409,positive
15410,negative
15411,positive
15412,positive
15413,negative
15414,positive
15415,negative
15416,positive
15417,negative
15418,positive
15419,positive
15420,negative
15421,positive
15422,negative
15423,positive
15424,negative
15425,negative
15426,negative
15427,positive
15428,positive
15429,positive
15430,negative
15431,positive
15432,positive
15433,positive
15434,negative
15435,positive
15436,negative
15437,positive
15438,negative
15439,positive
15440,positive
15441,positive
15442,positive
15443,negative
15444,positive
15445,positive
15446,negative
15447,positive
15448,positive
15449,positive
15450,negative
15451,negative
15452,negative
15453,negative
15454,positive
15455,positive
15456,negative
15457,positive
15458,positive
15459,positive
15460,positive
15461,negative
15462,positive
15463,positive
15464,positive
15465,positive
15466,negative
15467,positive
15468,positive
15469,negative
15470,positive
15471,positive
15472,positive
15473,negative
15474,positive
15475,positive
15476,negative
15477,positive
15478,positive
15479,negative
15480,positive
15481,negative
15482,negative
15483,negative
15484,negative
15485,positive
15486,negative
15487,positive
15488,negative
15489,positive
15490,negative
15491,positive
15492,negative
15493,positive
15494,positive
15495,negative
15496,positive
15497,negative
15498,positive
15499,positive
15500,positive
15501,negative
15502,positive
15503,positive
15504,negative
15505,negative
15506,negative
15507,positive
15508,negative
15509,positive
15510,positive
15511,negative
15512,positive
15513,positive
15514,positive
15515,negative
15516,positive
15517,negative
15518,positive
15519,negative
15520,positive
15521,positive
15522,positive
15523,positive
15524,positive
15525,positive
15526,negative
15527,negative
15528,positive
15529,negative
15530,negative
15531,positive
15532,positive
15533,negative
15534,positive
15535,negative
15536,negative
15537,positive
15538,positive
15539,negative
15540,positive
15541,positive
15542,negative
15543,negative
15544,negative
15545,negative
15546,negative
15547,positive
15548,positive
15549,negative
15550,negative
15551,negative
15552,positive
15553,positive
15554,negative
15555,positive
15556,positive
15557,positive
15558,negative
15559,positive
15560,negative
15561,negative
15562,negative
15563,positive
15564,positive
15565,negative
15566,negative
15567,positive
15568,negative
15569,negative
15570,positive
15571,positive
15572,negative
15573,negative
15574,negative
15575,negative
15576,positive
15577,negative
15578,negative
15579,negative
15580,positive
15581,positive
15582,positive
15583,negative
15584,negative
15585,positive
15586,negative
15587,negative
15588,negative
15589,positive
15590,positive
15591,negative
15592,negative
15593,positive
15594,positive
15595,negative
15596,negative
15597,negative
15598,positive
15599,positive
15600,negative
15601,negative
15602,negative
15603,positive
15604,positive
15605,positive
15606,positive
15607,positive
15608,positive
15609,negative
15610,negative
15611,positive
15612,positive
15613,positive
15614,positive
15615,negative
15616,positive
15617,positive
15618,positive
15619,positive
15620,negative
15621,negative
15622,negative
15623,positive
15624,positive
15625,negative
15626,negative
15627,positive
15628,negative
15629,negative
15630,positive
15631,negative
15632,negative
15633,positive
15634,positive
15635,positive
15636,negative
15637,negative
15638,positive
15639,negative
15640,positive
15641,negative
15642,positive
15643,positive
15644,positive
15645,negative
15646,negative
15647,positive
15648,negative
15649,positive
15650,negative
15651,positive
15652,positive
15653,negative
15654,negative
15655,positive
15656,positive
15657,positive
15658,positive
15659,positive
15660,positive
15661,negative
15662,positive
15663,negative
15664,negative
15665,positive
15666,negative
15667,positive
15668,positive
15669,negative
15670,negative
15671,positive
15672,positive
15673,negative
15674,negative
15675,negative
15676,negative
15677,negative
15678,positive
15679,negative
15680,negative
15681,negative
15682,negative
15683,positive
15684,negative
15685,positive
15686,positive
15687,positive
15688,positive
15689,positive
15690,positive
15691,negative
15692,positive
15693,negative
15694,negative
15695,negative
15696,positive
15697,positive
15698,negative
15699,positive
15700,negative
15701,negative
15702,positive
15703,positive
15704,negative
15705,positive
15706,negative
15707,negative
15708,negative
15709,positive
15710,positive
15711,negative
15712,negative
15713,positive
15714,positive
15715,positive
15716,positive
15717,negative
15718,negative
15719,negative
15720,positive
15721,positive
15722,positive
15723,positive
15724,negative
15725,positive
15726,positive
15727,positive
15728,positive
15729,positive
15730,positive
15731,positive
15732,negative
15733,negative
15734,positive
15735,positive
15736,positive
15737,negative
15738,positive
15739,positive
15740,negative
15741,positive
15742,positive
15743,negative
15744,negative
15745,positive
15746,positive
15747,positive
15748,negative
15749,positive
15750,positive
15751,negative
15752,positive
15753,positive
15754,negative
15755,positive
15756,negative
15757,negative
15758,positive
15759,positive
15760,positive
15761,positive
15762,negative
15763,negative
15764,negative
15765,positive
15766,positive
15767,positive
15768,negative
15769,positive
15770,positive
15771,negative
15772,negative
15773,positive
15774,negative
15775,positive
15776,negative
15777,negative
15778,positive
15779,negative
15780,positive
15781,positive
15782,negative
15783,negative
15784,positive
15785,positive
15786,negative
15787,positive
15788,negative
15789,negative
15790,negative
15791,negative
15792,positive
15793,positive
15794,negative
15795,negative
15796,positive
15797,positive
15798,negative
15799,negative
15800,negative
15801,positive
15802,negative
15803,negative
15804,negative
15805,positive
15806,negative
15807,negative
15808,negative
15809,negative
15810,negative
15811,negative
15812,negative
15813,positive
15814,positive
15815,positive
15816,negative
15817,negative
15818,negative
15819,negative
15820,negative
15821,negative
15822,negative
15823,positive
15824,negative
15825,negative
15826,positive
15827,negative
15828,positive
15829,negative
15830,positive
15831,positive
15832,negative
15833,positive
15834,positive
15835,positive
15836,negative
15837,negative
15838,positive
15839,negative
15840,positive
15841,positive
15842,positive
15843,negative
15844,negative
15845,negative
15846,positive
15847,negative
15848,positive
15849,positive
15850,positive
15851,negative
15852,negative
15853,positive
15854,negative
15855,negative
15856,positive
15857,positive
15858,positive
15859,positive
15860,positive
15861,positive
15862,positive
15863,negative
15864,negative
15865,positive
15866,positive
15867,negative
15868,negative
15869,negative
15870,negative
15871,negative
15872,negative
15873,positive
15874,negative
15875,positive
15876,negative
15877,negative
15878,negative
15879,positive
15880,positive
15881,positive
15882,negative
15883,positive
15884,negative
15885,positive
15886,negative
15887,negative
15888,positive
15889,positive
15890,negative
15891,negative
15892,negative
15893,negative
15894,negative
15895,positive
15896,negative
15897,negative
15898,negative
15899,positive
15900,negative
15901,negative
15902,positive
15903,negative
15904,positive
15905,negative
15906,negative
15907,positive
15908,positive
15909,negative
15910,positive
15911,positive
15912,positive
15913,positive
15914,positive
15915,positive
15916,positive
15917,negative
15918,positive
15919,negative
15920,positive
15921,positive
15922,positive
15923,positive
15924,negative
15925,positive
15926,positive
15927,positive
15928,negative
15929,positive
15930,positive
15931,positive
15932,negative
15933,positive
15934,negative
15935,positive
15936,negative
15937,negative
15938,negative
15939,negative
15940,negative
15941,positive
15942,negative
15943,positive
15944,positive
15945,positive
15946,positive
15947,positive
15948,positive
15949,positive
15950,negative
15951,positive
15952,negative
15953,negative
15954,negative
15955,negative
15956,positive
15957,positive
15958,positive
15959,positive
15960,positive
15961,positive
15962,positive
15963,positive
15964,negative
15965,positive
15966,positive
15967,negative
15968,positive
15969,positive
15970,positive
15971,positive
15972,positive
15973,positive
15974,positive
15975,positive
15976,negative
15977,positive
15978,positive
15979,negative
15980,negative
15981,negative
15982,positive
15983,positive
15984,positive
15985,positive
15986,positive
15987,positive
15988,positive
15989,negative
15990,positive
15991,positive
15992,positive
15993,negative
15994,positive
15995,negative
15996,negative
15997,positive
15998,negative
15999,negative
16000,negative
16001,negative
16002,negative
16003,positive
16004,negative
16005,positive
16006,negative
16007,negative
16008,negative
16009,negative
16010,positive
16011,positive
16012,positive
16013,negative
16014,positive
16015,negative
16016,positive
16017,positive
16018,negative
16019,positive
16020,negative
16021,positive
16022,positive
16023,positive
16024,negative
16025,positive
16026,positive
16027,negative
16028,positive
16029,negative
16030,negative
16031,positive
16032,negative
16033,negative
16034,negative
16035,positive
16036,negative
16037,positive
16038,positive
16039,positive
16040,positive
16041,negative
16042,negative
16043,negative
16044,positive
16045,positive
16046,negative
16047,negative
16048,positive
16049,negative
16050,negative
16051,negative
16052,positive
16053,negative
16054,positive
16055,negative
16056,positive
16057,positive
16058,positive
16059,positive
16060,positive
16061,positive
16062,positive
16063,negative
16064,negative
16065,negative
16066,negative
16067,positive
16068,negative
16069,positive
16070,negative
16071,negative
16072,positive
16073,positive
16074,negative
16075,negative
16076,negative
16077,negative
16078,positive
16079,positive
16080,positive
16081,negative
16082,positive
16083,negative
16084,positive
16085,positive
16086,positive
16087,positive
16088,positive
16089,negative
16090,positive
16091,positive
16092,positive
16093,negative
16094,positive
16095,positive
16096,negative
16097,negative
16098,negative
16099,positive
16100,negative
16101,negative
16102,positive
16103,positive
16104,negative
16105,negative
16106,positive
16107,negative
16108,negative
16109,negative
16110,positive
16111,negative
16112,negative
16113,positive
16114,negative
16115,positive
16116,negative
16117,positive
16118,positive
16119,positive
16120,positive
16121,negative
16122,negative
16123,positive
16124,positive
16125,negative
16126,negative
16127,positive
16128,negative
16129,positive
16130,positive
16131,positive
16132,negative
16133,positive
16134,positive
16135,positive
16136,positive
16137,positive
16138,positive
16139,positive
16140,positive
16141,negative
16142,negative
16143,positive
16144,negative
16145,positive
16146,positive
16147,negative
16148,negative
16149,positive
16150,negative
16151,positive
16152,negative
16153,positive
16154,positive
16155,positive
16156,negative
16157,negative
16158,positive
16159,positive
16160,negative
16161,negative
16162,positive
16163,positive
16164,positive
16165,negative
16166,positive
16167,negative
16168,negative
16169,positive
16170,positive
16171,negative
16172,positive
16173,negative
16174,positive
16175,positive
16176,positive
16177,negative
16178,positive
16179,positive
16180,negative
16181,negative
16182,positive
16183,positive
16184,positive
16185,positive
16186,positive
16187,positive
16188,positive
16189,negative
16190,positive
16191,positive
16192,positive
16193,positive
16194,positive
16195,positive
16196,positive
16197,positive
16198,positive
16199,positive
16200,positive
16201,positive
16202,negative
16203,positive
16204,positive
16205,positive
16206,negative
16207,positive
16208,positive
16209,negative
16210,negative
16211,negative
16212,negative
16213,negative
16214,negative
16215,negative
16216,negative
16217,positive
16218,negative
16219,negative
16220,positive
16221,negative
16222,positive
16223,positive
16224,positive
16225,negative
16226,negative
16227,positive
16228,negative
16229,negative
16230,negative
16231,positive
16232,negative
16233,positive
16234,positive
16235,positive
16236,positive
16237,negative
16238,positive
16239,negative
16240,positive
16241,negative
16242,negative
16243,positive
16244,negative
16245,positive
16246,positive
16247,positive
16248,positive
16249,negative
16250,positive
16251,positive
16252,positive
16253,negative
16254,positive
16255,positive
16256,positive
16257,negative
16258,negative
16259,negative
16260,negative
16261,negative
16262,positive
16263,negative
16264,positive
16265,positive
16266,positive
16267,negative
16268,positive
16269,positive
16270,positive
16271,positive
16272,negative
16273,positive
16274,negative
16275,negative
16276,positive
16277,negative
16278,negative
16279,negative
16280,positive
16281,negative
16282,negative
16283,negative
16284,negative
16285,positive
16286,positive
16287,negative
16288,positive
16289,negative
16290,positive
16291,positive
16292,positive
16293,positive
16294,positive
16295,positive
16296,positive
16297,negative
16298,positive
16299,positive
16300,negative
16301,positive
16302,positive
16303,negative
16304,positive
16305,positive
16306,negative
16307,negative
16308,negative
16309,negative
16310,negative
16311,positive
16312,negative
16313,negative
16314,positive
16315,negative
16316,negative
16317,negative
16318,negative
16319,negative
16320,negative
16321,positive
16322,negative
16323,positive
16324,negative
16325,negative
16326,positive
16327,negative
16328,negative
16329,negative
16330,negative
16331,positive
16332,positive
16333,negative
16334,positive
16335,negative
16336,negative
16337,negative
16338,positive
16339,positive
16340,positive
16341,positive
16342,positive
16343,positive
16344,negative
16345,positive
16346,negative
16347,positive
16348,negative
16349,negative
16350,negative
16351,negative
16352,positive
16353,positive
16354,positive
16355,positive
16356,positive
16357,positive
16358,negative
16359,positive
16360,positive
16361,positive
16362,positive
16363,negative
16364,positive
16365,negative
16366,positive
16367,negative
16368,negative
16369,negative
16370,negative
16371,negative
16372,positive
16373,negative
16374,negative
16375,negative
16376,negative
16377,positive
16378,positive
16379,positive
16380,negative
16381,negative
16382,negative
16383,negative
16384,negative
16385,negative
16386,positive
16387,positive
16388,negative
16389,positive
16390,negative
16391,positive
16392,negative
16393,negative
16394,negative
16395,negative
16396,positive
16397,positive
16398,positive
16399,positive
16400,negative
16401,negative
16402,positive
16403,negative
16404,negative
16405,positive
16406,positive
16407,positive
16408,positive
16409,negative
16410,positive
16411,positive
16412,positive
16413,negative
16414,positive
16415,negative
16416,positive
16417,positive
16418,negative
16419,negative
16420,negative
16421,positive
16422,negative
16423,negative
16424,negative
16425,positive
16426,positive
16427,positive
16428,negative
16429,negative
16430,positive
16431,negative
16432,positive
16433,positive
16434,positive
16435,positive
16436,positive
16437,negative
16438,negative
16439,negative
16440,negative
16441,positive
16442,positive
16443,negative
16444,positive
16445,positive
16446,positive
16447,positive
16448,negative
16449,positive
16450,negative
16451,positive
16452,negative
16453,negative
16454,negative
16455,negative
16456,negative
16457,positive
16458,negative
16459,positive
16460,positive
16461,positive
16462,negative
16463,negative
16464,positive
16465,positive
16466,negative
16467,positive
16468,positive
16469,positive
16470,positive
16471,negative
16472,negative
16473,positive
16474,negative
16475,negative
16476,negative
16477,positive
16478,positive
16479,positive
16480,positive
16481,negative
16482,negative
16483,positive
16484,positive
16485,negative
16486,negative
16487,positive
16488,positive
16489,negative
16490,positive
16491,negative
16492,negative
16493,negative
16494,positive
16495,positive
16496,negative
16497,negative
16498,negative
16499,negative
16500,positive
16501,positive
16502,negative
16503,positive
16504,positive
16505,positive
16506,negative
16507,positive
16508,negative
16509,positive
16510,positive
16511,negative
16512,positive
16513,positive
16514,negative
16515,negative
16516,positive
16517,positive
16518,negative
16519,positive
16520,positive
16521,positive
16522,negative
16523,negative
16524,negative
16525,positive
16526,positive
16527,negative
16528,negative
16529,negative
16530,negative
16531,positive
16532,positive
16533,positive
16534,negative
16535,positive
16536,positive
16537,positive
16538,negative
16539,negative
16540,positive
16541,positive
16542,positive
16543,negative
16544,positive
16545,negative
16546,positive
16547,negative
16548,positive
16549,positive
16550,positive
16551,negative
16552,positive
16553,positive
16554,negative
16555,positive
16556,positive
16557,negative
16558,positive
16559,negative
16560,negative
16561,negative
16562,negative
16563,positive
16564,positive
16565,positive
16566,positive
16567,negative
16568,negative
16569,negative
16570,negative
16571,positive
16572,negative
16573,positive
16574,positive
16575,negative
16576,positive
16577,positive
16578,positive
16579,positive
16580,positive
16581,negative
16582,negative
16583,positive
16584,positive
16585,negative
16586,positive
16587,positive
16588,positive
16589,positive
16590,positive
16591,negative
16592,negative
16593,negative
16594,negative
16595,positive
16596,positive
16597,positive
16598,positive
16599,negative
16600,negative
16601,positive
16602,negative
16603,negative
16604,positive
16605,negative
16606,negative
16607,negative
16608,negative
16609,negative
16610,negative
16611,negative
16612,positive
16613,positive
16614,positive
16615,negative
16616,negative
16617,positive
16618,positive
16619,positive
16620,negative
16621,negative
16622,negative
16623,negative
16624,positive
16625,negative
16626,negative
16627,negative
16628,negative
16629,negative
16630,negative
16631,negative
16632,positive
16633,negative
16634,positive
16635,positive
16636,positive
16637,positive
16638,positive
16639,negative
16640,negative
16641,positive
16642,positive
16643,negative
16644,negative
16645,positive
16646,positive
16647,positive
16648,positive
16649,negative
16650,negative
16651,negative
16652,positive
16653,positive
16654,positive
16655,negative
16656,negative
16657,negative
16658,negative
16659,negative
16660,negative
16661,positive
16662,positive
16663,positive
16664,negative
16665,negative
16666,negative
16667,positive
16668,positive
16669,negative
16670,positive
16671,negative
16672,negative
16673,positive
16674,negative
16675,positive
16676,positive
16677,negative
16678,positive
16679,positive
16680,positive
16681,positive
16682,positive
16683,positive
16684,negative
16685,positive
16686,negative
16687,negative
16688,negative
16689,negative
16690,positive
16691,negative
16692,positive
16693,positive
16694,positive
16695,positive
16696,positive
16697,negative
16698,negative
16699,negative
16700,negative
16701,positive
16702,negative
16703,positive
16704,negative
16705,positive
16706,positive
16707,positive
16708,negative
16709,positive
16710,positive
16711,negative
16712,positive
16713,positive
16714,negative
16715,negative
16716,negative
16717,negative
16718,positive
16719,negative
16720,positive
16721,negative
16722,positive
16723,positive
16724,positive
16725,negative
16726,positive
16727,negative
16728,positive
16729,negative
16730,positive
16731,negative
16732,positive
16733,positive
16734,positive
16735,negative
16736,negative
16737,negative
16738,positive
16739,negative
16740,negative
16741,negative
16742,positive
16743,positive
16744,negative
16745,positive
16746,positive
16747,negative
16748,positive
16749,positive
16750,negative
16751,negative
16752,negative
16753,positive
16754,negative
16755,negative
16756,negative
16757,positive
16758,positive
16759,positive
16760,negative
16761,positive
16762,positive
16763,positive
16764,negative
16765,positive
16766,negative
16767,positive
16768,negative
16769,positive
16770,negative
16771,positive
16772,positive
16773,positive
16774,positive
16775,positive
16776,negative
16777,positive
16778,negative
16779,negative
16780,negative
16781,negative
16782,positive
16783,negative
16784,negative
16785,positive
16786,negative
16787,negative
16788,negative
16789,positive
16790,negative
16791,positive
16792,positive
16793,negative
16794,positive
16795,negative
16796,positive
16797,negative
16798,positive
16799,positive
16800,negative
16801,negative
16802,positive
16803,negative
16804,negative
16805,positive
16806,positive
16807,positive
16808,positive
16809,positive
16810,negative
16811,positive
16812,positive
16813,negative
16814,negative
16815,positive
16816,positive
16817,negative
16818,positive
16819,positive
16820,positive
16821,positive
16822,positive
16823,positive
16824,positive
16825,positive
16826,positive
16827,positive
16828,negative
16829,negative
16830,negative
16831,positive
16832,negative
16833,positive
16834,negative
16835,positive
16836,negative
16837,negative
16838,positive
16839,positive
16840,negative
16841,negative
16842,positive
16843,negative
16844,negative
16845,negative
16846,negative
16847,negative
16848,positive
16849,positive
16850,positive
16851,negative
16852,positive
16853,positive
16854,positive
16855,positive
16856,positive
16857,negative
16858,negative
16859,negative
16860,negative
16861,negative
16862,negative
16863,negative
16864,positive
16865,negative
16866,positive
16867,positive
16868,positive
16869,positive
16870,negative
16871,positive
16872,positive
16873,negative
16874,positive
16875,negative
16876,negative
16877,negative
16878,positive
16879,positive
16880,negative
16881,positive
16882,positive
16883,negative
16884,positive
16885,negative
16886,positive
16887,positive
16888,negative
16889,positive
16890,positive
16891,positive
16892,negative
16893,positive
16894,positive
16895,negative
16896,positive
16897,positive
16898,negative
16899,negative
16900,positive
16901,negative
16902,positive
16903,negative
16904,negative
16905,negative
16906,negative
16907,negative
16908,positive
16909,negative
16910,positive
16911,positive
16912,positive
16913,positive
16914,negative
16915,negative
16916,positive
16917,negative
16918,positive
16919,positive
16920,negative
16921,positive
16922,positive
16923,negative
16924,positive
16925,negative
16926,positive
16927,negative
16928,positive
16929,negative
16930,positive
16931,negative
16932,positive
16933,negative
16934,negative
16935,negative
16936,positive
16937,negative
16938,negative
16939,positive
16940,negative
16941,positive
16942,positive
16943,positive
16944,negative
16945,positive
16946,negative
16947,negative
16948,positive
16949,positive
16950,negative
16951,positive
16952,positive
16953,positive
16954,positive
16955,positive
16956,positive
16957,negative
16958,negative
16959,negative
16960,negative
16961,negative
16962,positive
16963,positive
16964,negative
16965,negative
16966,negative
16967,negative
16968,negative
16969,positive
16970,positive
16971,positive
16972,negative
16973,negative
16974,positive
16975,negative
16976,negative
16977,positive
16978,positive
16979,positive
16980,positive
16981,positive
16982,positive
16983,negative
16984,positive
16985,negative
16986,negative
16987,negative
16988,negative
16989,negative
16990,negative
16991,negative
16992,negative
16993,positive
16994,negative
16995,negative
16996,positive
16997,positive
16998,positive
16999,negative
17000,positive
17001,negative
17002,positive
17003,positive
17004,positive
17005,positive
17006,negative
17007,positive
17008,negative
17009,negative
17010,positive
17011,positive
17012,positive
17013,negative
17014,positive
17015,negative
17016,positive
17017,positive
17018,positive
17019,negative
17020,positive
17021,positive
17022,negative
17023,negative
17024,positive
17025,negative
17026,negative
17027,positive
17028,positive
17029,negative
17030,positive
17031,negative
17032,positive
17033,negative
17034,positive
17035,negative
17036,negative
17037,positive
17038,negative
17039,positive
17040,positive
17041,negative
17042,positive
17043,positive
17044,negative
17045,negative
17046,positive
17047,negative
17048,negative
17049,positive
17050,negative
17051,positive
17052,positive
17053,positive
17054,negative
17055,positive
17056,negative
17057,positive
17058,negative
17059,negative
17060,positive
17061,positive
17062,positive
17063,negative
17064,negative
17065,negative
17066,positive
17067,positive
17068,positive
17069,negative
17070,positive
17071,positive
17072,positive
17073,positive
17074,negative
17075,negative
17076,negative
17077,negative
17078,positive
17079,positive
17080,negative
17081,negative
17082,negative
17083,negative
17084,positive
17085,positive
17086,positive
17087,positive
17088,positive
17089,negative
17090,negative
17091,positive
17092,positive
17093,positive
17094,negative
17095,negative
17096,positive
17097,negative
17098,positive
17099,negative
17100,positive
17101,positive
17102,negative
17103,negative
17104,positive
17105,negative
17106,positive
17107,negative
17108,positive
17109,negative
17110,negative
17111,positive
17112,negative
17113,negative
17114,negative
17115,negative
17116,positive
17117,negative
17118,positive
17119,negative
17120,negative
17121,positive
17122,positive
17123,positive
17124,positive
17125,negative
17126,positive
17127,positive
17128,negative
17129,negative
17130,negative
17131,positive
17132,positive
17133,positive
17134,positive
17135,positive
17136,positive
17137,negative
17138,negative
17139,positive
17140,negative
17141,positive
17142,positive
17143,positive
17144,positive
17145,negative
17146,positive
17147,positive
17148,positive
17149,negative
17150,positive
17151,negative
17152,negative
17153,negative
17154,positive
17155,positive
17156,positive
17157,negative
17158,positive
17159,positive
17160,positive
17161,positive
17162,positive
17163,positive
17164,positive
17165,positive
17166,negative
17167,positive
17168,positive
17169,positive
17170,negative
17171,negative
17172,negative
17173,negative
17174,negative
17175,negative
17176,negative
17177,positive
17178,negative
17179,negative
17180,positive
17181,negative
17182,negative
17183,negative
17184,negative
17185,negative
17186,negative
17187,positive
17188,positive
17189,positive
17190,negative
17191,negative
17192,negative
17193,positive
17194,positive
17195,positive
17196,positive
17197,positive
17198,negative
17199,positive
17200,negative
17201,positive
17202,positive
17203,negative
17204,positive
17205,negative
17206,negative
17207,negative
17208,negative
17209,positive
17210,positive
17211,negative
17212,negative
17213,positive
17214,negative
17215,positive
17216,positive
17217,negative
17218,positive
17219,positive
17220,positive
17221,negative
17222,positive
17223,positive
17224,positive
17225,negative
17226,negative
17227,negative
17228,negative
17229,negative
17230,negative
17231,positive
17232,negative
17233,positive
17234,negative
17235,positive
17236,positive
17237,negative
17238,negative
17239,negative
17240,positive
17241,positive
17242,negative
17243,positive
17244,positive
17245,positive
17246,negative
17247,positive
17248,positive
17249,negative
17250,negative
17251,positive
17252,positive
17253,positive
17254,negative
17255,positive
17256,positive
17257,positive
17258,positive
17259,positive
17260,negative
17261,positive
17262,negative
17263,negative
17264,positive
17265,positive
17266,negative
17267,negative
17268,negative
17269,negative
17270,positive
17271,negative
17272,positive
17273,positive
17274,positive
17275,positive
17276,negative
17277,negative
17278,positive
17279,positive
17280,positive
17281,positive
17282,negative
17283,negative
17284,positive
17285,negative
17286,negative
17287,positive
17288,negative
17289,positive
17290,positive
17291,positive
17292,positive
17293,positive
17294,positive
17295,positive
17296,negative
17297,positive
17298,negative
17299,negative
17300,positive
17301,positive
17302,positive
17303,negative
17304,positive
17305,negative
17306,negative
17307,positive
17308,negative
17309,negative
17310,negative
17311,negative
17312,negative
17313,positive
17314,positive
17315,positive
17316,negative
17317,positive
17318,negative
17319,positive
17320,positive
17321,positive
17322,negative
17323,positive
17324,positive
17325,negative
17326,negative
17327,negative
17328,positive
17329,positive
17330,negative
17331,negative
17332,negative
17333,negative
17334,positive
17335,negative
17336,negative
17337,positive
17338,positive
17339,negative
17340,negative
17341,negative
17342,negative
17343,negative
17344,positive
17345,positive
17346,positive
17347,positive
17348,negative
17349,positive
17350,negative
17351,negative
17352,negative
17353,positive
17354,positive
17355,negative
17356,negative
17357,negative
17358,negative
17359,negative
17360,positive
17361,positive
17362,positive
17363,negative
17364,negative
17365,positive
17366,positive
17367,positive
17368,negative
17369,positive
17370,positive
17371,negative
17372,positive
17373,positive
17374,negative
17375,positive
17376,positive
17377,negative
17378,negative
17379,negative
17380,positive
17381,negative
17382,positive
17383,negative
17384,negative
17385,negative
17386,negative
17387,positive
17388,positive
17389,negative
17390,negative
17391,negative
17392,negative
17393,negative
17394,positive
17395,negative
17396,negative
17397,negative
17398,negative
17399,negative
17400,negative
17401,positive
17402,positive
17403,positive
17404,positive
17405,negative
17406,positive
17407,negative
17408,positive
17409,positive
17410,negative
17411,positive
17412,positive
17413,positive
17414,positive
17415,positive
17416,negative
17417,positive
17418,negative
17419,positive
17420,positive
17421,negative
17422,negative
17423,positive
17424,positive
17425,positive
17426,positive
17427,positive
17428,positive
17429,positive
17430,negative
17431,negative
17432,positive
17433,negative
17434,positive
17435,negative
17436,positive
17437,negative
17438,positive
17439,negative
17440,negative
17441,positive
17442,positive
17443,positive
17444,negative
17445,positive
17446,negative
17447,negative
17448,positive
17449,positive
17450,negative
17451,positive
17452,negative
17453,negative
17454,negative
17455,positive
17456,negative
17457,negative
17458,negative
17459,positive
17460,positive
17461,negative
17462,positive
17463,negative
17464,negative
17465,positive
17466,negative
17467,negative
17468,negative
17469,negative
17470,positive
17471,positive
17472,positive
17473,negative
17474,positive
17475,negative
17476,positive
17477,negative
17478,negative
17479,negative
17480,positive
17481,negative
17482,negative
17483,positive
17484,negative
17485,positive
17486,negative
17487,positive
17488,negative
17489,negative
17490,positive
17491,negative
17492,negative
17493,positive
17494,negative
17495,positive
17496,positive
17497,positive
17498,positive
17499,positive
17500,negative
17501,positive
17502,negative
17503,negative
17504,positive
17505,negative
17506,positive
17507,negative
17508,negative
17509,positive
17510,negative
17511,positive
17512,negative
17513,positive
17514,positive
17515,positive
17516,negative
17517,negative
17518,positive
17519,positive
17520,negative
17521,negative
17522,positive
17523,negative
17524,negative
17525,negative
17526,positive
17527,positive
17528,negative
17529,positive
17530,negative
17531,negative
17532,positive
17533,positive
17534,negative
17535,positive
17536,positive
17537,positive
17538,positive
17539,positive
17540,positive
17541,positive
17542,positive
17543,positive
17544,negative
17545,negative
17546,positive
17547,negative
17548,negative
17549,positive
17550,positive
17551,positive
17552,positive
17553,positive
17554,negative
17555,negative
17556,positive
17557,positive
17558,negative
17559,negative
17560,positive
17561,positive
17562,negative
17563,negative
17564,positive
17565,negative
17566,negative
17567,negative
17568,negative
17569,negative
17570,negative
17571,negative
17572,negative
17573,positive
17574,positive
17575,positive
17576,negative
17577,positive
17578,negative
17579,negative
17580,positive
17581,negative
17582,positive
17583,negative
17584,negative
17585,positive
17586,positive
17587,negative
17588,negative
17589,positive
17590,positive
17591,positive
17592,positive
17593,positive
17594,positive
17595,positive
17596,positive
17597,positive
17598,negative
17599,negative
17600,negative
17601,negative
17602,positive
17603,positive
17604,positive
17605,negative
17606,positive
17607,negative
17608,positive
17609,positive
17610,positive
17611,negative
17612,positive
17613,positive
17614,positive
17615,positive
17616,positive
17617,positive
17618,negative
17619,positive
17620,negative
17621,positive
17622,negative
17623,negative
17624,negative
17625,positive
17626,positive
17627,negative
17628,negative
17629,positive
17630,positive
17631,negative
17632,positive
17633,negative
17634,negative
17635,positive
17636,positive
17637,positive
17638,negative
17639,negative
17640,positive
17641,negative
17642,positive
17643,positive
17644,negative
17645,negative
17646,negative
17647,negative
17648,negative
17649,negative
17650,positive
17651,negative
17652,negative
17653,negative
17654,negative
17655,positive
17656,negative
17657,negative
17658,positive
17659,positive
17660,negative
17661,negative
17662,positive
17663,negative
17664,positive
17665,negative
17666,negative
17667,negative
17668,positive
17669,negative
17670,positive
17671,positive
17672,negative
17673,positive
17674,positive
17675,positive
17676,negative
17677,positive
17678,negative
17679,positive
17680,positive
17681,negative
17682,positive
17683,positive
17684,negative
17685,positive
17686,negative
17687,negative
17688,negative
17689,positive
17690,positive
17691,positive
17692,positive
17693,positive
17694,positive
17695,negative
17696,positive
17697,positive
17698,positive
17699,positive
17700,negative
17701,positive
17702,positive
17703,positive
17704,positive
17705,positive
17706,negative
17707,negative
17708,negative
17709,positive
17710,positive
17711,positive
17712,negative
17713,positive
17714,positive
17715,negative
17716,positive
17717,positive
17718,negative
17719,positive
17720,negative
17721,positive
17722,positive
17723,negative
17724,negative
17725,positive
17726,positive
17727,negative
17728,positive
17729,negative
17730,positive
17731,negative
17732,positive
17733,positive
17734,positive
17735,negative
17736,negative
17737,positive
17738,positive
17739,positive
17740,positive
17741,positive
17742,negative
17743,negative
17744,negative
17745,positive
17746,negative
17747,positive
17748,negative
17749,positive
17750,negative
17751,positive
17752,positive
17753,negative
17754,positive
17755,negative
17756,negative
17757,positive
17758,negative
17759,positive
17760,positive
17761,positive
17762,positive
17763,negative
17764,negative
17765,negative
17766,negative
17767,positive
17768,negative
17769,positive
17770,positive
17771,negative
17772,negative
17773,positive
17774,negative
17775,positive
17776,negative
17777,positive
17778,negative
17779,negative
17780,negative
17781,positive
17782,positive
17783,negative
17784,negative
17785,positive
17786,positive
17787,negative
17788,negative
17789,positive
17790,positive
17791,positive
17792,negative
17793,negative
17794,positive
17795,positive
17796,positive
17797,negative
17798,positive
17799,positive
17800,negative
17801,positive
17802,positive
17803,positive
17804,positive
17805,positive
17806,negative
17807,negative
17808,positive
17809,negative
17810,positive
17811,positive
17812,negative
17813,positive
17814,negative
17815,positive
17816,negative
17817,positive
17818,negative
17819,negative
17820,positive
17821,negative
17822,negative
17823,positive
17824,positive
17825,negative
17826,negative
17827,positive
17828,positive
17829,positive
17830,negative
17831,negative
17832,positive
17833,negative
17834,negative
17835,positive
17836,positive
17837,positive
17838,positive
17839,negative
17840,negative
17841,positive
17842,positive
17843,negative
17844,positive
17845,positive
17846,positive
17847,positive
17848,positive
17849,negative
17850,positive
17851,positive
17852,positive
17853,negative
17854,negative
17855,positive
17856,negative
17857,negative
17858,positive
17859,negative
17860,negative
17861,positive
17862,positive
17863,positive
17864,negative
17865,negative
17866,negative
17867,negative
17868,positive
17869,positive
17870,positive
17871,positive
17872,positive
17873,negative
17874,positive
17875,positive
17876,positive
17877,negative
17878,positive
17879,positive
17880,positive
17881,positive
17882,negative
17883,positive
17884,negative
17885,positive
17886,positive
17887,positive
17888,positive
17889,positive
17890,positive
17891,positive
17892,positive
17893,negative
17894,negative
17895,negative
17896,negative
17897,negative
17898,positive
17899,positive
17900,negative
17901,negative
17902,negative
17903,negative
17904,positive
17905,negative
17906,negative
17907,negative
17908,negative
17909,negative
17910,positive
17911,positive
17912,positive
17913,negative
17914,positive
17915,negative
17916,negative
17917,negative
17918,positive
17919,positive
17920,negative
17921,positive
17922,negative
17923,negative
17924,positive
17925,negative
17926,positive
17927,negative
17928,negative
17929,positive
17930,positive
17931,negative
17932,negative
17933,positive
17934,positive
17935,negative
17936,negative
17937,positive
17938,negative
17939,negative
17940,positive
17941,positive
17942,negative
17943,positive
17944,negative
17945,positive
17946,positive
17947,negative
17948,negative
17949,negative
17950,negative
17951,negative
17952,negative
17953,positive
17954,negative
17955,negative
17956,positive
17957,positive
17958,negative
17959,negative
17960,positive
17961,positive
17962,negative
17963,negative
17964,positive
17965,positive
17966,positive
17967,negative
17968,positive
17969,negative
17970,positive
17971,positive
17972,negative
17973,negative
17974,positive
17975,positive
17976,positive
17977,positive
17978,positive
17979,negative
17980,positive
17981,positive
17982,positive
17983,negative
17984,negative
17985,negative
17986,positive
17987,negative
17988,negative
17989,negative
17990,positive
17991,negative
17992,negative
17993,positive
17994,negative
17995,negative
17996,positive
17997,positive
17998,positive
17999,positive
18000,negative
18001,positive
18002,positive
18003,negative
18004,negative
18005,positive
18006,positive
18007,positive
18008,positive
18009,positive
18010,negative
18011,positive
18012,negative
18013,negative
18014,positive
18015,positive
18016,positive
18017,positive
18018,positive
18019,negative
18020,positive
18021,positive
18022,negative
18023,positive
18024,positive
18025,positive
18026,negative
18027,positive
18028,negative
18029,negative
18030,positive
18031,positive
18032,negative
18033,positive
18034,negative
18035,negative
18036,positive
18037,positive
18038,negative
18039,negative
18040,positive
18041,negative
18042,positive
18043,negative
18044,positive
18045,positive
18046,negative
18047,negative
18048,negative
18049,positive
18050,negative
18051,positive
18052,positive
18053,positive
18054,positive
18055,negative
18056,positive
18057,negative
18058,negative
18059,negative
18060,positive
18061,positive
18062,negative
18063,negative
18064,positive
18065,negative
18066,positive
18067,positive
18068,positive
18069,negative
18070,positive
18071,negative
18072,positive
18073,positive
18074,negative
18075,positive
18076,positive
18077,negative
18078,positive
18079,negative
18080,positive
18081,positive
18082,positive
18083,positive
18084,negative
18085,negative
18086,positive
18087,negative
18088,positive
18089,positive
18090,positive
18091,positive
18092,positive
18093,positive
18094,negative
18095,positive
18096,positive
18097,positive
18098,negative
18099,negative
18100,positive
18101,negative
18102,negative
18103,negative
18104,negative
18105,negative
18106,negative
18107,positive
18108,positive
18109,negative
18110,positive
18111,positive
18112,positive
18113,positive
18114,positive
18115,negative
18116,negative
18117,positive
18118,negative
18119,negative
18120,negative
18121,negative
18122,negative
18123,positive
18124,positive
18125,positive
18126,negative
18127,positive
18128,positive
18129,negative
18130,positive
18131,positive
18132,negative
18133,negative
18134,negative
18135,negative
18136,negative
18137,positive
18138,negative
18139,positive
18140,negative
18141,positive
18142,negative
18143,positive
18144,positive
18145,negative
18146,positive
18147,negative
18148,negative
18149,positive
18150,positive
18151,positive
18152,negative
18153,positive
18154,negative
18155,positive
18156,positive
18157,positive
18158,negative
18159,positive
18160,positive
18161,negative
18162,positive
18163,negative
18164,positive
18165,negative
18166,negative
18167,negative
18168,positive
18169,negative
18170,negative
18171,negative
18172,positive
18173,positive
18174,positive
18175,negative
18176,positive
18177,positive
18178,positive
18179,positive
18180,positive
18181,positive
18182,negative
18183,negative
18184,negative
18185,negative
18186,positive
18187,negative
18188,negative
18189,positive
18190,positive
18191,positive
18192,positive
18193,negative
18194,positive
18195,negative
18196,negative
18197,positive
18198,positive
18199,positive
18200,positive
18201,negative
18202,positive
18203,positive
18204,negative
18205,negative
18206,positive
18207,negative
18208,negative
18209,positive
18210,positive
18211,negative
18212,positive
18213,positive
18214,negative
18215,negative
18216,positive
18217,positive
18218,negative
18219,negative
18220,positive
18221,negative
18222,negative
18223,negative
18224,positive
18225,positive
18226,positive
18227,positive
18228,negative
18229,negative
18230,positive
18231,positive
18232,negative
18233,positive
18234,positive
18235,negative
18236,negative
18237,negative
18238,positive
18239,negative
18240,positive
18241,negative
18242,positive
18243,positive
18244,negative
18245,positive
18246,positive
18247,positive
18248,positive
18249,positive
18250,negative
18251,positive
18252,negative
18253,negative
18254,positive
18255,positive
18256,positive
18257,positive
18258,negative
18259,negative
18260,positive
18261,positive
18262,negative
18263,negative
18264,positive
18265,negative
18266,negative
18267,negative
18268,positive
18269,negative
18270,positive
18271,negative
18272,negative
18273,positive
18274,negative
18275,positive
18276,positive
18277,positive
18278,positive
18279,positive
18280,negative
18281,negative
18282,negative
18283,positive
18284,positive
18285,negative
18286,negative
18287,positive
18288,positive
18289,negative
18290,positive
18291,positive
18292,positive
18293,negative
18294,positive
18295,positive
18296,positive
18297,negative
18298,positive
18299,negative
18300,positive
18301,positive
18302,negative
18303,positive
18304,positive
18305,negative
18306,positive
18307,positive
18308,positive
18309,positive
18310,positive
18311,positive
18312,negative
18313,positive
18314,positive
18315,negative
18316,negative
18317,positive
18318,negative
18319,negative
18320,negative
18321,negative
18322,positive
18323,negative
18324,positive
18325,positive
18326,negative
18327,negative
18328,positive
18329,negative
18330,negative
18331,positive
18332,negative
18333,positive
18334,positive
18335,negative
18336,positive
18337,negative
18338,negative
18339,positive
18340,positive
18341,negative
18342,positive
18343,positive
18344,positive
18345,positive
18346,negative
18347,positive
18348,negative
18349,positive
18350,negative
18351,negative
18352,positive
18353,negative
18354,negative
18355,positive
18356,positive
18357,positive
18358,negative
18359,positive
18360,negative
18361,positive
18362,positive
18363,positive
18364,positive
18365,positive
18366,negative
18367,negative
18368,positive
18369,negative
18370,negative
18371,positive
18372,negative
18373,negative
18374,positive
18375,negative
18376,negative
18377,positive
18378,positive
18379,negative
18380,positive
18381,positive
18382,negative
18383,negative
18384,positive
18385,positive
18386,negative
18387,positive
18388,positive
18389,positive
18390,negative
18391,positive
18392,negative
18393,positive
18394,negative
18395,positive
18396,positive
18397,negative
18398,negative
18399,positive
18400,positive
18401,negative
18402,positive
18403,positive
18404,negative
18405,negative
18406,positive
18407,positive
18408,negative
18409,negative
18410,negative
18411,positive
18412,positive
18413,positive
18414,negative
18415,negative
18416,positive
18417,positive
18418,negative
18419,negative
18420,positive
18421,positive
18422,positive
18423,positive
18424,positive
18425,negative
18426,negative
18427,positive
18428,negative
18429,positive
18430,positive
18431,positive
18432,negative
18433,positive
18434,negative
18435,positive
18436,negative
18437,positive
18438,negative
18439,negative
18440,positive
18441,negative
18442,positive
18443,negative
18444,negative
18445,positive
18446,negative
18447,positive
18448,positive
18449,positive
18450,positive
18451,positive
18452,negative
18453,negative
18454,negative
18455,negative
18456,negative
18457,positive
18458,negative
18459,negative
18460,negative
18461,positive
18462,positive
18463,positive
18464,positive
18465,negative
18466,positive
18467,positive
18468,positive
18469,positive
18470,negative
18471,positive
18472,positive
18473,positive
18474,negative
18475,positive
18476,negative
18477,negative
18478,positive
18479,positive
18480,positive
18481,negative
18482,negative
18483,positive
18484,negative
18485,negative
18486,positive
18487,positive
18488,positive
18489,positive
18490,negative
18491,positive
18492,positive
18493,negative
18494,positive
18495,positive
18496,positive
18497,positive
18498,positive
18499,negative
18500,positive
18501,negative
18502,negative
18503,positive
18504,negative
18505,positive
18506,positive
18507,positive
18508,negative
18509,positive
18510,positive
18511,negative
18512,positive
18513,positive
18514,negative
18515,positive
18516,negative
18517,negative
18518,negative
18519,positive
18520,negative
18521,negative
18522,positive
18523,negative
18524,positive
18525,positive
18526,positive
18527,positive
18528,negative
18529,negative
18530,positive
18531,negative
18532,positive
18533,positive
18534,positive
18535,positive
18536,negative
18537,negative
18538,negative
18539,negative
18540,negative
18541,positive
18542,positive
18543,positive
18544,positive
18545,negative
18546,positive
18547,positive
18548,negative
18549,positive
18550,positive
18551,positive
18552,positive
18553,positive
18554,positive
18555,positive
18556,positive
18557,negative
18558,positive
18559,negative
18560,positive
18561,negative
18562,negative
18563,positive
18564,positive
18565,negative
18566,negative
18567,positive
18568,positive
18569,positive
18570,negative
18571,positive
18572,positive
18573,negative
18574,negative
18575,negative
18576,positive
18577,positive
18578,negative
18579,positive
18580,positive
18581,negative
18582,negative
18583,positive
18584,positive
18585,positive
18586,negative
18587,negative
18588,positive
18589,negative
18590,positive
18591,positive
18592,negative
18593,positive
18594,negative
18595,positive
18596,positive
18597,positive
18598,negative
18599,negative
18600,positive
18601,negative
18602,negative
18603,positive
18604,negative
18605,positive
18606,positive
18607,positive
18608,positive
18609,positive
18610,negative
18611,negative
18612,negative
18613,negative
18614,negative
18615,negative
18616,positive
18617,negative
18618,negative
18619,negative
18620,negative
18621,negative
18622,positive
18623,positive
18624,positive
18625,negative
18626,positive
18627,positive
18628,positive
18629,positive
18630,positive
18631,positive
18632,negative
18633,negative
18634,positive
18635,positive
18636,negative
18637,positive
18638,negative
18639,negative
18640,negative
18641,negative
18642,negative
18643,negative
18644,positive
18645,positive
18646,positive
18647,positive
18648,negative
18649,negative
18650,positive
18651,negative
18652,negative
18653,negative
18654,negative
18655,positive
18656,negative
18657,positive
18658,negative
18659,negative
18660,positive
18661,positive
18662,positive
18663,positive
18664,negative
18665,positive
18666,negative
18667,positive
18668,positive
18669,negative
18670,negative
18671,positive
18672,negative
18673,negative
18674,positive
18675,negative
18676,positive
18677,positive
18678,negative
18679,positive
18680,positive
18681,positive
18682,positive
18683,positive
18684,positive
18685,negative
18686,positive
18687,negative
18688,negative
18689,negative
18690,positive
18691,negative
18692,negative
18693,positive
18694,positive
18695,positive
18696,positive
18697,positive
18698,positive
18699,negative
18700,positive
18701,positive
18702,positive
18703,positive
18704,positive
18705,negative
18706,positive
18707,negative
18708,positive
18709,negative
18710,negative
18711,negative
18712,positive
18713,negative
18714,positive
18715,negative
18716,negative
18717,negative
18718,negative
18719,negative
18720,positive
18721,negative
18722,positive
18723,negative
18724,positive
18725,negative
18726,positive
18727,positive
18728,positive
18729,negative
18730,positive
18731,negative
18732,positive
18733,negative
18734,negative
18735,negative
18736,positive
18737,negative
18738,negative
18739,positive
18740,negative
18741,negative
18742,positive
18743,negative
18744,positive
18745,negative
18746,positive
18747,negative
18748,negative
18749,negative
18750,negative
18751,positive
18752,positive
18753,positive
18754,positive
18755,positive
18756,positive
18757,negative
18758,negative
18759,negative
18760,positive
18761,negative
18762,negative
18763,negative
18764,negative
18765,positive
18766,negative
18767,positive
18768,positive
18769,positive
18770,positive
18771,positive
18772,positive
18773,negative
18774,positive
18775,negative
18776,positive
18777,positive
18778,negative
18779,positive
18780,positive
18781,negative
18782,positive
18783,negative
18784,negative
18785,negative
18786,positive
18787,positive
18788,positive
18789,positive
18790,positive
18791,positive
18792,positive
18793,positive
18794,positive
18795,positive
18796,negative
18797,positive
18798,negative
18799,positive
18800,positive
18801,negative
18802,positive
18803,negative
18804,positive
18805,positive
18806,negative
18807,positive
18808,negative
18809,positive
18810,positive
18811,negative
18812,negative
18813,positive
18814,positive
18815,negative
18816,positive
18817,negative
18818,negative
18819,negative
18820,negative
18821,positive
18822,positive
18823,negative
18824,positive
18825,positive
18826,negative
18827,positive
18828,negative
18829,positive
18830,negative
18831,positive
18832,negative
18833,negative
18834,positive
18835,positive
18836,negative
18837,negative
18838,negative
18839,positive
18840,negative
18841,positive
18842,positive
18843,negative
18844,negative
18845,positive
18846,positive
18847,positive
18848,positive
18849,negative
18850,negative
18851,positive
18852,positive
18853,negative
18854,negative
18855,negative
18856,positive
18857,negative
18858,negative
18859,positive
18860,negative
18861,negative
18862,negative
18863,negative
18864,positive
18865,negative
18866,positive
18867,positive
18868,positive
18869,positive
18870,positive
18871,positive
18872,positive
18873,negative
18874,positive
18875,positive
18876,negative
18877,negative
18878,positive
18879,positive
18880,positive
18881,negative
18882,positive
18883,negative
18884,negative
18885,negative
18886,negative
18887,negative
18888,negative
18889,positive
18890,negative
18891,positive
18892,positive
18893,negative
18894,negative
18895,negative
18896,negative
18897,positive
18898,positive
18899,negative
18900,negative
18901,positive
18902,negative
18903,negative
18904,positive
18905,positive
18906,negative
18907,negative
18908,negative
18909,negative
18910,negative
18911,negative
18912,negative
18913,positive
18914,positive
18915,negative
18916,positive
18917,positive
18918,positive
18919,positive
18920,positive
18921,positive
18922,positive
18923,negative
18924,positive
18925,positive
18926,positive
18927,positive
18928,negative
18929,negative
18930,positive
18931,positive
18932,negative
18933,positive
18934,negative
18935,negative
18936,negative
18937,negative
18938,negative
18939,negative
18940,positive
18941,negative
18942,positive
18943,positive
18944,positive
18945,positive
18946,negative
18947,negative
18948,negative
18949,positive
18950,positive
18951,negative
18952,positive
18953,positive
18954,negative
18955,positive
18956,negative
18957,negative
18958,positive
18959,negative
18960,positive
18961,positive
18962,negative
18963,positive
18964,positive
18965,negative
18966,positive
18967,positive
18968,negative
18969,negative
18970,negative
18971,negative
18972,negative
18973,negative
18974,negative
18975,positive
18976,positive
18977,positive
18978,positive
18979,positive
18980,negative
18981,positive
18982,positive
18983,positive
18984,positive
18985,negative
18986,positive
18987,negative
18988,positive
18989,negative
18990,negative
18991,positive
18992,positive
18993,positive
18994,positive
18995,negative
18996,negative
18997,positive
18998,positive
18999,positive
19000,negative
19001,negative
19002,negative
19003,negative
19004,positive
19005,positive
19006,positive
19007,positive
19008,positive
19009,negative
19010,positive
19011,negative
19012,positive
19013,negative
19014,positive
19015,positive
19016,negative
19017,negative
19018,negative
19019,positive
19020,negative
19021,negative
19022,positive
19023,positive
19024,negative
19025,negative
19026,negative
19027,negative
19028,negative
19029,negative
19030,positive
19031,negative
19032,positive
19033,negative
19034,positive
19035,negative
19036,negative
19037,negative
19038,negative
19039,negative
19040,positive
19041,positive
19042,negative
19043,positive
19044,negative
19045,positive
19046,negative
19047,negative
19048,negative
19049,positive
19050,negative
19051,positive
19052,negative
19053,negative
19054,negative
19055,negative
19056,positive
19057,negative
19058,positive
19059,negative
19060,positive
19061,positive
19062,negative
19063,negative
19064,positive
19065,negative
19066,positive
19067,positive
19068,positive
19069,negative
19070,positive
19071,positive
19072,negative
19073,negative
19074,negative
19075,negative
19076,negative
19077,positive
19078,positive
19079,positive
19080,negative
19081,positive
19082,positive
19083,positive
19084,positive
19085,negative
19086,negative
19087,positive
19088,positive
19089,positive
19090,positive
19091,positive
19092,negative
19093,negative
19094,negative
19095,negative
19096,negative
19097,negative
19098,negative
19099,positive
19100,positive
19101,positive
19102,negative
19103,negative
19104,positive
19105,positive
19106,negative
19107,positive
19108,positive
19109,negative
19110,negative
19111,positive
19112,positive
19113,negative
19114,negative
19115,positive
19116,positive
19117,negative
19118,positive
19119,positive
19120,negative
19121,negative
19122,negative
19123,positive
19124,negative
19125,positive
19126,positive
19127,positive
19128,negative
19129,negative
19130,positive
19131,positive
19132,negative
19133,positive
19134,positive
19135,positive
19136,positive
19137,positive
19138,negative
19139,positive
19140,positive
19141,positive
19142,positive
19143,negative
19144,negative
19145,positive
19146,positive
19147,negative
19148,negative
19149,negative
19150,negative
19151,negative
19152,positive
19153,negative
19154,negative
19155,positive
19156,positive
19157,positive
19158,positive
19159,positive
19160,negative
19161,positive
19162,negative
19163,negative
19164,negative
19165,negative
19166,negative
19167,negative
19168,negative
19169,negative
19170,positive
19171,positive
19172,positive
19173,positive
19174,negative
19175,positive
19176,negative
19177,negative
19178,positive
19179,positive
19180,negative
19181,negative
19182,positive
19183,negative
19184,positive
19185,positive
19186,positive
19187,negative
19188,positive
19189,negative
19190,positive
19191,positive
19192,positive
19193,negative
19194,positive
19195,positive
19196,positive
19197,negative
19198,positive
19199,positive
19200,negative
19201,negative
19202,negative
19203,positive
19204,positive
19205,negative
19206,negative
19207,positive
19208,positive
19209,negative
19210,positive
19211,positive
19212,positive
19213,positive
19214,negative
19215,positive
19216,positive
19217,negative
19218,negative
19219,negative
19220,positive
19221,positive
19222,negative
19223,positive
19224,negative
19225,positive
19226,positive
19227,negative
19228,positive
19229,positive
19230,positive
19231,negative
19232,negative
19233,negative
19234,positive
19235,negative
19236,negative
19237,positive
19238,positive
19239,positive
19240,positive
19241,positive
19242,positive
19243,negative
19244,negative
19245,negative
19246,positive
19247,negative
19248,negative
19249,positive
19250,positive
19251,positive
19252,negative
19253,positive
19254,positive
19255,positive
19256,positive
19257,positive
19258,negative
19259,positive
19260,negative
19261,positive
19262,negative
19263,positive
19264,positive
19265,positive
19266,positive
19267,positive
19268,positive
19269,negative
19270,negative
19271,positive
19272,positive
19273,positive
19274,negative
19275,positive
19276,positive
19277,positive
19278,negative
19279,negative
19280,negative
19281,positive
19282,negative
19283,positive
19284,positive
19285,negative
19286,positive
19287,positive
19288,positive
19289,negative
19290,negative
19291,negative
19292,positive
19293,positive
19294,positive
19295,positive
19296,positive
19297,negative
19298,negative
19299,positive
19300,negative
19301,positive
19302,negative
19303,positive
19304,negative
19305,negative
19306,positive
19307,positive
19308,negative
19309,positive
19310,positive
19311,negative
19312,positive
19313,negative
19314,positive
19315,positive
19316,negative
19317,negative
19318,positive
19319,negative
19320,negative
19321,positive
19322,positive
19323,negative
19324,positive
19325,positive
19326,positive
19327,negative
19328,negative
19329,positive
19330,positive
19331,positive
19332,positive
19333,negative
19334,negative
19335,negative
19336,negative
19337,negative
19338,negative
19339,negative
19340,positive
19341,negative
19342,positive
19343,positive
19344,negative
19345,positive
19346,negative
19347,negative
19348,positive
19349,positive
19350,negative
19351,negative
19352,positive
19353,negative
19354,negative
19355,negative
19356,positive
19357,negative
19358,negative
19359,negative
19360,negative
19361,negative
19362,positive
19363,negative
19364,positive
19365,positive
19366,negative
19367,positive
19368,positive
19369,positive
19370,negative
19371,positive
19372,negative
19373,positive
19374,positive
19375,negative
19376,negative
19377,positive
19378,negative
19379,positive
19380,negative
19381,positive
19382,positive
19383,negative
19384,positive
19385,positive
19386,negative
19387,positive
19388,positive
19389,negative
19390,negative
19391,positive
19392,negative
19393,positive
19394,negative
19395,positive
19396,positive
19397,negative
19398,positive
19399,negative
19400,negative
19401,positive
19402,negative
19403,positive
19404,negative
19405,positive
19406,positive
19407,positive
19408,positive
19409,negative
19410,positive
19411,positive
19412,positive
19413,negative
19414,negative
19415,negative
19416,positive
19417,negative
19418,negative
19419,negative
19420,positive
19421,negative
19422,negative
19423,negative
19424,negative
19425,positive
19426,negative
19427,positive
19428,negative
19429,positive
19430,negative
19431,positive
19432,negative
19433,negative
19434,negative
19435,negative
19436,negative
19437,negative
19438,negative
19439,negative
19440,positive
19441,negative
19442,positive
19443,negative
19444,positive
19445,negative
19446,positive
19447,positive
19448,positive
19449,negative
19450,negative
19451,positive
19452,positive
19453,positive
19454,negative
19455,negative
19456,positive
19457,positive
19458,negative
19459,positive
19460,negative
19461,positive
19462,positive
19463,positive
19464,negative
19465,positive
19466,negative
19467,positive
19468,negative
19469,negative
19470,negative
19471,negative
19472,positive
19473,negative
19474,negative
19475,negative
19476,positive
19477,positive
19478,positive
19479,negative
19480,negative
19481,positive
19482,negative
19483,negative
19484,negative
19485,negative
19486,positive
19487,negative
19488,negative
19489,negative
19490,negative
19491,positive
19492,negative
19493,negative
19494,positive
19495,positive
19496,positive
19497,positive
19498,negative
19499,positive
19500,positive
19501,positive
19502,positive
19503,positive
19504,negative
19505,positive
19506,negative
19507,positive
19508,negative
19509,negative
19510,negative
19511,positive
19512,positive
19513,positive
19514,positive
19515,negative
19516,negative
19517,positive
19518,negative
19519,positive
19520,positive
19521,positive
19522,positive
19523,positive
19524,positive
19525,negative
19526,positive
19527,negative
19528,negative
19529,negative
19530,negative
19531,positive
19532,negative
19533,negative
19534,negative
19535,negative
19536,negative
19537,negative
19538,positive
19539,positive
19540,negative
19541,negative
19542,positive
19543,negative
19544,negative
19545,positive
19546,positive
19547,negative
19548,positive
19549,positive
19550,positive
19551,positive
19552,positive
19553,negative
19554,negative
19555,negative
19556,negative
19557,negative
19558,negative
19559,positive
19560,negative
19561,positive
19562,negative
19563,negative
19564,negative
19565,positive
19566,positive
19567,negative
19568,negative
19569,positive
19570,positive
19571,negative
19572,positive
19573,negative
19574,negative
19575,negative
19576,positive
19577,negative
19578,positive
19579,positive
19580,negative
19581,negative
19582,positive
19583,positive
19584,positive
19585,positive
19586,negative
19587,positive
19588,positive
19589,negative
19590,negative
19591,positive
19592,positive
19593,positive
19594,positive
19595,positive
19596,negative
19597,negative
19598,positive
19599,negative
19600,positive
19601,positive
19602,positive
19603,negative
19604,positive
19605,negative
19606,positive
19607,negative
19608,negative
19609,positive
19610,negative
19611,positive
19612,positive
19613,positive
19614,positive
19615,positive
19616,positive
19617,positive
19618,negative
19619,positive
19620,positive
19621,negative
19622,negative
19623,negative
19624,positive
19625,negative
19626,positive
19627,negative
19628,negative
19629,negative
19630,positive
19631,negative
19632,positive
19633,positive
19634,positive
19635,negative
19636,positive
19637,negative
19638,positive
19639,negative
19640,negative
19641,positive
19642,negative
19643,negative
19644,positive
19645,negative
19646,negative
19647,positive
19648,negative
19649,negative
19650,positive
19651,positive
19652,negative
19653,negative
19654,positive
19655,positive
19656,negative
19657,positive
19658,positive
19659,positive
19660,positive
19661,positive
19662,negative
19663,negative
19664,positive
19665,positive
19666,positive
19667,negative
19668,positive
19669,positive
19670,negative
19671,positive
19672,positive
19673,negative
19674,negative
19675,negative
19676,negative
19677,negative
19678,negative
19679,positive
19680,positive
19681,positive
19682,positive
19683,negative
19684,negative
19685,negative
19686,negative
19687,negative
19688,negative
19689,negative
19690,negative
19691,positive
19692,negative
19693,negative
19694,negative
19695,positive
19696,negative
19697,negative
19698,positive
19699,positive
19700,positive
19701,positive
19702,negative
19703,positive
19704,negative
19705,positive
19706,negative
19707,positive
19708,positive
19709,positive
19710,positive
19711,negative
19712,negative
19713,negative
19714,negative
19715,negative
19716,negative
19717,positive
19718,negative
19719,negative
19720,positive
19721,positive
19722,negative
19723,positive
19724,positive
19725,positive
19726,negative
19727,positive
19728,positive
19729,positive
19730,positive
19731,negative
19732,positive
19733,positive
19734,negative
19735,negative
19736,positive
19737,negative
19738,negative
19739,positive
19740,negative
19741,negative
19742,negative
19743,negative
19744,negative
19745,positive
19746,positive
19747,positive
19748,negative
19749,negative
19750,negative
19751,negative
19752,negative
19753,negative
19754,positive
19755,positive
19756,positive
19757,positive
19758,positive
19759,positive
19760,positive
19761,negative
19762,negative
19763,positive
19764,positive
19765,negative
19766,positive
19767,negative
19768,negative
19769,negative
19770,positive
19771,positive
19772,positive
19773,negative
19774,positive
19775,positive
19776,negative
19777,positive
19778,negative
19779,positive
19780,positive
19781,negative
19782,positive
19783,positive
19784,negative
19785,positive
19786,positive
19787,negative
19788,negative
19789,negative
19790,positive
19791,positive
19792,negative
19793,negative
19794,negative
19795,positive
19796,positive
19797,positive
19798,negative
19799,negative
19800,positive
19801,negative
19802,negative
19803,negative
19804,negative
19805,negative
19806,positive
19807,negative
19808,positive
19809,positive
19810,negative
19811,negative
19812,positive
19813,negative
19814,positive
19815,positive
19816,negative
19817,positive
19818,positive
19819,negative
19820,negative
19821,negative
19822,negative
19823,positive
19824,negative
19825,positive
19826,positive
19827,positive
19828,negative
19829,positive
19830,positive
19831,positive
19832,positive
19833,negative
19834,positive
19835,negative
19836,negative
19837,negative
19838,positive
19839,positive
19840,positive
19841,positive
19842,positive
19843,negative
19844,negative
19845,positive
19846,positive
19847,negative
19848,negative
19849,positive
19850,negative
19851,negative
19852,negative
19853,positive
19854,negative
19855,positive
19856,negative
19857,positive
19858,negative
19859,positive
19860,positive
19861,positive
19862,positive
19863,positive
19864,positive
19865,positive
19866,negative
19867,positive
19868,positive
19869,negative
19870,positive
19871,positive
19872,negative
19873,negative
19874,negative
19875,negative
19876,negative
19877,negative
19878,positive
19879,positive
19880,negative
19881,positive
19882,positive
19883,negative
19884,negative
19885,negative
19886,negative
19887,negative
19888,positive
19889,positive
19890,negative
19891,negative
19892,negative
19893,positive
19894,positive
19895,negative
19896,positive
19897,positive
19898,positive
19899,negative
19900,negative
19901,positive
19902,positive
19903,negative
19904,positive
19905,positive
19906,negative
19907,positive
19908,negative
19909,negative
19910,positive
19911,positive
19912,positive
19913,negative
19914,positive
19915,positive
19916,negative
19917,positive
19918,positive
19919,positive
19920,positive
19921,positive
19922,positive
19923,positive
19924,negative
19925,positive
19926,positive
19927,negative
19928,negative
19929,positive
19930,negative
19931,negative
19932,positive
19933,positive
19934,positive
19935,positive
19936,negative
19937,positive
19938,negative
19939,positive
19940,positive
19941,negative
19942,negative
19943,positive
19944,positive
19945,positive
19946,negative
19947,positive
19948,negative
19949,positive
19950,positive
19951,positive
19952,negative
19953,negative
19954,positive
19955,negative
19956,positive
19957,negative
19958,negative
19959,negative
19960,negative
19961,negative
19962,negative
19963,negative
19964,negative
19965,negative
19966,positive
19967,negative
19968,positive
19969,negative
19970,positive
19971,positive
19972,positive
19973,positive
19974,positive
19975,negative
19976,positive
19977,negative
19978,negative
19979,negative
19980,negative
19981,positive
19982,negative
19983,positive
19984,negative
19985,negative
19986,positive
19987,positive
19988,positive
19989,negative
19990,positive
19991,positive
19992,positive
19993,negative
19994,negative
19995,positive
19996,negative
19997,positive
19998,positive
19999,positive
