Id,Prediction
0,positive
1,positive
2,positive
3,positive
4,positive
5,positive
6,positive
7,positive
8,positive
9,positive
10,positive
11,positive
12,positive
13,positive
14,positive
15,positive
16,positive
17,positive
18,positive
19,positive
20,positive
21,positive
22,positive
23,positive
24,positive
25,positive
26,positive
27,positive
28,positive
29,positive
30,positive
31,positive
32,positive
33,positive
34,positive
35,positive
36,positive
37,positive
38,positive
39,positive
40,positive
41,positive
42,positive
43,positive
44,positive
45,positive
46,positive
47,positive
48,positive
49,positive
50,positive
51,positive
52,positive
53,positive
54,positive
55,positive
56,positive
57,positive
58,positive
59,positive
60,positive
61,positive
62,positive
63,positive
64,positive
65,positive
66,positive
67,positive
68,positive
69,positive
70,positive
71,positive
72,positive
73,positive
74,positive
75,positive
76,positive
77,positive
78,positive
79,positive
80,positive
81,positive
82,positive
83,positive
84,positive
85,positive
86,positive
87,positive
88,positive
89,positive
90,positive
91,positive
92,positive
93,positive
94,positive
95,positive
96,positive
97,positive
98,positive
99,positive
100,positive
101,positive
102,positive
103,positive
104,positive
105,positive
106,positive
107,positive
108,positive
109,positive
110,positive
111,positive
112,positive
113,positive
114,positive
115,positive
116,positive
117,positive
118,positive
119,positive
120,positive
121,positive
122,positive
123,positive
124,positive
125,positive
126,positive
127,positive
128,positive
129,positive
130,positive
131,positive
132,positive
133,positive
134,positive
135,positive
136,positive
137,positive
138,positive
139,positive
140,positive
141,positive
142,positive
143,positive
144,positive
145,positive
146,positive
147,positive
148,positive
149,positive
150,positive
151,positive
152,positive
153,positive
154,positive
155,positive
156,positive
157,positive
158,positive
159,positive
160,positive
161,positive
162,positive
163,positive
164,positive
165,positive
166,positive
167,positive
168,positive
169,positive
170,positive
171,positive
172,positive
173,positive
174,positive
175,positive
176,positive
177,positive
178,positive
179,positive
180,positive
181,positive
182,positive
183,positive
184,positive
185,positive
186,positive
187,positive
188,positive
189,positive
190,positive
191,positive
192,positive
193,positive
194,positive
195,positive
196,positive
197,positive
198,positive
199,positive
200,positive
201,positive
202,positive
203,positive
204,positive
205,positive
206,positive
207,positive
208,positive
209,positive
210,positive
211,positive
212,positive
213,positive
214,positive
215,positive
216,positive
217,positive
218,positive
219,positive
220,positive
221,positive
222,positive
223,positive
224,positive
225,positive
226,positive
227,positive
228,positive
229,positive
230,positive
231,positive
232,positive
233,positive
234,positive
235,positive
236,positive
237,positive
238,positive
239,positive
240,positive
241,positive
242,positive
243,positive
244,positive
245,positive
246,positive
247,positive
248,positive
249,positive
250,positive
251,positive
252,positive
253,positive
254,positive
255,positive
256,positive
257,positive
258,positive
259,positive
260,positive
261,positive
262,positive
263,positive
264,positive
265,positive
266,positive
267,positive
268,positive
269,positive
270,positive
271,positive
272,positive
273,positive
274,positive
275,positive
276,positive
277,positive
278,positive
279,positive
280,positive
281,positive
282,positive
283,positive
284,positive
285,positive
286,positive
287,positive
288,positive
289,positive
290,positive
291,positive
292,positive
293,positive
294,positive
295,positive
296,positive
297,positive
298,positive
299,positive
300,positive
301,positive
302,positive
303,positive
304,positive
305,positive
306,positive
307,positive
308,positive
309,positive
310,positive
311,positive
312,positive
313,positive
314,positive
315,positive
316,positive
317,positive
318,positive
319,positive
320,positive
321,positive
322,positive
323,positive
324,positive
325,positive
326,positive
327,positive
328,positive
329,positive
330,positive
331,positive
332,positive
333,positive
334,positive
335,positive
336,positive
337,positive
338,positive
339,positive
340,positive
341,positive
342,positive
343,positive
344,positive
345,positive
346,positive
347,positive
348,positive
349,positive
350,positive
351,positive
352,positive
353,positive
354,positive
355,positive
356,positive
357,positive
358,positive
359,positive
360,positive
361,positive
362,positive
363,positive
364,positive
365,positive
366,positive
367,positive
368,positive
369,positive
370,positive
371,positive
372,positive
373,positive
374,positive
375,positive
376,positive
377,positive
378,positive
379,positive
380,positive
381,positive
382,positive
383,positive
384,positive
385,positive
386,positive
387,positive
388,positive
389,positive
390,positive
391,positive
392,positive
393,positive
394,positive
395,positive
396,positive
397,positive
398,positive
399,positive
400,positive
401,positive
402,positive
403,positive
404,positive
405,positive
406,positive
407,positive
408,positive
409,positive
410,positive
411,positive
412,positive
413,positive
414,positive
415,positive
416,positive
417,positive
418,positive
419,positive
420,positive
421,positive
422,positive
423,positive
424,positive
425,positive
426,positive
427,positive
428,positive
429,positive
430,positive
431,positive
432,positive
433,positive
434,positive
435,positive
436,positive
437,positive
438,positive
439,positive
440,positive
441,positive
442,positive
443,positive
444,positive
445,positive
446,positive
447,positive
448,positive
449,positive
450,positive
451,positive
452,positive
453,positive
454,positive
455,positive
456,positive
457,positive
458,positive
459,positive
460,positive
461,positive
462,positive
463,positive
464,positive
465,positive
466,positive
467,positive
468,positive
469,positive
470,positive
471,positive
472,positive
473,positive
474,positive
475,positive
476,positive
477,positive
478,positive
479,positive
480,positive
481,positive
482,positive
483,positive
484,positive
485,positive
486,positive
487,positive
488,positive
489,positive
490,positive
491,positive
492,positive
493,positive
494,positive
495,positive
496,positive
497,positive
498,positive
499,positive
500,positive
501,positive
502,positive
503,positive
504,positive
505,positive
506,positive
507,positive
508,positive
509,positive
510,positive
511,positive
512,positive
513,positive
514,positive
515,positive
516,positive
517,positive
518,positive
519,positive
520,positive
521,positive
522,positive
523,positive
524,positive
525,positive
526,positive
527,positive
528,positive
529,positive
530,positive
531,positive
532,positive
533,positive
534,positive
535,positive
536,positive
537,positive
538,positive
539,positive
540,positive
541,positive
542,positive
543,positive
544,positive
545,positive
546,positive
547,positive
548,positive
549,positive
550,positive
551,positive
552,positive
553,positive
554,positive
555,positive
556,positive
557,positive
558,positive
559,positive
560,positive
561,positive
562,positive
563,positive
564,positive
565,positive
566,positive
567,positive
568,positive
569,positive
570,positive
571,positive
572,positive
573,positive
574,positive
575,positive
576,positive
577,positive
578,positive
579,positive
580,positive
581,positive
582,positive
583,positive
584,positive
585,positive
586,positive
587,positive
588,positive
589,positive
590,positive
591,positive
592,positive
593,positive
594,positive
595,positive
596,positive
597,positive
598,positive
599,positive
600,positive
601,positive
602,positive
603,positive
604,positive
605,positive
606,positive
607,positive
608,positive
609,positive
610,positive
611,positive
612,positive
613,positive
614,positive
615,positive
616,positive
617,positive
618,positive
619,positive
620,positive
621,positive
622,positive
623,positive
624,positive
625,positive
626,positive
627,positive
628,positive
629,positive
630,positive
631,positive
632,positive
633,positive
634,positive
635,positive
636,positive
637,positive
638,positive
639,positive
640,positive
641,positive
642,positive
643,positive
644,positive
645,positive
646,positive
647,positive
648,positive
649,positive
650,positive
651,positive
652,positive
653,positive
654,positive
655,positive
656,positive
657,positive
658,positive
659,positive
660,positive
661,positive
662,positive
663,positive
664,positive
665,positive
666,positive
667,positive
668,positive
669,positive
670,positive
671,positive
672,positive
673,positive
674,positive
675,positive
676,positive
677,positive
678,positive
679,positive
680,positive
681,positive
682,positive
683,positive
684,positive
685,positive
686,positive
687,positive
688,positive
689,positive
690,positive
691,positive
692,positive
693,positive
694,positive
695,positive
696,positive
697,positive
698,positive
699,positive
700,positive
701,positive
702,positive
703,positive
704,positive
705,positive
706,positive
707,positive
708,positive
709,positive
710,positive
711,positive
712,positive
713,positive
714,positive
715,positive
716,positive
717,positive
718,positive
719,positive
720,positive
721,positive
722,positive
723,positive
724,positive
725,positive
726,positive
727,positive
728,positive
729,positive
730,positive
731,positive
732,positive
733,positive
734,positive
735,positive
736,positive
737,positive
738,positive
739,positive
740,positive
741,positive
742,positive
743,positive
744,positive
745,positive
746,positive
747,positive
748,positive
749,positive
750,positive
751,positive
752,positive
753,positive
754,positive
755,positive
756,positive
757,positive
758,positive
759,positive
760,positive
761,positive
762,positive
763,positive
764,positive
765,positive
766,positive
767,positive
768,positive
769,positive
770,positive
771,positive
772,positive
773,positive
774,positive
775,positive
776,positive
777,positive
778,positive
779,positive
780,positive
781,positive
782,positive
783,positive
784,positive
785,positive
786,positive
787,positive
788,positive
789,positive
790,positive
791,positive
792,positive
793,positive
794,positive
795,positive
796,positive
797,positive
798,positive
799,positive
800,positive
801,positive
802,positive
803,positive
804,positive
805,positive
806,positive
807,positive
808,positive
809,positive
810,positive
811,positive
812,positive
813,positive
814,positive
815,positive
816,positive
817,positive
818,positive
819,positive
820,positive
821,positive
822,positive
823,positive
824,positive
825,positive
826,positive
827,positive
828,positive
829,positive
830,positive
831,positive
832,positive
833,positive
834,positive
835,positive
836,positive
837,positive
838,positive
839,positive
840,positive
841,positive
842,positive
843,positive
844,positive
845,positive
846,positive
847,positive
848,positive
849,positive
850,positive
851,positive
852,positive
853,positive
854,positive
855,positive
856,positive
857,positive
858,positive
859,positive
860,positive
861,positive
862,positive
863,positive
864,positive
865,positive
866,positive
867,positive
868,positive
869,positive
870,positive
871,positive
872,positive
873,positive
874,positive
875,positive
876,positive
877,positive
878,positive
879,positive
880,positive
881,positive
882,positive
883,positive
884,positive
885,positive
886,positive
887,positive
888,positive
889,positive
890,positive
891,positive
892,positive
893,positive
894,positive
895,positive
896,positive
897,positive
898,positive
899,positive
900,positive
901,positive
902,positive
903,positive
904,positive
905,positive
906,positive
907,positive
908,positive
909,positive
910,positive
911,positive
912,positive
913,positive
914,positive
915,positive
916,positive
917,positive
918,positive
919,positive
920,positive
921,positive
922,positive
923,positive
924,positive
925,positive
926,positive
927,positive
928,positive
929,positive
930,positive
931,positive
932,positive
933,positive
934,positive
935,positive
936,positive
937,positive
938,positive
939,positive
940,positive
941,positive
942,positive
943,positive
944,positive
945,positive
946,positive
947,positive
948,positive
949,positive
950,positive
951,positive
952,positive
953,positive
954,positive
955,positive
956,positive
957,positive
958,positive
959,positive
960,positive
961,positive
962,positive
963,positive
964,positive
965,positive
966,positive
967,positive
968,positive
969,positive
970,positive
971,positive
972,positive
973,positive
974,positive
975,positive
976,positive
977,positive
978,positive
979,positive
980,positive
981,positive
982,positive
983,positive
984,positive
985,positive
986,positive
987,positive
988,positive
989,positive
990,positive
991,positive
992,positive
993,positive
994,positive
995,positive
996,positive
997,positive
998,positive
999,positive
1000,positive
1001,positive
1002,positive
1003,positive
1004,positive
1005,positive
1006,positive
1007,positive
1008,positive
1009,positive
1010,positive
1011,positive
1012,positive
1013,positive
1014,positive
1015,positive
1016,positive
1017,positive
1018,positive
1019,positive
1020,positive
1021,positive
1022,positive
1023,positive
1024,positive
1025,positive
1026,positive
1027,positive
1028,positive
1029,positive
1030,positive
1031,positive
1032,positive
1033,positive
1034,positive
1035,positive
1036,positive
1037,positive
1038,positive
1039,positive
1040,positive
1041,positive
1042,positive
1043,positive
1044,positive
1045,positive
1046,positive
1047,positive
1048,positive
1049,positive
1050,positive
1051,positive
1052,positive
1053,positive
1054,positive
1055,positive
1056,positive
1057,positive
1058,positive
1059,positive
1060,positive
1061,positive
1062,positive
1063,positive
1064,positive
1065,positive
1066,positive
1067,positive
1068,positive
1069,positive
1070,positive
1071,positive
1072,positive
1073,positive
1074,positive
1075,positive
1076,positive
1077,positive
1078,positive
1079,positive
1080,positive
1081,positive
1082,positive
1083,positive
1084,positive
1085,positive
1086,positive
1087,positive
1088,positive
1089,positive
1090,positive
1091,positive
1092,positive
1093,positive
1094,positive
1095,positive
1096,positive
1097,positive
1098,positive
1099,positive
1100,positive
1101,positive
1102,positive
1103,positive
1104,positive
1105,positive
1106,positive
1107,positive
1108,positive
1109,positive
1110,positive
1111,positive
1112,positive
1113,positive
1114,positive
1115,positive
1116,positive
1117,positive
1118,positive
1119,positive
1120,positive
1121,positive
1122,positive
1123,positive
1124,positive
1125,positive
1126,positive
1127,positive
1128,positive
1129,positive
1130,positive
1131,positive
1132,positive
1133,positive
1134,positive
1135,positive
1136,positive
1137,positive
1138,positive
1139,positive
1140,positive
1141,positive
1142,positive
1143,positive
1144,positive
1145,positive
1146,positive
1147,positive
1148,positive
1149,positive
1150,positive
1151,positive
1152,positive
1153,positive
1154,positive
1155,positive
1156,positive
1157,positive
1158,positive
1159,positive
1160,positive
1161,positive
1162,positive
1163,positive
1164,positive
1165,positive
1166,positive
1167,positive
1168,positive
1169,positive
1170,positive
1171,positive
1172,positive
1173,positive
1174,positive
1175,positive
1176,positive
1177,positive
1178,positive
1179,positive
1180,positive
1181,positive
1182,positive
1183,positive
1184,positive
1185,positive
1186,positive
1187,positive
1188,positive
1189,positive
1190,positive
1191,positive
1192,positive
1193,positive
1194,positive
1195,positive
1196,positive
1197,positive
1198,positive
1199,positive
1200,positive
1201,positive
1202,positive
1203,positive
1204,positive
1205,positive
1206,positive
1207,positive
1208,positive
1209,positive
1210,positive
1211,positive
1212,positive
1213,positive
1214,positive
1215,positive
1216,positive
1217,positive
1218,positive
1219,positive
1220,positive
1221,positive
1222,positive
1223,positive
1224,positive
1225,positive
1226,positive
1227,positive
1228,positive
1229,positive
1230,positive
1231,positive
1232,positive
1233,positive
1234,positive
1235,positive
1236,positive
1237,positive
1238,positive
1239,positive
1240,positive
1241,positive
1242,positive
1243,positive
1244,positive
1245,positive
1246,positive
1247,positive
1248,positive
1249,positive
1250,positive
1251,positive
1252,positive
1253,positive
1254,positive
1255,positive
1256,positive
1257,positive
1258,positive
1259,positive
1260,positive
1261,positive
1262,positive
1263,positive
1264,positive
1265,positive
1266,positive
1267,positive
1268,positive
1269,positive
1270,positive
1271,positive
1272,positive
1273,positive
1274,positive
1275,positive
1276,positive
1277,positive
1278,positive
1279,positive
1280,positive
1281,positive
1282,positive
1283,positive
1284,positive
1285,positive
1286,positive
1287,positive
1288,positive
1289,positive
1290,positive
1291,positive
1292,positive
1293,positive
1294,positive
1295,positive
1296,positive
1297,positive
1298,positive
1299,positive
1300,positive
1301,positive
1302,positive
1303,positive
1304,positive
1305,positive
1306,positive
1307,positive
1308,positive
1309,positive
1310,positive
1311,positive
1312,positive
1313,positive
1314,positive
1315,positive
1316,positive
1317,positive
1318,positive
1319,positive
1320,positive
1321,positive
1322,positive
1323,positive
1324,positive
1325,positive
1326,positive
1327,positive
1328,positive
1329,positive
1330,positive
1331,positive
1332,positive
1333,positive
1334,positive
1335,positive
1336,positive
1337,positive
1338,positive
1339,positive
1340,positive
1341,positive
1342,positive
1343,positive
1344,positive
1345,positive
1346,positive
1347,positive
1348,positive
1349,positive
1350,positive
1351,positive
1352,positive
1353,positive
1354,positive
1355,positive
1356,positive
1357,positive
1358,positive
1359,positive
1360,positive
1361,positive
1362,positive
1363,positive
1364,positive
1365,positive
1366,positive
1367,positive
1368,positive
1369,positive
1370,positive
1371,positive
1372,positive
1373,positive
1374,positive
1375,positive
1376,positive
1377,positive
1378,positive
1379,positive
1380,positive
1381,positive
1382,positive
1383,positive
1384,positive
1385,positive
1386,positive
1387,positive
1388,positive
1389,positive
1390,positive
1391,positive
1392,positive
1393,positive
1394,positive
1395,positive
1396,positive
1397,positive
1398,positive
1399,positive
1400,positive
1401,positive
1402,positive
1403,positive
1404,positive
1405,positive
1406,positive
1407,positive
1408,positive
1409,positive
1410,positive
1411,positive
1412,positive
1413,positive
1414,positive
1415,positive
1416,positive
1417,positive
1418,positive
1419,positive
1420,positive
1421,positive
1422,positive
1423,positive
1424,positive
1425,positive
1426,positive
1427,positive
1428,positive
1429,positive
1430,positive
1431,positive
1432,positive
1433,positive
1434,positive
1435,positive
1436,positive
1437,positive
1438,positive
1439,positive
1440,positive
1441,positive
1442,positive
1443,positive
1444,positive
1445,positive
1446,positive
1447,positive
1448,positive
1449,positive
1450,positive
1451,positive
1452,positive
1453,positive
1454,positive
1455,positive
1456,positive
1457,positive
1458,positive
1459,positive
1460,positive
1461,positive
1462,positive
1463,positive
1464,positive
1465,positive
1466,positive
1467,positive
1468,positive
1469,positive
1470,positive
1471,positive
1472,positive
1473,positive
1474,positive
1475,positive
1476,positive
1477,positive
1478,positive
1479,positive
1480,positive
1481,positive
1482,positive
1483,positive
1484,positive
1485,positive
1486,positive
1487,positive
1488,positive
1489,positive
1490,positive
1491,positive
1492,positive
1493,positive
1494,positive
1495,positive
1496,positive
1497,positive
1498,positive
1499,positive
1500,positive
1501,positive
1502,positive
1503,positive
1504,positive
1505,positive
1506,positive
1507,positive
1508,positive
1509,positive
1510,positive
1511,positive
1512,positive
1513,positive
1514,positive
1515,positive
1516,positive
1517,positive
1518,positive
1519,positive
1520,positive
1521,positive
1522,positive
1523,positive
1524,positive
1525,positive
1526,positive
1527,positive
1528,positive
1529,positive
1530,positive
1531,positive
1532,positive
1533,positive
1534,positive
1535,positive
1536,positive
1537,positive
1538,positive
1539,positive
1540,positive
1541,positive
1542,positive
1543,positive
1544,positive
1545,positive
1546,positive
1547,positive
1548,positive
1549,positive
1550,positive
1551,positive
1552,positive
1553,positive
1554,positive
1555,positive
1556,positive
1557,positive
1558,positive
1559,positive
1560,positive
1561,positive
1562,positive
1563,positive
1564,positive
1565,positive
1566,positive
1567,positive
1568,positive
1569,positive
1570,positive
1571,positive
1572,positive
1573,positive
1574,positive
1575,positive
1576,positive
1577,positive
1578,positive
1579,positive
1580,positive
1581,positive
1582,positive
1583,positive
1584,positive
1585,positive
1586,positive
1587,positive
1588,positive
1589,positive
1590,positive
1591,positive
1592,positive
1593,positive
1594,positive
1595,positive
1596,positive
1597,positive
1598,positive
1599,positive
1600,positive
1601,positive
1602,positive
1603,positive
1604,positive
1605,positive
1606,positive
1607,positive
1608,positive
1609,positive
1610,positive
1611,positive
1612,positive
1613,positive
1614,positive
1615,positive
1616,positive
1617,positive
1618,positive
1619,positive
1620,positive
1621,positive
1622,positive
1623,positive
1624,positive
1625,positive
1626,positive
1627,positive
1628,positive
1629,positive
1630,positive
1631,positive
1632,positive
1633,positive
1634,positive
1635,positive
1636,positive
1637,positive
1638,positive
1639,positive
1640,positive
1641,positive
1642,positive
1643,positive
1644,positive
1645,positive
1646,positive
1647,positive
1648,positive
1649,positive
1650,positive
1651,positive
1652,positive
1653,positive
1654,positive
1655,positive
1656,positive
1657,positive
1658,positive
1659,positive
1660,positive
1661,positive
1662,positive
1663,positive
1664,positive
1665,positive
1666,positive
1667,positive
1668,positive
1669,positive
1670,positive
1671,positive
1672,positive
1673,positive
1674,positive
1675,positive
1676,positive
1677,positive
1678,positive
1679,positive
1680,positive
1681,positive
1682,positive
1683,positive
1684,positive
1685,positive
1686,positive
1687,positive
1688,positive
1689,positive
1690,positive
1691,positive
1692,positive
1693,positive
1694,positive
1695,positive
1696,positive
1697,positive
1698,positive
1699,positive
1700,positive
1701,positive
1702,positive
1703,positive
1704,positive
1705,positive
1706,positive
1707,positive
1708,positive
1709,positive
1710,positive
1711,positive
1712,positive
1713,positive
1714,positive
1715,positive
1716,positive
1717,positive
1718,positive
1719,positive
1720,positive
1721,positive
1722,positive
1723,positive
1724,positive
1725,positive
1726,positive
1727,positive
1728,positive
1729,positive
1730,positive
1731,positive
1732,positive
1733,positive
1734,positive
1735,positive
1736,positive
1737,positive
1738,positive
1739,positive
1740,positive
1741,positive
1742,positive
1743,positive
1744,positive
1745,positive
1746,positive
1747,positive
1748,positive
1749,positive
1750,positive
1751,positive
1752,positive
1753,positive
1754,positive
1755,positive
1756,positive
1757,positive
1758,positive
1759,positive
1760,positive
1761,positive
1762,positive
1763,positive
1764,positive
1765,positive
1766,positive
1767,positive
1768,positive
1769,positive
1770,positive
1771,positive
1772,positive
1773,positive
1774,positive
1775,positive
1776,positive
1777,positive
1778,positive
1779,positive
1780,positive
1781,positive
1782,positive
1783,positive
1784,positive
1785,positive
1786,positive
1787,positive
1788,positive
1789,positive
1790,positive
1791,positive
1792,positive
1793,positive
1794,positive
1795,positive
1796,positive
1797,positive
1798,positive
1799,positive
1800,positive
1801,positive
1802,positive
1803,positive
1804,positive
1805,positive
1806,positive
1807,positive
1808,positive
1809,positive
1810,positive
1811,positive
1812,positive
1813,positive
1814,positive
1815,positive
1816,positive
1817,positive
1818,positive
1819,positive
1820,positive
1821,positive
1822,positive
1823,positive
1824,positive
1825,positive
1826,positive
1827,positive
1828,positive
1829,positive
1830,positive
1831,positive
1832,positive
1833,positive
1834,positive
1835,positive
1836,positive
1837,positive
1838,positive
1839,positive
1840,positive
1841,positive
1842,positive
1843,positive
1844,positive
1845,positive
1846,positive
1847,positive
1848,positive
1849,positive
1850,positive
1851,positive
1852,positive
1853,positive
1854,positive
1855,positive
1856,positive
1857,positive
1858,positive
1859,positive
1860,positive
1861,positive
1862,positive
1863,positive
1864,positive
1865,positive
1866,positive
1867,positive
1868,positive
1869,positive
1870,positive
1871,positive
1872,positive
1873,positive
1874,positive
1875,positive
1876,positive
1877,positive
1878,positive
1879,positive
1880,positive
1881,positive
1882,positive
1883,positive
1884,positive
1885,positive
1886,positive
1887,positive
1888,positive
1889,positive
1890,positive
1891,positive
1892,positive
1893,positive
1894,positive
1895,positive
1896,positive
1897,positive
1898,positive
1899,positive
1900,positive
1901,positive
1902,positive
1903,positive
1904,positive
1905,positive
1906,positive
1907,positive
1908,positive
1909,positive
1910,positive
1911,positive
1912,positive
1913,positive
1914,positive
1915,positive
1916,positive
1917,positive
1918,positive
1919,positive
1920,positive
1921,positive
1922,positive
1923,positive
1924,positive
1925,positive
1926,positive
1927,positive
1928,positive
1929,positive
1930,positive
1931,positive
1932,positive
1933,positive
1934,positive
1935,positive
1936,positive
1937,positive
1938,positive
1939,positive
1940,positive
1941,positive
1942,positive
1943,positive
1944,positive
1945,positive
1946,positive
1947,positive
1948,positive
1949,positive
1950,positive
1951,positive
1952,positive
1953,positive
1954,positive
1955,positive
1956,positive
1957,positive
1958,positive
1959,positive
1960,positive
1961,positive
1962,positive
1963,positive
1964,positive
1965,positive
1966,positive
1967,positive
1968,positive
1969,positive
1970,positive
1971,positive
1972,positive
1973,positive
1974,positive
1975,positive
1976,positive
1977,positive
1978,positive
1979,positive
1980,positive
1981,positive
1982,positive
1983,positive
1984,positive
1985,positive
1986,positive
1987,positive
1988,positive
1989,positive
1990,positive
1991,positive
1992,positive
1993,positive
1994,positive
1995,positive
1996,positive
1997,positive
1998,positive
1999,positive
2000,positive
2001,positive
2002,positive
2003,positive
2004,positive
2005,positive
2006,positive
2007,positive
2008,positive
2009,positive
2010,positive
2011,positive
2012,positive
2013,positive
2014,positive
2015,positive
2016,positive
2017,positive
2018,positive
2019,positive
2020,positive
2021,positive
2022,positive
2023,positive
2024,positive
2025,positive
2026,positive
2027,positive
2028,positive
2029,positive
2030,positive
2031,positive
2032,positive
2033,positive
2034,positive
2035,positive
2036,positive
2037,positive
2038,positive
2039,positive
2040,positive
2041,positive
2042,positive
2043,positive
2044,positive
2045,positive
2046,positive
2047,positive
2048,positive
2049,positive
2050,positive
2051,positive
2052,positive
2053,positive
2054,positive
2055,positive
2056,positive
2057,positive
2058,positive
2059,positive
2060,positive
2061,positive
2062,positive
2063,positive
2064,positive
2065,positive
2066,positive
2067,positive
2068,positive
2069,positive
2070,positive
2071,positive
2072,positive
2073,positive
2074,positive
2075,positive
2076,positive
2077,positive
2078,positive
2079,positive
2080,positive
2081,positive
2082,positive
2083,positive
2084,positive
2085,positive
2086,positive
2087,positive
2088,positive
2089,positive
2090,positive
2091,positive
2092,positive
2093,positive
2094,positive
2095,positive
2096,positive
2097,positive
2098,positive
2099,positive
2100,positive
2101,positive
2102,positive
2103,positive
2104,positive
2105,positive
2106,positive
2107,positive
2108,positive
2109,positive
2110,positive
2111,positive
2112,positive
2113,positive
2114,positive
2115,positive
2116,positive
2117,positive
2118,positive
2119,positive
2120,positive
2121,positive
2122,positive
2123,positive
2124,positive
2125,positive
2126,positive
2127,positive
2128,positive
2129,positive
2130,positive
2131,positive
2132,positive
2133,positive
2134,positive
2135,positive
2136,positive
2137,positive
2138,positive
2139,positive
2140,positive
2141,positive
2142,positive
2143,positive
2144,positive
2145,positive
2146,positive
2147,positive
2148,positive
2149,positive
2150,positive
2151,positive
2152,positive
2153,positive
2154,positive
2155,positive
2156,positive
2157,positive
2158,positive
2159,positive
2160,positive
2161,positive
2162,positive
2163,positive
2164,positive
2165,positive
2166,positive
2167,positive
2168,positive
2169,positive
2170,positive
2171,positive
2172,positive
2173,positive
2174,positive
2175,positive
2176,positive
2177,positive
2178,positive
2179,positive
2180,positive
2181,positive
2182,positive
2183,positive
2184,positive
2185,positive
2186,positive
2187,positive
2188,positive
2189,positive
2190,positive
2191,positive
2192,positive
2193,positive
2194,positive
2195,positive
2196,positive
2197,positive
2198,positive
2199,positive
2200,positive
2201,positive
2202,positive
2203,positive
2204,positive
2205,positive
2206,positive
2207,positive
2208,positive
2209,positive
2210,positive
2211,positive
2212,positive
2213,positive
2214,positive
2215,positive
2216,positive
2217,positive
2218,positive
2219,positive
2220,positive
2221,positive
2222,positive
2223,positive
2224,positive
2225,positive
2226,positive
2227,positive
2228,positive
2229,positive
2230,positive
2231,positive
2232,positive
2233,positive
2234,positive
2235,positive
2236,positive
2237,positive
2238,positive
2239,positive
2240,positive
2241,positive
2242,positive
2243,positive
2244,positive
2245,positive
2246,positive
2247,positive
2248,positive
2249,positive
2250,positive
2251,positive
2252,positive
2253,positive
2254,positive
2255,positive
2256,positive
2257,positive
2258,positive
2259,positive
2260,positive
2261,positive
2262,positive
2263,positive
2264,positive
2265,positive
2266,positive
2267,positive
2268,positive
2269,positive
2270,positive
2271,positive
2272,positive
2273,positive
2274,positive
2275,positive
2276,positive
2277,positive
2278,positive
2279,positive
2280,positive
2281,positive
2282,positive
2283,positive
2284,positive
2285,positive
2286,positive
2287,positive
2288,positive
2289,positive
2290,positive
2291,positive
2292,positive
2293,positive
2294,positive
2295,positive
2296,positive
2297,positive
2298,positive
2299,positive
2300,positive
2301,positive
2302,positive
2303,positive
2304,positive
2305,positive
2306,positive
2307,positive
2308,positive
2309,positive
2310,positive
2311,positive
2312,positive
2313,positive
2314,positive
2315,positive
2316,positive
2317,positive
2318,positive
2319,positive
2320,positive
2321,positive
2322,positive
2323,positive
2324,positive
2325,positive
2326,positive
2327,positive
2328,positive
2329,positive
2330,positive
2331,positive
2332,positive
2333,positive
2334,positive
2335,positive
2336,positive
2337,positive
2338,positive
2339,positive
2340,positive
2341,positive
2342,positive
2343,positive
2344,positive
2345,positive
2346,positive
2347,positive
2348,positive
2349,positive
2350,positive
2351,positive
2352,positive
2353,positive
2354,positive
2355,positive
2356,positive
2357,positive
2358,positive
2359,positive
2360,positive
2361,positive
2362,positive
2363,positive
2364,positive
2365,positive
2366,positive
2367,positive
2368,positive
2369,positive
2370,positive
2371,positive
2372,positive
2373,positive
2374,positive
2375,positive
2376,positive
2377,positive
2378,positive
2379,positive
2380,positive
2381,positive
2382,positive
2383,positive
2384,positive
2385,positive
2386,positive
2387,positive
2388,positive
2389,positive
2390,positive
2391,positive
2392,positive
2393,positive
2394,positive
2395,positive
2396,positive
2397,positive
2398,positive
2399,positive
2400,positive
2401,positive
2402,positive
2403,positive
2404,positive
2405,positive
2406,positive
2407,positive
2408,positive
2409,positive
2410,positive
2411,positive
2412,positive
2413,positive
2414,positive
2415,positive
2416,positive
2417,positive
2418,positive
2419,positive
2420,positive
2421,positive
2422,positive
2423,positive
2424,positive
2425,positive
2426,positive
2427,positive
2428,positive
2429,positive
2430,positive
2431,positive
2432,positive
2433,positive
2434,positive
2435,positive
2436,positive
2437,positive
2438,positive
2439,positive
2440,positive
2441,positive
2442,positive
2443,positive
2444,positive
2445,positive
2446,positive
2447,positive
2448,positive
2449,positive
2450,positive
2451,positive
2452,positive
2453,positive
2454,positive
2455,positive
2456,positive
2457,positive
2458,positive
2459,positive
2460,positive
2461,positive
2462,positive
2463,positive
2464,positive
2465,positive
2466,positive
2467,positive
2468,positive
2469,positive
2470,positive
2471,positive
2472,positive
2473,positive
2474,positive
2475,positive
2476,positive
2477,positive
2478,positive
2479,positive
2480,positive
2481,positive
2482,positive
2483,positive
2484,positive
2485,positive
2486,positive
2487,positive
2488,positive
2489,positive
2490,positive
2491,positive
2492,positive
2493,positive
2494,positive
2495,positive
2496,positive
2497,positive
2498,positive
2499,positive
2500,positive
2501,positive
2502,positive
2503,positive
2504,positive
2505,positive
2506,positive
2507,positive
2508,positive
2509,positive
2510,positive
2511,positive
2512,positive
2513,positive
2514,positive
2515,positive
2516,positive
2517,positive
2518,positive
2519,positive
2520,positive
2521,positive
2522,positive
2523,positive
2524,positive
2525,positive
2526,positive
2527,positive
2528,positive
2529,positive
2530,positive
2531,positive
2532,positive
2533,positive
2534,positive
2535,positive
2536,positive
2537,positive
2538,positive
2539,positive
2540,positive
2541,positive
2542,positive
2543,positive
2544,positive
2545,positive
2546,positive
2547,positive
2548,positive
2549,positive
2550,positive
2551,positive
2552,positive
2553,positive
2554,positive
2555,positive
2556,positive
2557,positive
2558,positive
2559,positive
2560,positive
2561,positive
2562,positive
2563,positive
2564,positive
2565,positive
2566,positive
2567,positive
2568,positive
2569,positive
2570,positive
2571,positive
2572,positive
2573,positive
2574,positive
2575,positive
2576,positive
2577,positive
2578,positive
2579,positive
2580,positive
2581,positive
2582,positive
2583,positive
2584,positive
2585,positive
2586,positive
2587,positive
2588,positive
2589,positive
2590,positive
2591,positive
2592,positive
2593,positive
2594,positive
2595,positive
2596,positive
2597,positive
2598,positive
2599,positive
2600,positive
2601,positive
2602,positive
2603,positive
2604,positive
2605,positive
2606,positive
2607,positive
2608,positive
2609,positive
2610,positive
2611,positive
2612,positive
2613,positive
2614,positive
2615,positive
2616,positive
2617,positive
2618,positive
2619,positive
2620,positive
2621,positive
2622,positive
2623,positive
2624,positive
2625,positive
2626,positive
2627,positive
2628,positive
2629,positive
2630,positive
2631,positive
2632,positive
2633,positive
2634,positive
2635,positive
2636,positive
2637,positive
2638,positive
2639,positive
2640,positive
2641,positive
2642,positive
2643,positive
2644,positive
2645,positive
2646,positive
2647,positive
2648,positive
2649,positive
2650,positive
2651,positive
2652,positive
2653,positive
2654,positive
2655,positive
2656,positive
2657,positive
2658,positive
2659,positive
2660,positive
2661,positive
2662,positive
2663,positive
2664,positive
2665,positive
2666,positive
2667,positive
2668,positive
2669,positive
2670,positive
2671,positive
2672,positive
2673,positive
2674,positive
2675,positive
2676,positive
2677,positive
2678,positive
2679,positive
2680,positive
2681,positive
2682,positive
2683,positive
2684,positive
2685,positive
2686,positive
2687,positive
2688,positive
2689,positive
2690,positive
2691,positive
2692,positive
2693,positive
2694,positive
2695,positive
2696,positive
2697,positive
2698,positive
2699,positive
2700,positive
2701,positive
2702,positive
2703,positive
2704,positive
2705,positive
2706,positive
2707,positive
2708,positive
2709,positive
2710,positive
2711,positive
2712,positive
2713,positive
2714,positive
2715,positive
2716,positive
2717,positive
2718,positive
2719,positive
2720,positive
2721,positive
2722,positive
2723,positive
2724,positive
2725,positive
2726,positive
2727,positive
2728,positive
2729,positive
2730,positive
2731,positive
2732,positive
2733,positive
2734,positive
2735,positive
2736,positive
2737,positive
2738,positive
2739,positive
2740,positive
2741,positive
2742,positive
2743,positive
2744,positive
2745,positive
2746,positive
2747,positive
2748,positive
2749,positive
2750,positive
2751,positive
2752,positive
2753,positive
2754,positive
2755,positive
2756,positive
2757,positive
2758,positive
2759,positive
2760,positive
2761,positive
2762,positive
2763,positive
2764,positive
2765,positive
2766,positive
2767,positive
2768,positive
2769,positive
2770,positive
2771,positive
2772,positive
2773,positive
2774,positive
2775,positive
2776,positive
2777,positive
2778,positive
2779,positive
2780,positive
2781,positive
2782,positive
2783,positive
2784,positive
2785,positive
2786,positive
2787,positive
2788,positive
2789,positive
2790,positive
2791,positive
2792,positive
2793,positive
2794,positive
2795,positive
2796,positive
2797,positive
2798,positive
2799,positive
2800,positive
2801,positive
2802,positive
2803,positive
2804,positive
2805,positive
2806,positive
2807,positive
2808,positive
2809,positive
2810,positive
2811,positive
2812,positive
2813,positive
2814,positive
2815,positive
2816,positive
2817,positive
2818,positive
2819,positive
2820,positive
2821,positive
2822,positive
2823,positive
2824,positive
2825,positive
2826,positive
2827,positive
2828,positive
2829,positive
2830,positive
2831,positive
2832,positive
2833,positive
2834,positive
2835,positive
2836,positive
2837,positive
2838,positive
2839,positive
2840,positive
2841,positive
2842,positive
2843,positive
2844,positive
2845,positive
2846,positive
2847,positive
2848,positive
2849,positive
2850,positive
2851,positive
2852,positive
2853,positive
2854,positive
2855,positive
2856,positive
2857,positive
2858,positive
2859,positive
2860,positive
2861,positive
2862,positive
2863,positive
2864,positive
2865,positive
2866,positive
2867,positive
2868,positive
2869,positive
2870,positive
2871,positive
2872,positive
2873,positive
2874,positive
2875,positive
2876,positive
2877,positive
2878,positive
2879,positive
2880,positive
2881,positive
2882,positive
2883,positive
2884,positive
2885,positive
2886,positive
2887,positive
2888,positive
2889,positive
2890,positive
2891,positive
2892,positive
2893,positive
2894,positive
2895,positive
2896,positive
2897,positive
2898,positive
2899,positive
2900,positive
2901,positive
2902,positive
2903,positive
2904,positive
2905,positive
2906,positive
2907,positive
2908,positive
2909,positive
2910,positive
2911,positive
2912,positive
2913,positive
2914,positive
2915,positive
2916,positive
2917,positive
2918,positive
2919,positive
2920,positive
2921,positive
2922,positive
2923,positive
2924,positive
2925,positive
2926,positive
2927,positive
2928,positive
2929,positive
2930,positive
2931,positive
2932,positive
2933,positive
2934,positive
2935,positive
2936,positive
2937,positive
2938,positive
2939,positive
2940,positive
2941,positive
2942,positive
2943,positive
2944,positive
2945,positive
2946,positive
2947,positive
2948,positive
2949,positive
2950,positive
2951,positive
2952,positive
2953,positive
2954,positive
2955,positive
2956,positive
2957,positive
2958,positive
2959,positive
2960,positive
2961,positive
2962,positive
2963,positive
2964,positive
2965,positive
2966,positive
2967,positive
2968,positive
2969,positive
2970,positive
2971,positive
2972,positive
2973,positive
2974,positive
2975,positive
2976,positive
2977,positive
2978,positive
2979,positive
2980,positive
2981,positive
2982,positive
2983,positive
2984,positive
2985,positive
2986,positive
2987,positive
2988,positive
2989,positive
2990,positive
2991,positive
2992,positive
2993,positive
2994,positive
2995,positive
2996,positive
2997,positive
2998,positive
2999,positive
3000,positive
3001,positive
3002,positive
3003,positive
3004,positive
3005,positive
3006,positive
3007,positive
3008,positive
3009,positive
3010,positive
3011,positive
3012,positive
3013,positive
3014,positive
3015,positive
3016,positive
3017,positive
3018,positive
3019,positive
3020,positive
3021,positive
3022,positive
3023,positive
3024,positive
3025,positive
3026,positive
3027,positive
3028,positive
3029,positive
3030,positive
3031,positive
3032,positive
3033,positive
3034,positive
3035,positive
3036,positive
3037,positive
3038,positive
3039,positive
3040,positive
3041,positive
3042,positive
3043,positive
3044,positive
3045,positive
3046,positive
3047,positive
3048,positive
3049,positive
3050,positive
3051,positive
3052,positive
3053,positive
3054,positive
3055,positive
3056,positive
3057,positive
3058,positive
3059,positive
3060,positive
3061,positive
3062,positive
3063,positive
3064,positive
3065,positive
3066,positive
3067,positive
3068,positive
3069,positive
3070,positive
3071,positive
3072,positive
3073,positive
3074,positive
3075,positive
3076,positive
3077,positive
3078,positive
3079,positive
3080,positive
3081,positive
3082,positive
3083,positive
3084,positive
3085,positive
3086,positive
3087,positive
3088,positive
3089,positive
3090,positive
3091,positive
3092,positive
3093,positive
3094,positive
3095,positive
3096,positive
3097,positive
3098,positive
3099,positive
3100,positive
3101,positive
3102,positive
3103,positive
3104,positive
3105,positive
3106,positive
3107,positive
3108,positive
3109,positive
3110,positive
3111,positive
3112,positive
3113,positive
3114,positive
3115,positive
3116,positive
3117,positive
3118,positive
3119,positive
3120,positive
3121,positive
3122,positive
3123,positive
3124,positive
3125,positive
3126,positive
3127,positive
3128,positive
3129,positive
3130,positive
3131,positive
3132,positive
3133,positive
3134,positive
3135,positive
3136,positive
3137,positive
3138,positive
3139,positive
3140,positive
3141,positive
3142,positive
3143,positive
3144,positive
3145,positive
3146,positive
3147,positive
3148,positive
3149,positive
3150,positive
3151,positive
3152,positive
3153,positive
3154,positive
3155,positive
3156,positive
3157,positive
3158,positive
3159,positive
3160,positive
3161,positive
3162,positive
3163,positive
3164,positive
3165,positive
3166,positive
3167,positive
3168,positive
3169,positive
3170,positive
3171,positive
3172,positive
3173,positive
3174,positive
3175,positive
3176,positive
3177,positive
3178,positive
3179,positive
3180,positive
3181,positive
3182,positive
3183,positive
3184,positive
3185,positive
3186,positive
3187,positive
3188,positive
3189,positive
3190,positive
3191,positive
3192,positive
3193,positive
3194,positive
3195,positive
3196,positive
3197,positive
3198,positive
3199,positive
3200,positive
3201,positive
3202,positive
3203,positive
3204,positive
3205,positive
3206,positive
3207,positive
3208,positive
3209,positive
3210,positive
3211,positive
3212,positive
3213,positive
3214,positive
3215,positive
3216,positive
3217,positive
3218,positive
3219,positive
3220,positive
3221,positive
3222,positive
3223,positive
3224,positive
3225,positive
3226,positive
3227,positive
3228,positive
3229,positive
3230,positive
3231,positive
3232,positive
3233,positive
3234,positive
3235,positive
3236,positive
3237,positive
3238,positive
3239,positive
3240,positive
3241,positive
3242,positive
3243,positive
3244,positive
3245,positive
3246,positive
3247,positive
3248,positive
3249,positive
3250,positive
3251,positive
3252,positive
3253,positive
3254,positive
3255,positive
3256,positive
3257,positive
3258,positive
3259,positive
3260,positive
3261,positive
3262,positive
3263,positive
3264,positive
3265,positive
3266,positive
3267,positive
3268,positive
3269,positive
3270,positive
3271,positive
3272,positive
3273,positive
3274,positive
3275,positive
3276,positive
3277,positive
3278,positive
3279,positive
3280,positive
3281,positive
3282,positive
3283,positive
3284,positive
3285,positive
3286,positive
3287,positive
3288,positive
3289,positive
3290,positive
3291,positive
3292,positive
3293,positive
3294,positive
3295,positive
3296,positive
3297,positive
3298,positive
3299,positive
3300,positive
3301,positive
3302,positive
3303,positive
3304,positive
3305,positive
3306,positive
3307,positive
3308,positive
3309,positive
3310,positive
3311,positive
3312,positive
3313,positive
3314,positive
3315,positive
3316,positive
3317,positive
3318,positive
3319,positive
3320,positive
3321,positive
3322,positive
3323,positive
3324,positive
3325,positive
3326,positive
3327,positive
3328,positive
3329,positive
3330,positive
3331,positive
3332,positive
3333,positive
3334,positive
3335,positive
3336,positive
3337,positive
3338,positive
3339,positive
3340,positive
3341,positive
3342,positive
3343,positive
3344,positive
3345,positive
3346,positive
3347,positive
3348,positive
3349,positive
3350,positive
3351,positive
3352,positive
3353,positive
3354,positive
3355,positive
3356,positive
3357,positive
3358,positive
3359,positive
3360,positive
3361,positive
3362,positive
3363,positive
3364,positive
3365,positive
3366,positive
3367,positive
3368,positive
3369,positive
3370,positive
3371,positive
3372,positive
3373,positive
3374,positive
3375,positive
3376,positive
3377,positive
3378,positive
3379,positive
3380,positive
3381,positive
3382,positive
3383,positive
3384,positive
3385,positive
3386,positive
3387,positive
3388,positive
3389,positive
3390,positive
3391,positive
3392,positive
3393,positive
3394,positive
3395,positive
3396,positive
3397,positive
3398,positive
3399,positive
3400,positive
3401,positive
3402,positive
3403,positive
3404,positive
3405,positive
3406,positive
3407,positive
3408,positive
3409,positive
3410,positive
3411,positive
3412,positive
3413,positive
3414,positive
3415,positive
3416,positive
3417,positive
3418,positive
3419,positive
3420,positive
3421,positive
3422,positive
3423,positive
3424,positive
3425,positive
3426,positive
3427,positive
3428,positive
3429,positive
3430,positive
3431,positive
3432,positive
3433,positive
3434,positive
3435,positive
3436,positive
3437,positive
3438,positive
3439,positive
3440,positive
3441,positive
3442,positive
3443,positive
3444,positive
3445,positive
3446,positive
3447,positive
3448,positive
3449,positive
3450,positive
3451,positive
3452,positive
3453,positive
3454,positive
3455,positive
3456,positive
3457,positive
3458,positive
3459,positive
3460,positive
3461,positive
3462,positive
3463,positive
3464,positive
3465,positive
3466,positive
3467,positive
3468,positive
3469,positive
3470,positive
3471,positive
3472,positive
3473,positive
3474,positive
3475,positive
3476,positive
3477,positive
3478,positive
3479,positive
3480,positive
3481,positive
3482,positive
3483,positive
3484,positive
3485,positive
3486,positive
3487,positive
3488,positive
3489,positive
3490,positive
3491,positive
3492,positive
3493,positive
3494,positive
3495,positive
3496,positive
3497,positive
3498,positive
3499,positive
3500,positive
3501,positive
3502,positive
3503,positive
3504,positive
3505,positive
3506,positive
3507,positive
3508,positive
3509,positive
3510,positive
3511,positive
3512,positive
3513,positive
3514,positive
3515,positive
3516,positive
3517,positive
3518,positive
3519,positive
3520,positive
3521,positive
3522,positive
3523,positive
3524,positive
3525,positive
3526,positive
3527,positive
3528,positive
3529,positive
3530,positive
3531,positive
3532,positive
3533,positive
3534,positive
3535,positive
3536,positive
3537,positive
3538,positive
3539,positive
3540,positive
3541,positive
3542,positive
3543,positive
3544,positive
3545,positive
3546,positive
3547,positive
3548,positive
3549,positive
3550,positive
3551,positive
3552,positive
3553,positive
3554,positive
3555,positive
3556,positive
3557,positive
3558,positive
3559,positive
3560,positive
3561,positive
3562,positive
3563,positive
3564,positive
3565,positive
3566,positive
3567,positive
3568,positive
3569,positive
3570,positive
3571,positive
3572,positive
3573,positive
3574,positive
3575,positive
3576,positive
3577,positive
3578,positive
3579,positive
3580,positive
3581,positive
3582,positive
3583,positive
3584,positive
3585,positive
3586,positive
3587,positive
3588,positive
3589,positive
3590,positive
3591,positive
3592,positive
3593,positive
3594,positive
3595,positive
3596,positive
3597,positive
3598,positive
3599,positive
3600,positive
3601,positive
3602,positive
3603,positive
3604,positive
3605,positive
3606,positive
3607,positive
3608,positive
3609,positive
3610,positive
3611,positive
3612,positive
3613,positive
3614,positive
3615,positive
3616,positive
3617,positive
3618,positive
3619,positive
3620,positive
3621,positive
3622,positive
3623,positive
3624,positive
3625,positive
3626,positive
3627,positive
3628,positive
3629,positive
3630,positive
3631,positive
3632,positive
3633,positive
3634,positive
3635,positive
3636,positive
3637,positive
3638,positive
3639,positive
3640,positive
3641,positive
3642,positive
3643,positive
3644,positive
3645,positive
3646,positive
3647,positive
3648,positive
3649,positive
3650,positive
3651,positive
3652,positive
3653,positive
3654,positive
3655,positive
3656,positive
3657,positive
3658,positive
3659,positive
3660,positive
3661,positive
3662,positive
3663,positive
3664,positive
3665,positive
3666,positive
3667,positive
3668,positive
3669,positive
3670,positive
3671,positive
3672,positive
3673,positive
3674,positive
3675,positive
3676,positive
3677,positive
3678,positive
3679,positive
3680,positive
3681,positive
3682,positive
3683,positive
3684,positive
3685,positive
3686,positive
3687,positive
3688,positive
3689,positive
3690,positive
3691,positive
3692,positive
3693,positive
3694,positive
3695,positive
3696,positive
3697,positive
3698,positive
3699,positive
3700,positive
3701,positive
3702,positive
3703,positive
3704,positive
3705,positive
3706,positive
3707,positive
3708,positive
3709,positive
3710,positive
3711,positive
3712,positive
3713,positive
3714,positive
3715,positive
3716,positive
3717,positive
3718,positive
3719,positive
3720,positive
3721,positive
3722,positive
3723,positive
3724,positive
3725,positive
3726,positive
3727,positive
3728,positive
3729,positive
3730,positive
3731,positive
3732,positive
3733,positive
3734,positive
3735,positive
3736,positive
3737,positive
3738,positive
3739,positive
3740,positive
3741,positive
3742,positive
3743,positive
3744,positive
3745,positive
3746,positive
3747,positive
3748,positive
3749,positive
3750,positive
3751,positive
3752,positive
3753,positive
3754,positive
3755,positive
3756,positive
3757,positive
3758,positive
3759,positive
3760,positive
3761,positive
3762,positive
3763,positive
3764,positive
3765,positive
3766,positive
3767,positive
3768,positive
3769,positive
3770,positive
3771,positive
3772,positive
3773,positive
3774,positive
3775,positive
3776,positive
3777,positive
3778,positive
3779,positive
3780,positive
3781,positive
3782,positive
3783,positive
3784,positive
3785,positive
3786,positive
3787,positive
3788,positive
3789,positive
3790,positive
3791,positive
3792,positive
3793,positive
3794,positive
3795,positive
3796,positive
3797,positive
3798,positive
3799,positive
3800,positive
3801,positive
3802,positive
3803,positive
3804,positive
3805,positive
3806,positive
3807,positive
3808,positive
3809,positive
3810,positive
3811,positive
3812,positive
3813,positive
3814,positive
3815,positive
3816,positive
3817,positive
3818,positive
3819,positive
3820,positive
3821,positive
3822,positive
3823,positive
3824,positive
3825,positive
3826,positive
3827,positive
3828,positive
3829,positive
3830,positive
3831,positive
3832,positive
3833,positive
3834,positive
3835,positive
3836,positive
3837,positive
3838,positive
3839,positive
3840,positive
3841,positive
3842,positive
3843,positive
3844,positive
3845,positive
3846,positive
3847,positive
3848,positive
3849,positive
3850,positive
3851,positive
3852,positive
3853,positive
3854,positive
3855,positive
3856,positive
3857,positive
3858,positive
3859,positive
3860,positive
3861,positive
3862,positive
3863,positive
3864,positive
3865,positive
3866,positive
3867,positive
3868,positive
3869,positive
3870,positive
3871,positive
3872,positive
3873,positive
3874,positive
3875,positive
3876,positive
3877,positive
3878,positive
3879,positive
3880,positive
3881,positive
3882,positive
3883,positive
3884,positive
3885,positive
3886,positive
3887,positive
3888,positive
3889,positive
3890,positive
3891,positive
3892,positive
3893,positive
3894,positive
3895,positive
3896,positive
3897,positive
3898,positive
3899,positive
3900,positive
3901,positive
3902,positive
3903,positive
3904,positive
3905,positive
3906,positive
3907,positive
3908,positive
3909,positive
3910,positive
3911,positive
3912,positive
3913,positive
3914,positive
3915,positive
3916,positive
3917,positive
3918,positive
3919,positive
3920,positive
3921,positive
3922,positive
3923,positive
3924,positive
3925,positive
3926,positive
3927,positive
3928,positive
3929,positive
3930,positive
3931,positive
3932,positive
3933,positive
3934,positive
3935,positive
3936,positive
3937,positive
3938,positive
3939,positive
3940,positive
3941,positive
3942,positive
3943,positive
3944,positive
3945,positive
3946,positive
3947,positive
3948,positive
3949,positive
3950,positive
3951,positive
3952,positive
3953,positive
3954,positive
3955,positive
3956,positive
3957,positive
3958,positive
3959,positive
3960,positive
3961,positive
3962,positive
3963,positive
3964,positive
3965,positive
3966,positive
3967,positive
3968,positive
3969,positive
3970,positive
3971,positive
3972,positive
3973,positive
3974,positive
3975,positive
3976,positive
3977,positive
3978,positive
3979,positive
3980,positive
3981,positive
3982,positive
3983,positive
3984,positive
3985,positive
3986,positive
3987,positive
3988,positive
3989,positive
3990,positive
3991,positive
3992,positive
3993,positive
3994,positive
3995,positive
3996,positive
3997,positive
3998,positive
3999,positive
4000,positive
4001,positive
4002,positive
4003,positive
4004,positive
4005,positive
4006,positive
4007,positive
4008,positive
4009,positive
4010,positive
4011,positive
4012,positive
4013,positive
4014,positive
4015,positive
4016,positive
4017,positive
4018,positive
4019,positive
4020,positive
4021,positive
4022,positive
4023,positive
4024,positive
4025,positive
4026,positive
4027,positive
4028,positive
4029,positive
4030,positive
4031,positive
4032,positive
4033,positive
4034,positive
4035,positive
4036,positive
4037,positive
4038,positive
4039,positive
4040,positive
4041,positive
4042,positive
4043,positive
4044,positive
4045,positive
4046,positive
4047,positive
4048,positive
4049,positive
4050,positive
4051,positive
4052,positive
4053,positive
4054,positive
4055,positive
4056,positive
4057,positive
4058,positive
4059,positive
4060,positive
4061,positive
4062,positive
4063,positive
4064,positive
4065,positive
4066,positive
4067,positive
4068,positive
4069,positive
4070,positive
4071,positive
4072,positive
4073,positive
4074,positive
4075,positive
4076,positive
4077,positive
4078,positive
4079,positive
4080,positive
4081,positive
4082,positive
4083,positive
4084,positive
4085,positive
4086,positive
4087,positive
4088,positive
4089,positive
4090,positive
4091,positive
4092,positive
4093,positive
4094,positive
4095,positive
4096,positive
4097,positive
4098,positive
4099,positive
4100,positive
4101,positive
4102,positive
4103,positive
4104,positive
4105,positive
4106,positive
4107,positive
4108,positive
4109,positive
4110,positive
4111,positive
4112,positive
4113,positive
4114,positive
4115,positive
4116,positive
4117,positive
4118,positive
4119,positive
4120,positive
4121,positive
4122,positive
4123,positive
4124,positive
4125,positive
4126,positive
4127,positive
4128,positive
4129,positive
4130,positive
4131,positive
4132,positive
4133,positive
4134,positive
4135,positive
4136,positive
4137,positive
4138,positive
4139,positive
4140,positive
4141,positive
4142,positive
4143,positive
4144,positive
4145,positive
4146,positive
4147,positive
4148,positive
4149,positive
4150,positive
4151,positive
4152,positive
4153,positive
4154,positive
4155,positive
4156,positive
4157,positive
4158,positive
4159,positive
4160,positive
4161,positive
4162,positive
4163,positive
4164,positive
4165,positive
4166,positive
4167,positive
4168,positive
4169,positive
4170,positive
4171,positive
4172,positive
4173,positive
4174,positive
4175,positive
4176,positive
4177,positive
4178,positive
4179,positive
4180,positive
4181,positive
4182,positive
4183,positive
4184,positive
4185,positive
4186,positive
4187,positive
4188,positive
4189,positive
4190,positive
4191,positive
4192,positive
4193,positive
4194,positive
4195,positive
4196,positive
4197,positive
4198,positive
4199,positive
4200,positive
4201,positive
4202,positive
4203,positive
4204,positive
4205,positive
4206,positive
4207,positive
4208,positive
4209,positive
4210,positive
4211,positive
4212,positive
4213,positive
4214,positive
4215,positive
4216,positive
4217,positive
4218,positive
4219,positive
4220,positive
4221,positive
4222,positive
4223,positive
4224,positive
4225,positive
4226,positive
4227,positive
4228,positive
4229,positive
4230,positive
4231,positive
4232,positive
4233,positive
4234,positive
4235,positive
4236,positive
4237,positive
4238,positive
4239,positive
4240,positive
4241,positive
4242,positive
4243,positive
4244,positive
4245,positive
4246,positive
4247,positive
4248,positive
4249,positive
4250,positive
4251,positive
4252,positive
4253,positive
4254,positive
4255,positive
4256,positive
4257,positive
4258,positive
4259,positive
4260,positive
4261,positive
4262,positive
4263,positive
4264,positive
4265,positive
4266,positive
4267,positive
4268,positive
4269,positive
4270,positive
4271,positive
4272,positive
4273,positive
4274,positive
4275,positive
4276,positive
4277,positive
4278,positive
4279,positive
4280,positive
4281,positive
4282,positive
4283,positive
4284,positive
4285,positive
4286,positive
4287,positive
4288,positive
4289,positive
4290,positive
4291,positive
4292,positive
4293,positive
4294,positive
4295,positive
4296,positive
4297,positive
4298,positive
4299,positive
4300,positive
4301,positive
4302,positive
4303,positive
4304,positive
4305,positive
4306,positive
4307,positive
4308,positive
4309,positive
4310,positive
4311,positive
4312,positive
4313,positive
4314,positive
4315,positive
4316,positive
4317,positive
4318,positive
4319,positive
4320,positive
4321,positive
4322,positive
4323,positive
4324,positive
4325,positive
4326,positive
4327,positive
4328,positive
4329,positive
4330,positive
4331,positive
4332,positive
4333,positive
4334,positive
4335,positive
4336,positive
4337,positive
4338,positive
4339,positive
4340,positive
4341,positive
4342,positive
4343,positive
4344,positive
4345,positive
4346,positive
4347,positive
4348,positive
4349,positive
4350,positive
4351,positive
4352,positive
4353,positive
4354,positive
4355,positive
4356,positive
4357,positive
4358,positive
4359,positive
4360,positive
4361,positive
4362,positive
4363,positive
4364,positive
4365,positive
4366,positive
4367,positive
4368,positive
4369,positive
4370,positive
4371,positive
4372,positive
4373,positive
4374,positive
4375,positive
4376,positive
4377,positive
4378,positive
4379,positive
4380,positive
4381,positive
4382,positive
4383,positive
4384,positive
4385,positive
4386,positive
4387,positive
4388,positive
4389,positive
4390,positive
4391,positive
4392,positive
4393,positive
4394,positive
4395,positive
4396,positive
4397,positive
4398,positive
4399,positive
4400,positive
4401,positive
4402,positive
4403,positive
4404,positive
4405,positive
4406,positive
4407,positive
4408,positive
4409,positive
4410,positive
4411,positive
4412,positive
4413,positive
4414,positive
4415,positive
4416,positive
4417,positive
4418,positive
4419,positive
4420,positive
4421,positive
4422,positive
4423,positive
4424,positive
4425,positive
4426,positive
4427,positive
4428,positive
4429,positive
4430,positive
4431,positive
4432,positive
4433,positive
4434,positive
4435,positive
4436,positive
4437,positive
4438,positive
4439,positive
4440,positive
4441,positive
4442,positive
4443,positive
4444,positive
4445,positive
4446,positive
4447,positive
4448,positive
4449,positive
4450,positive
4451,positive
4452,positive
4453,positive
4454,positive
4455,positive
4456,positive
4457,positive
4458,positive
4459,positive
4460,positive
4461,positive
4462,positive
4463,positive
4464,positive
4465,positive
4466,positive
4467,positive
4468,positive
4469,positive
4470,positive
4471,positive
4472,positive
4473,positive
4474,positive
4475,positive
4476,positive
4477,positive
4478,positive
4479,positive
4480,positive
4481,positive
4482,positive
4483,positive
4484,positive
4485,positive
4486,positive
4487,positive
4488,positive
4489,positive
4490,positive
4491,positive
4492,positive
4493,positive
4494,positive
4495,positive
4496,positive
4497,positive
4498,positive
4499,positive
4500,positive
4501,positive
4502,positive
4503,positive
4504,positive
4505,positive
4506,positive
4507,positive
4508,positive
4509,positive
4510,positive
4511,positive
4512,positive
4513,positive
4514,positive
4515,positive
4516,positive
4517,positive
4518,positive
4519,positive
4520,positive
4521,positive
4522,positive
4523,positive
4524,positive
4525,positive
4526,positive
4527,positive
4528,positive
4529,positive
4530,positive
4531,positive
4532,positive
4533,positive
4534,positive
4535,positive
4536,positive
4537,positive
4538,positive
4539,positive
4540,positive
4541,positive
4542,positive
4543,positive
4544,positive
4545,positive
4546,positive
4547,positive
4548,positive
4549,positive
4550,positive
4551,positive
4552,positive
4553,positive
4554,positive
4555,positive
4556,positive
4557,positive
4558,positive
4559,positive
4560,positive
4561,positive
4562,positive
4563,positive
4564,positive
4565,positive
4566,positive
4567,positive
4568,positive
4569,positive
4570,positive
4571,positive
4572,positive
4573,positive
4574,positive
4575,positive
4576,positive
4577,positive
4578,positive
4579,positive
4580,positive
4581,positive
4582,positive
4583,positive
4584,positive
4585,positive
4586,positive
4587,positive
4588,positive
4589,positive
4590,positive
4591,positive
4592,positive
4593,positive
4594,positive
4595,positive
4596,positive
4597,positive
4598,positive
4599,positive
4600,positive
4601,positive
4602,positive
4603,positive
4604,positive
4605,positive
4606,positive
4607,positive
4608,positive
4609,positive
4610,positive
4611,positive
4612,positive
4613,positive
4614,positive
4615,positive
4616,positive
4617,positive
4618,positive
4619,positive
4620,positive
4621,positive
4622,positive
4623,positive
4624,positive
4625,positive
4626,positive
4627,positive
4628,positive
4629,positive
4630,positive
4631,positive
4632,positive
4633,positive
4634,positive
4635,positive
4636,positive
4637,positive
4638,positive
4639,positive
4640,positive
4641,positive
4642,positive
4643,positive
4644,positive
4645,positive
4646,positive
4647,positive
4648,positive
4649,positive
4650,positive
4651,positive
4652,positive
4653,positive
4654,positive
4655,positive
4656,positive
4657,positive
4658,positive
4659,positive
4660,positive
4661,positive
4662,positive
4663,positive
4664,positive
4665,positive
4666,positive
4667,positive
4668,positive
4669,positive
4670,positive
4671,positive
4672,positive
4673,positive
4674,positive
4675,positive
4676,positive
4677,positive
4678,positive
4679,positive
4680,positive
4681,positive
4682,positive
4683,positive
4684,positive
4685,positive
4686,positive
4687,positive
4688,positive
4689,positive
4690,positive
4691,positive
4692,positive
4693,positive
4694,positive
4695,positive
4696,positive
4697,positive
4698,positive
4699,positive
4700,positive
4701,positive
4702,positive
4703,positive
4704,positive
4705,positive
4706,positive
4707,positive
4708,positive
4709,positive
4710,positive
4711,positive
4712,positive
4713,positive
4714,positive
4715,positive
4716,positive
4717,positive
4718,positive
4719,positive
4720,positive
4721,positive
4722,positive
4723,positive
4724,positive
4725,positive
4726,positive
4727,positive
4728,positive
4729,positive
4730,positive
4731,positive
4732,positive
4733,positive
4734,positive
4735,positive
4736,positive
4737,positive
4738,positive
4739,positive
4740,positive
4741,positive
4742,positive
4743,positive
4744,positive
4745,positive
4746,positive
4747,positive
4748,positive
4749,positive
4750,positive
4751,positive
4752,positive
4753,positive
4754,positive
4755,positive
4756,positive
4757,positive
4758,positive
4759,positive
4760,positive
4761,positive
4762,positive
4763,positive
4764,positive
4765,positive
4766,positive
4767,positive
4768,positive
4769,positive
4770,positive
4771,positive
4772,positive
4773,positive
4774,positive
4775,positive
4776,positive
4777,positive
4778,positive
4779,positive
4780,positive
4781,positive
4782,positive
4783,positive
4784,positive
4785,positive
4786,positive
4787,positive
4788,positive
4789,positive
4790,positive
4791,positive
4792,positive
4793,positive
4794,positive
4795,positive
4796,positive
4797,positive
4798,positive
4799,positive
4800,positive
4801,positive
4802,positive
4803,positive
4804,positive
4805,positive
4806,positive
4807,positive
4808,positive
4809,positive
4810,positive
4811,positive
4812,positive
4813,positive
4814,positive
4815,positive
4816,positive
4817,positive
4818,positive
4819,positive
4820,positive
4821,positive
4822,positive
4823,positive
4824,positive
4825,positive
4826,positive
4827,positive
4828,positive
4829,positive
4830,positive
4831,positive
4832,positive
4833,positive
4834,positive
4835,positive
4836,positive
4837,positive
4838,positive
4839,positive
4840,positive
4841,positive
4842,positive
4843,positive
4844,positive
4845,positive
4846,positive
4847,positive
4848,positive
4849,positive
4850,positive
4851,positive
4852,positive
4853,positive
4854,positive
4855,positive
4856,positive
4857,positive
4858,positive
4859,positive
4860,positive
4861,positive
4862,positive
4863,positive
4864,positive
4865,positive
4866,positive
4867,positive
4868,positive
4869,positive
4870,positive
4871,positive
4872,positive
4873,positive
4874,positive
4875,positive
4876,positive
4877,positive
4878,positive
4879,positive
4880,positive
4881,positive
4882,positive
4883,positive
4884,positive
4885,positive
4886,positive
4887,positive
4888,positive
4889,positive
4890,positive
4891,positive
4892,positive
4893,positive
4894,positive
4895,positive
4896,positive
4897,positive
4898,positive
4899,positive
4900,positive
4901,positive
4902,positive
4903,positive
4904,positive
4905,positive
4906,positive
4907,positive
4908,positive
4909,positive
4910,positive
4911,positive
4912,positive
4913,positive
4914,positive
4915,positive
4916,positive
4917,positive
4918,positive
4919,positive
4920,positive
4921,positive
4922,positive
4923,positive
4924,positive
4925,positive
4926,positive
4927,positive
4928,positive
4929,positive
4930,positive
4931,positive
4932,positive
4933,positive
4934,positive
4935,positive
4936,positive
4937,positive
4938,positive
4939,positive
4940,positive
4941,positive
4942,positive
4943,positive
4944,positive
4945,positive
4946,positive
4947,positive
4948,positive
4949,positive
4950,positive
4951,positive
4952,positive
4953,positive
4954,positive
4955,positive
4956,positive
4957,positive
4958,positive
4959,positive
4960,positive
4961,positive
4962,positive
4963,positive
4964,positive
4965,positive
4966,positive
4967,positive
4968,positive
4969,positive
4970,positive
4971,positive
4972,positive
4973,positive
4974,positive
4975,positive
4976,positive
4977,positive
4978,positive
4979,positive
4980,positive
4981,positive
4982,positive
4983,positive
4984,positive
4985,positive
4986,positive
4987,positive
4988,positive
4989,positive
4990,positive
4991,positive
4992,positive
4993,positive
4994,positive
4995,positive
4996,positive
4997,positive
4998,positive
4999,positive
5000,positive
5001,positive
5002,positive
5003,positive
5004,positive
5005,positive
5006,positive
5007,positive
5008,positive
5009,positive
5010,positive
5011,positive
5012,positive
5013,positive
5014,positive
5015,positive
5016,positive
5017,positive
5018,positive
5019,positive
5020,positive
5021,positive
5022,positive
5023,positive
5024,positive
5025,positive
5026,positive
5027,positive
5028,positive
5029,positive
5030,positive
5031,positive
5032,positive
5033,positive
5034,positive
5035,positive
5036,positive
5037,positive
5038,positive
5039,positive
5040,positive
5041,positive
5042,positive
5043,positive
5044,positive
5045,positive
5046,positive
5047,positive
5048,positive
5049,positive
5050,positive
5051,positive
5052,positive
5053,positive
5054,positive
5055,positive
5056,positive
5057,positive
5058,positive
5059,positive
5060,positive
5061,positive
5062,positive
5063,positive
5064,positive
5065,positive
5066,positive
5067,positive
5068,positive
5069,positive
5070,positive
5071,positive
5072,positive
5073,positive
5074,positive
5075,positive
5076,positive
5077,positive
5078,positive
5079,positive
5080,positive
5081,positive
5082,positive
5083,positive
5084,positive
5085,positive
5086,positive
5087,positive
5088,positive
5089,positive
5090,positive
5091,positive
5092,positive
5093,positive
5094,positive
5095,positive
5096,positive
5097,positive
5098,positive
5099,positive
5100,positive
5101,positive
5102,positive
5103,positive
5104,positive
5105,positive
5106,positive
5107,positive
5108,positive
5109,positive
5110,positive
5111,positive
5112,positive
5113,positive
5114,positive
5115,positive
5116,positive
5117,positive
5118,positive
5119,positive
5120,positive
5121,positive
5122,positive
5123,positive
5124,positive
5125,positive
5126,positive
5127,positive
5128,positive
5129,positive
5130,positive
5131,positive
5132,positive
5133,positive
5134,positive
5135,positive
5136,positive
5137,positive
5138,positive
5139,positive
5140,positive
5141,positive
5142,positive
5143,positive
5144,positive
5145,positive
5146,positive
5147,positive
5148,positive
5149,positive
5150,positive
5151,positive
5152,positive
5153,positive
5154,positive
5155,positive
5156,positive
5157,positive
5158,positive
5159,positive
5160,positive
5161,positive
5162,positive
5163,positive
5164,positive
5165,positive
5166,positive
5167,positive
5168,positive
5169,positive
5170,positive
5171,positive
5172,positive
5173,positive
5174,positive
5175,positive
5176,positive
5177,positive
5178,positive
5179,positive
5180,positive
5181,positive
5182,positive
5183,positive
5184,positive
5185,positive
5186,positive
5187,positive
5188,positive
5189,positive
5190,positive
5191,positive
5192,positive
5193,positive
5194,positive
5195,positive
5196,positive
5197,positive
5198,positive
5199,positive
5200,positive
5201,positive
5202,positive
5203,positive
5204,positive
5205,positive
5206,positive
5207,positive
5208,positive
5209,positive
5210,positive
5211,positive
5212,positive
5213,positive
5214,positive
5215,positive
5216,positive
5217,positive
5218,positive
5219,positive
5220,positive
5221,positive
5222,positive
5223,positive
5224,positive
5225,positive
5226,positive
5227,positive
5228,positive
5229,positive
5230,positive
5231,positive
5232,positive
5233,positive
5234,positive
5235,positive
5236,positive
5237,positive
5238,positive
5239,positive
5240,positive
5241,positive
5242,positive
5243,positive
5244,positive
5245,positive
5246,positive
5247,positive
5248,positive
5249,positive
5250,positive
5251,positive
5252,positive
5253,positive
5254,positive
5255,positive
5256,positive
5257,positive
5258,positive
5259,positive
5260,positive
5261,positive
5262,positive
5263,positive
5264,positive
5265,positive
5266,positive
5267,positive
5268,positive
5269,positive
5270,positive
5271,positive
5272,positive
5273,positive
5274,positive
5275,positive
5276,positive
5277,positive
5278,positive
5279,positive
5280,positive
5281,positive
5282,positive
5283,positive
5284,positive
5285,positive
5286,positive
5287,positive
5288,positive
5289,positive
5290,positive
5291,positive
5292,positive
5293,positive
5294,positive
5295,positive
5296,positive
5297,positive
5298,positive
5299,positive
5300,positive
5301,positive
5302,positive
5303,positive
5304,positive
5305,positive
5306,positive
5307,positive
5308,positive
5309,positive
5310,positive
5311,positive
5312,positive
5313,positive
5314,positive
5315,positive
5316,positive
5317,positive
5318,positive
5319,positive
5320,positive
5321,positive
5322,positive
5323,positive
5324,positive
5325,positive
5326,positive
5327,positive
5328,positive
5329,positive
5330,positive
5331,positive
5332,positive
5333,positive
5334,positive
5335,positive
5336,positive
5337,positive
5338,positive
5339,positive
5340,positive
5341,positive
5342,positive
5343,positive
5344,positive
5345,positive
5346,positive
5347,positive
5348,positive
5349,positive
5350,positive
5351,positive
5352,positive
5353,positive
5354,positive
5355,positive
5356,positive
5357,positive
5358,positive
5359,positive
5360,positive
5361,positive
5362,positive
5363,positive
5364,positive
5365,positive
5366,positive
5367,positive
5368,positive
5369,positive
5370,positive
5371,positive
5372,positive
5373,positive
5374,positive
5375,positive
5376,positive
5377,positive
5378,positive
5379,positive
5380,positive
5381,positive
5382,positive
5383,positive
5384,positive
5385,positive
5386,positive
5387,positive
5388,positive
5389,positive
5390,positive
5391,positive
5392,positive
5393,positive
5394,positive
5395,positive
5396,positive
5397,positive
5398,positive
5399,positive
5400,positive
5401,positive
5402,positive
5403,positive
5404,positive
5405,positive
5406,positive
5407,positive
5408,positive
5409,positive
5410,positive
5411,positive
5412,positive
5413,positive
5414,positive
5415,positive
5416,positive
5417,positive
5418,positive
5419,positive
5420,positive
5421,positive
5422,positive
5423,positive
5424,positive
5425,positive
5426,positive
5427,positive
5428,positive
5429,positive
5430,positive
5431,positive
5432,positive
5433,positive
5434,positive
5435,positive
5436,positive
5437,positive
5438,positive
5439,positive
5440,positive
5441,positive
5442,positive
5443,positive
5444,positive
5445,positive
5446,positive
5447,positive
5448,positive
5449,positive
5450,positive
5451,positive
5452,positive
5453,positive
5454,positive
5455,positive
5456,positive
5457,positive
5458,positive
5459,positive
5460,positive
5461,positive
5462,positive
5463,positive
5464,positive
5465,positive
5466,positive
5467,positive
5468,positive
5469,positive
5470,positive
5471,positive
5472,positive
5473,positive
5474,positive
5475,positive
5476,positive
5477,positive
5478,positive
5479,positive
5480,positive
5481,positive
5482,positive
5483,positive
5484,positive
5485,positive
5486,positive
5487,positive
5488,positive
5489,positive
5490,positive
5491,positive
5492,positive
5493,positive
5494,positive
5495,positive
5496,positive
5497,positive
5498,positive
5499,positive
5500,positive
5501,positive
5502,positive
5503,positive
5504,positive
5505,positive
5506,positive
5507,positive
5508,positive
5509,positive
5510,positive
5511,positive
5512,positive
5513,positive
5514,positive
5515,positive
5516,positive
5517,positive
5518,positive
5519,positive
5520,positive
5521,positive
5522,positive
5523,positive
5524,positive
5525,positive
5526,positive
5527,positive
5528,positive
5529,positive
5530,positive
5531,positive
5532,positive
5533,positive
5534,positive
5535,positive
5536,positive
5537,positive
5538,positive
5539,positive
5540,positive
5541,positive
5542,positive
5543,positive
5544,positive
5545,positive
5546,positive
5547,positive
5548,positive
5549,positive
5550,positive
5551,positive
5552,positive
5553,positive
5554,positive
5555,positive
5556,positive
5557,positive
5558,positive
5559,positive
5560,positive
5561,positive
5562,positive
5563,positive
5564,positive
5565,positive
5566,positive
5567,positive
5568,positive
5569,positive
5570,positive
5571,positive
5572,positive
5573,positive
5574,positive
5575,positive
5576,positive
5577,positive
5578,positive
5579,positive
5580,positive
5581,positive
5582,positive
5583,positive
5584,positive
5585,positive
5586,positive
5587,positive
5588,positive
5589,positive
5590,positive
5591,positive
5592,positive
5593,positive
5594,positive
5595,positive
5596,positive
5597,positive
5598,positive
5599,positive
5600,positive
5601,positive
5602,positive
5603,positive
5604,positive
5605,positive
5606,positive
5607,positive
5608,positive
5609,positive
5610,positive
5611,positive
5612,positive
5613,positive
5614,positive
5615,positive
5616,positive
5617,positive
5618,positive
5619,positive
5620,positive
5621,positive
5622,positive
5623,positive
5624,positive
5625,positive
5626,positive
5627,positive
5628,positive
5629,positive
5630,positive
5631,positive
5632,positive
5633,positive
5634,positive
5635,positive
5636,positive
5637,positive
5638,positive
5639,positive
5640,positive
5641,positive
5642,positive
5643,positive
5644,positive
5645,positive
5646,positive
5647,positive
5648,positive
5649,positive
5650,positive
5651,positive
5652,positive
5653,positive
5654,positive
5655,positive
5656,positive
5657,positive
5658,positive
5659,positive
5660,positive
5661,positive
5662,positive
5663,positive
5664,positive
5665,positive
5666,positive
5667,positive
5668,positive
5669,positive
5670,positive
5671,positive
5672,positive
5673,positive
5674,positive
5675,positive
5676,positive
5677,positive
5678,positive
5679,positive
5680,positive
5681,positive
5682,positive
5683,positive
5684,positive
5685,positive
5686,positive
5687,positive
5688,positive
5689,positive
5690,positive
5691,positive
5692,positive
5693,positive
5694,positive
5695,positive
5696,positive
5697,positive
5698,positive
5699,positive
5700,positive
5701,positive
5702,positive
5703,positive
5704,positive
5705,positive
5706,positive
5707,positive
5708,positive
5709,positive
5710,positive
5711,positive
5712,positive
5713,positive
5714,positive
5715,positive
5716,positive
5717,positive
5718,positive
5719,positive
5720,positive
5721,positive
5722,positive
5723,positive
5724,positive
5725,positive
5726,positive
5727,positive
5728,positive
5729,positive
5730,positive
5731,positive
5732,positive
5733,positive
5734,positive
5735,positive
5736,positive
5737,positive
5738,positive
5739,positive
5740,positive
5741,positive
5742,positive
5743,positive
5744,positive
5745,positive
5746,positive
5747,positive
5748,positive
5749,positive
5750,positive
5751,positive
5752,positive
5753,positive
5754,positive
5755,positive
5756,positive
5757,positive
5758,positive
5759,positive
5760,positive
5761,positive
5762,positive
5763,positive
5764,positive
5765,positive
5766,positive
5767,positive
5768,positive
5769,positive
5770,positive
5771,positive
5772,positive
5773,positive
5774,positive
5775,positive
5776,positive
5777,positive
5778,positive
5779,positive
5780,positive
5781,positive
5782,positive
5783,positive
5784,positive
5785,positive
5786,positive
5787,positive
5788,positive
5789,positive
5790,positive
5791,positive
5792,positive
5793,positive
5794,positive
5795,positive
5796,positive
5797,positive
5798,positive
5799,positive
5800,positive
5801,positive
5802,positive
5803,positive
5804,positive
5805,positive
5806,positive
5807,positive
5808,positive
5809,positive
5810,positive
5811,positive
5812,positive
5813,positive
5814,positive
5815,positive
5816,positive
5817,positive
5818,positive
5819,positive
5820,positive
5821,positive
5822,positive
5823,positive
5824,positive
5825,positive
5826,positive
5827,positive
5828,positive
5829,positive
5830,positive
5831,positive
5832,positive
5833,positive
5834,positive
5835,positive
5836,positive
5837,positive
5838,positive
5839,positive
5840,positive
5841,positive
5842,positive
5843,positive
5844,positive
5845,positive
5846,positive
5847,positive
5848,positive
5849,positive
5850,positive
5851,positive
5852,positive
5853,positive
5854,positive
5855,positive
5856,positive
5857,positive
5858,positive
5859,positive
5860,positive
5861,positive
5862,positive
5863,positive
5864,positive
5865,positive
5866,positive
5867,positive
5868,positive
5869,positive
5870,positive
5871,positive
5872,positive
5873,positive
5874,positive
5875,positive
5876,positive
5877,positive
5878,positive
5879,positive
5880,positive
5881,positive
5882,positive
5883,positive
5884,positive
5885,positive
5886,positive
5887,positive
5888,positive
5889,positive
5890,positive
5891,positive
5892,positive
5893,positive
5894,positive
5895,positive
5896,positive
5897,positive
5898,positive
5899,positive
5900,positive
5901,positive
5902,positive
5903,positive
5904,positive
5905,positive
5906,positive
5907,positive
5908,positive
5909,positive
5910,positive
5911,positive
5912,positive
5913,positive
5914,positive
5915,positive
5916,positive
5917,positive
5918,positive
5919,positive
5920,positive
5921,positive
5922,positive
5923,positive
5924,positive
5925,positive
5926,positive
5927,positive
5928,positive
5929,positive
5930,positive
5931,positive
5932,positive
5933,positive
5934,positive
5935,positive
5936,positive
5937,positive
5938,positive
5939,positive
5940,positive
5941,positive
5942,positive
5943,positive
5944,positive
5945,positive
5946,positive
5947,positive
5948,positive
5949,positive
5950,positive
5951,positive
5952,positive
5953,positive
5954,positive
5955,positive
5956,positive
5957,positive
5958,positive
5959,positive
5960,positive
5961,positive
5962,positive
5963,positive
5964,positive
5965,positive
5966,positive
5967,positive
5968,positive
5969,positive
5970,positive
5971,positive
5972,positive
5973,positive
5974,positive
5975,positive
5976,positive
5977,positive
5978,positive
5979,positive
5980,positive
5981,positive
5982,positive
5983,positive
5984,positive
5985,positive
5986,positive
5987,positive
5988,positive
5989,positive
5990,positive
5991,positive
5992,positive
5993,positive
5994,positive
5995,positive
5996,positive
5997,positive
5998,positive
5999,positive
6000,positive
6001,positive
6002,positive
6003,positive
6004,positive
6005,positive
6006,positive
6007,positive
6008,positive
6009,positive
6010,positive
6011,positive
6012,positive
6013,positive
6014,positive
6015,positive
6016,positive
6017,positive
6018,positive
6019,positive
6020,positive
6021,positive
6022,positive
6023,positive
6024,positive
6025,positive
6026,positive
6027,positive
6028,positive
6029,positive
6030,positive
6031,positive
6032,positive
6033,positive
6034,positive
6035,positive
6036,positive
6037,positive
6038,positive
6039,positive
6040,positive
6041,positive
6042,positive
6043,positive
6044,positive
6045,positive
6046,positive
6047,positive
6048,positive
6049,positive
6050,positive
6051,positive
6052,positive
6053,positive
6054,positive
6055,positive
6056,positive
6057,positive
6058,positive
6059,positive
6060,positive
6061,positive
6062,positive
6063,positive
6064,positive
6065,positive
6066,positive
6067,positive
6068,positive
6069,positive
6070,positive
6071,positive
6072,positive
6073,positive
6074,positive
6075,positive
6076,positive
6077,positive
6078,positive
6079,positive
6080,positive
6081,positive
6082,positive
6083,positive
6084,positive
6085,positive
6086,positive
6087,positive
6088,positive
6089,positive
6090,positive
6091,positive
6092,positive
6093,positive
6094,positive
6095,positive
6096,positive
6097,positive
6098,positive
6099,positive
6100,positive
6101,positive
6102,positive
6103,positive
6104,positive
6105,positive
6106,positive
6107,positive
6108,positive
6109,positive
6110,positive
6111,positive
6112,positive
6113,positive
6114,positive
6115,positive
6116,positive
6117,positive
6118,positive
6119,positive
6120,positive
6121,positive
6122,positive
6123,positive
6124,positive
6125,positive
6126,positive
6127,positive
6128,positive
6129,positive
6130,positive
6131,positive
6132,positive
6133,positive
6134,positive
6135,positive
6136,positive
6137,positive
6138,positive
6139,positive
6140,positive
6141,positive
6142,positive
6143,positive
6144,positive
6145,positive
6146,positive
6147,positive
6148,positive
6149,positive
6150,positive
6151,positive
6152,positive
6153,positive
6154,positive
6155,positive
6156,positive
6157,positive
6158,positive
6159,positive
6160,positive
6161,positive
6162,positive
6163,positive
6164,positive
6165,positive
6166,positive
6167,positive
6168,positive
6169,positive
6170,positive
6171,positive
6172,positive
6173,positive
6174,positive
6175,positive
6176,positive
6177,positive
6178,positive
6179,positive
6180,positive
6181,positive
6182,positive
6183,positive
6184,positive
6185,positive
6186,positive
6187,positive
6188,positive
6189,positive
6190,positive
6191,positive
6192,positive
6193,positive
6194,positive
6195,positive
6196,positive
6197,positive
6198,positive
6199,positive
6200,positive
6201,positive
6202,positive
6203,positive
6204,positive
6205,positive
6206,positive
6207,positive
6208,positive
6209,positive
6210,positive
6211,positive
6212,positive
6213,positive
6214,positive
6215,positive
6216,positive
6217,positive
6218,positive
6219,positive
6220,positive
6221,positive
6222,positive
6223,positive
6224,positive
6225,positive
6226,positive
6227,positive
6228,positive
6229,positive
6230,positive
6231,positive
6232,positive
6233,positive
6234,positive
6235,positive
6236,positive
6237,positive
6238,positive
6239,positive
6240,positive
6241,positive
6242,positive
6243,positive
6244,positive
6245,positive
6246,positive
6247,positive
6248,positive
6249,positive
6250,positive
6251,positive
6252,positive
6253,positive
6254,positive
6255,positive
6256,positive
6257,positive
6258,positive
6259,positive
6260,positive
6261,positive
6262,positive
6263,positive
6264,positive
6265,positive
6266,positive
6267,positive
6268,positive
6269,positive
6270,positive
6271,positive
6272,positive
6273,positive
6274,positive
6275,positive
6276,positive
6277,positive
6278,positive
6279,positive
6280,positive
6281,positive
6282,positive
6283,positive
6284,positive
6285,positive
6286,positive
6287,positive
6288,positive
6289,positive
6290,positive
6291,positive
6292,positive
6293,positive
6294,positive
6295,positive
6296,positive
6297,positive
6298,positive
6299,positive
6300,positive
6301,positive
6302,positive
6303,positive
6304,positive
6305,positive
6306,positive
6307,positive
6308,positive
6309,positive
6310,positive
6311,positive
6312,positive
6313,positive
6314,positive
6315,positive
6316,positive
6317,positive
6318,positive
6319,positive
6320,positive
6321,positive
6322,positive
6323,positive
6324,positive
6325,positive
6326,positive
6327,positive
6328,positive
6329,positive
6330,positive
6331,positive
6332,positive
6333,positive
6334,positive
6335,positive
6336,positive
6337,positive
6338,positive
6339,positive
6340,positive
6341,positive
6342,positive
6343,positive
6344,positive
6345,positive
6346,positive
6347,positive
6348,positive
6349,positive
6350,positive
6351,positive
6352,positive
6353,positive
6354,positive
6355,positive
6356,positive
6357,positive
6358,positive
6359,positive
6360,positive
6361,positive
6362,positive
6363,positive
6364,positive
6365,positive
6366,positive
6367,positive
6368,positive
6369,positive
6370,positive
6371,positive
6372,positive
6373,positive
6374,positive
6375,positive
6376,positive
6377,positive
6378,positive
6379,positive
6380,positive
6381,positive
6382,positive
6383,positive
6384,positive
6385,positive
6386,positive
6387,positive
6388,positive
6389,positive
6390,positive
6391,positive
6392,positive
6393,positive
6394,positive
6395,positive
6396,positive
6397,positive
6398,positive
6399,positive
6400,positive
6401,positive
6402,positive
6403,positive
6404,positive
6405,positive
6406,positive
6407,positive
6408,positive
6409,positive
6410,positive
6411,positive
6412,positive
6413,positive
6414,positive
6415,positive
6416,positive
6417,positive
6418,positive
6419,positive
6420,positive
6421,positive
6422,positive
6423,positive
6424,positive
6425,positive
6426,positive
6427,positive
6428,positive
6429,positive
6430,positive
6431,positive
6432,positive
6433,positive
6434,positive
6435,positive
6436,positive
6437,positive
6438,positive
6439,positive
6440,positive
6441,positive
6442,positive
6443,positive
6444,positive
6445,positive
6446,positive
6447,positive
6448,positive
6449,positive
6450,positive
6451,positive
6452,positive
6453,positive
6454,positive
6455,positive
6456,positive
6457,positive
6458,positive
6459,positive
6460,positive
6461,positive
6462,positive
6463,positive
6464,positive
6465,positive
6466,positive
6467,positive
6468,positive
6469,positive
6470,positive
6471,positive
6472,positive
6473,positive
6474,positive
6475,positive
6476,positive
6477,positive
6478,positive
6479,positive
6480,positive
6481,positive
6482,positive
6483,positive
6484,positive
6485,positive
6486,positive
6487,positive
6488,positive
6489,positive
6490,positive
6491,positive
6492,positive
6493,positive
6494,positive
6495,positive
6496,positive
6497,positive
6498,positive
6499,positive
6500,positive
6501,positive
6502,positive
6503,positive
6504,positive
6505,positive
6506,positive
6507,positive
6508,positive
6509,positive
6510,positive
6511,positive
6512,positive
6513,positive
6514,positive
6515,positive
6516,positive
6517,positive
6518,positive
6519,positive
6520,positive
6521,positive
6522,positive
6523,positive
6524,positive
6525,positive
6526,positive
6527,positive
6528,positive
6529,positive
6530,positive
6531,positive
6532,positive
6533,positive
6534,positive
6535,positive
6536,positive
6537,positive
6538,positive
6539,positive
6540,positive
6541,positive
6542,positive
6543,positive
6544,positive
6545,positive
6546,positive
6547,positive
6548,positive
6549,positive
6550,positive
6551,positive
6552,positive
6553,positive
6554,positive
6555,positive
6556,positive
6557,positive
6558,positive
6559,positive
6560,positive
6561,positive
6562,positive
6563,positive
6564,positive
6565,positive
6566,positive
6567,positive
6568,positive
6569,positive
6570,positive
6571,positive
6572,positive
6573,positive
6574,positive
6575,positive
6576,positive
6577,positive
6578,positive
6579,positive
6580,positive
6581,positive
6582,positive
6583,positive
6584,positive
6585,positive
6586,positive
6587,positive
6588,positive
6589,positive
6590,positive
6591,positive
6592,positive
6593,positive
6594,positive
6595,positive
6596,positive
6597,positive
6598,positive
6599,positive
6600,positive
6601,positive
6602,positive
6603,positive
6604,positive
6605,positive
6606,positive
6607,positive
6608,positive
6609,positive
6610,positive
6611,positive
6612,positive
6613,positive
6614,positive
6615,positive
6616,positive
6617,positive
6618,positive
6619,positive
6620,positive
6621,positive
6622,positive
6623,positive
6624,positive
6625,positive
6626,positive
6627,positive
6628,positive
6629,positive
6630,positive
6631,positive
6632,positive
6633,positive
6634,positive
6635,positive
6636,positive
6637,positive
6638,positive
6639,positive
6640,positive
6641,positive
6642,positive
6643,positive
6644,positive
6645,positive
6646,positive
6647,positive
6648,positive
6649,positive
6650,positive
6651,positive
6652,positive
6653,positive
6654,positive
6655,positive
6656,positive
6657,positive
6658,positive
6659,positive
6660,positive
6661,positive
6662,positive
6663,positive
6664,positive
6665,positive
6666,positive
6667,positive
6668,positive
6669,positive
6670,positive
6671,positive
6672,positive
6673,positive
6674,positive
6675,positive
6676,positive
6677,positive
6678,positive
6679,positive
6680,positive
6681,positive
6682,positive
6683,positive
6684,positive
6685,positive
6686,positive
6687,positive
6688,positive
6689,positive
6690,positive
6691,positive
6692,positive
6693,positive
6694,positive
6695,positive
6696,positive
6697,positive
6698,positive
6699,positive
6700,positive
6701,positive
6702,positive
6703,positive
6704,positive
6705,positive
6706,positive
6707,positive
6708,positive
6709,positive
6710,positive
6711,positive
6712,positive
6713,positive
6714,positive
6715,positive
6716,positive
6717,positive
6718,positive
6719,positive
6720,positive
6721,positive
6722,positive
6723,positive
6724,positive
6725,positive
6726,positive
6727,positive
6728,positive
6729,positive
6730,positive
6731,positive
6732,positive
6733,positive
6734,positive
6735,positive
6736,positive
6737,positive
6738,positive
6739,positive
6740,positive
6741,positive
6742,positive
6743,positive
6744,positive
6745,positive
6746,positive
6747,positive
6748,positive
6749,positive
6750,positive
6751,positive
6752,positive
6753,positive
6754,positive
6755,positive
6756,positive
6757,positive
6758,positive
6759,positive
6760,positive
6761,positive
6762,positive
6763,positive
6764,positive
6765,positive
6766,positive
6767,positive
6768,positive
6769,positive
6770,positive
6771,positive
6772,positive
6773,positive
6774,positive
6775,positive
6776,positive
6777,positive
6778,positive
6779,positive
6780,positive
6781,positive
6782,positive
6783,positive
6784,positive
6785,positive
6786,positive
6787,positive
6788,positive
6789,positive
6790,positive
6791,positive
6792,positive
6793,positive
6794,positive
6795,positive
6796,positive
6797,positive
6798,positive
6799,positive
6800,positive
6801,positive
6802,positive
6803,positive
6804,positive
6805,positive
6806,positive
6807,positive
6808,positive
6809,positive
6810,positive
6811,positive
6812,positive
6813,positive
6814,positive
6815,positive
6816,positive
6817,positive
6818,positive
6819,positive
6820,positive
6821,positive
6822,positive
6823,positive
6824,positive
6825,positive
6826,positive
6827,positive
6828,positive
6829,positive
6830,positive
6831,positive
6832,positive
6833,positive
6834,positive
6835,positive
6836,positive
6837,positive
6838,positive
6839,positive
6840,positive
6841,positive
6842,positive
6843,positive
6844,positive
6845,positive
6846,positive
6847,positive
6848,positive
6849,positive
6850,positive
6851,positive
6852,positive
6853,positive
6854,positive
6855,positive
6856,positive
6857,positive
6858,positive
6859,positive
6860,positive
6861,positive
6862,positive
6863,positive
6864,positive
6865,positive
6866,positive
6867,positive
6868,positive
6869,positive
6870,positive
6871,positive
6872,positive
6873,positive
6874,positive
6875,positive
6876,positive
6877,positive
6878,positive
6879,positive
6880,positive
6881,positive
6882,positive
6883,positive
6884,positive
6885,positive
6886,positive
6887,positive
6888,positive
6889,positive
6890,positive
6891,positive
6892,positive
6893,positive
6894,positive
6895,positive
6896,positive
6897,positive
6898,positive
6899,positive
6900,positive
6901,positive
6902,positive
6903,positive
6904,positive
6905,positive
6906,positive
6907,positive
6908,positive
6909,positive
6910,positive
6911,positive
6912,positive
6913,positive
6914,positive
6915,positive
6916,positive
6917,positive
6918,positive
6919,positive
6920,positive
6921,positive
6922,positive
6923,positive
6924,positive
6925,positive
6926,positive
6927,positive
6928,positive
6929,positive
6930,positive
6931,positive
6932,positive
6933,positive
6934,positive
6935,positive
6936,positive
6937,positive
6938,positive
6939,positive
6940,positive
6941,positive
6942,positive
6943,positive
6944,positive
6945,positive
6946,positive
6947,positive
6948,positive
6949,positive
6950,positive
6951,positive
6952,positive
6953,positive
6954,positive
6955,positive
6956,positive
6957,positive
6958,positive
6959,positive
6960,positive
6961,positive
6962,positive
6963,positive
6964,positive
6965,positive
6966,positive
6967,positive
6968,positive
6969,positive
6970,positive
6971,positive
6972,positive
6973,positive
6974,positive
6975,positive
6976,positive
6977,positive
6978,positive
6979,positive
6980,positive
6981,positive
6982,positive
6983,positive
6984,positive
6985,positive
6986,positive
6987,positive
6988,positive
6989,positive
6990,positive
6991,positive
6992,positive
6993,positive
6994,positive
6995,positive
6996,positive
6997,positive
6998,positive
6999,positive
7000,positive
7001,positive
7002,positive
7003,positive
7004,positive
7005,positive
7006,positive
7007,positive
7008,positive
7009,positive
7010,positive
7011,positive
7012,positive
7013,positive
7014,positive
7015,positive
7016,positive
7017,positive
7018,positive
7019,positive
7020,positive
7021,positive
7022,positive
7023,positive
7024,positive
7025,positive
7026,positive
7027,positive
7028,positive
7029,positive
7030,positive
7031,positive
7032,positive
7033,positive
7034,positive
7035,positive
7036,positive
7037,positive
7038,positive
7039,positive
7040,positive
7041,positive
7042,positive
7043,positive
7044,positive
7045,positive
7046,positive
7047,positive
7048,positive
7049,positive
7050,positive
7051,positive
7052,positive
7053,positive
7054,positive
7055,positive
7056,positive
7057,positive
7058,positive
7059,positive
7060,positive
7061,positive
7062,positive
7063,positive
7064,positive
7065,positive
7066,positive
7067,positive
7068,positive
7069,positive
7070,positive
7071,positive
7072,positive
7073,positive
7074,positive
7075,positive
7076,positive
7077,positive
7078,positive
7079,positive
7080,positive
7081,positive
7082,positive
7083,positive
7084,positive
7085,positive
7086,positive
7087,positive
7088,positive
7089,positive
7090,positive
7091,positive
7092,positive
7093,positive
7094,positive
7095,positive
7096,positive
7097,positive
7098,positive
7099,positive
7100,positive
7101,positive
7102,positive
7103,positive
7104,positive
7105,positive
7106,positive
7107,positive
7108,positive
7109,positive
7110,positive
7111,positive
7112,positive
7113,positive
7114,positive
7115,positive
7116,positive
7117,positive
7118,positive
7119,positive
7120,positive
7121,positive
7122,positive
7123,positive
7124,positive
7125,positive
7126,positive
7127,positive
7128,positive
7129,positive
7130,positive
7131,positive
7132,positive
7133,positive
7134,positive
7135,positive
7136,positive
7137,positive
7138,positive
7139,positive
7140,positive
7141,positive
7142,positive
7143,positive
7144,positive
7145,positive
7146,positive
7147,positive
7148,positive
7149,positive
7150,positive
7151,positive
7152,positive
7153,positive
7154,positive
7155,positive
7156,positive
7157,positive
7158,positive
7159,positive
7160,positive
7161,positive
7162,positive
7163,positive
7164,positive
7165,positive
7166,positive
7167,positive
7168,positive
7169,positive
7170,positive
7171,positive
7172,positive
7173,positive
7174,positive
7175,positive
7176,positive
7177,positive
7178,positive
7179,positive
7180,positive
7181,positive
7182,positive
7183,positive
7184,positive
7185,positive
7186,positive
7187,positive
7188,positive
7189,positive
7190,positive
7191,positive
7192,positive
7193,positive
7194,positive
7195,positive
7196,positive
7197,positive
7198,positive
7199,positive
7200,positive
7201,positive
7202,positive
7203,positive
7204,positive
7205,positive
7206,positive
7207,positive
7208,positive
7209,positive
7210,positive
7211,positive
7212,positive
7213,positive
7214,positive
7215,positive
7216,positive
7217,positive
7218,positive
7219,positive
7220,positive
7221,positive
7222,positive
7223,positive
7224,positive
7225,positive
7226,positive
7227,positive
7228,positive
7229,positive
7230,positive
7231,positive
7232,positive
7233,positive
7234,positive
7235,positive
7236,positive
7237,positive
7238,positive
7239,positive
7240,positive
7241,positive
7242,positive
7243,positive
7244,positive
7245,positive
7246,positive
7247,positive
7248,positive
7249,positive
7250,positive
7251,positive
7252,positive
7253,positive
7254,positive
7255,positive
7256,positive
7257,positive
7258,positive
7259,positive
7260,positive
7261,positive
7262,positive
7263,positive
7264,positive
7265,positive
7266,positive
7267,positive
7268,positive
7269,positive
7270,positive
7271,positive
7272,positive
7273,positive
7274,positive
7275,positive
7276,positive
7277,positive
7278,positive
7279,positive
7280,positive
7281,positive
7282,positive
7283,positive
7284,positive
7285,positive
7286,positive
7287,positive
7288,positive
7289,positive
7290,positive
7291,positive
7292,positive
7293,positive
7294,positive
7295,positive
7296,positive
7297,positive
7298,positive
7299,positive
7300,positive
7301,positive
7302,positive
7303,positive
7304,positive
7305,positive
7306,positive
7307,positive
7308,positive
7309,positive
7310,positive
7311,positive
7312,positive
7313,positive
7314,positive
7315,positive
7316,positive
7317,positive
7318,positive
7319,positive
7320,positive
7321,positive
7322,positive
7323,positive
7324,positive
7325,positive
7326,positive
7327,positive
7328,positive
7329,positive
7330,positive
7331,positive
7332,positive
7333,positive
7334,positive
7335,positive
7336,positive
7337,positive
7338,positive
7339,positive
7340,positive
7341,positive
7342,positive
7343,positive
7344,positive
7345,positive
7346,positive
7347,positive
7348,positive
7349,positive
7350,positive
7351,positive
7352,positive
7353,positive
7354,positive
7355,positive
7356,positive
7357,positive
7358,positive
7359,positive
7360,positive
7361,positive
7362,positive
7363,positive
7364,positive
7365,positive
7366,positive
7367,positive
7368,positive
7369,positive
7370,positive
7371,positive
7372,positive
7373,positive
7374,positive
7375,positive
7376,positive
7377,positive
7378,positive
7379,positive
7380,positive
7381,positive
7382,positive
7383,positive
7384,positive
7385,positive
7386,positive
7387,positive
7388,positive
7389,positive
7390,positive
7391,positive
7392,positive
7393,positive
7394,positive
7395,positive
7396,positive
7397,positive
7398,positive
7399,positive
7400,positive
7401,positive
7402,positive
7403,positive
7404,positive
7405,positive
7406,positive
7407,positive
7408,positive
7409,positive
7410,positive
7411,positive
7412,positive
7413,positive
7414,positive
7415,positive
7416,positive
7417,positive
7418,positive
7419,positive
7420,positive
7421,positive
7422,positive
7423,positive
7424,positive
7425,positive
7426,positive
7427,positive
7428,positive
7429,positive
7430,positive
7431,positive
7432,positive
7433,positive
7434,positive
7435,positive
7436,positive
7437,positive
7438,positive
7439,positive
7440,positive
7441,positive
7442,positive
7443,positive
7444,positive
7445,positive
7446,positive
7447,positive
7448,positive
7449,positive
7450,positive
7451,positive
7452,positive
7453,positive
7454,positive
7455,positive
7456,positive
7457,positive
7458,positive
7459,positive
7460,positive
7461,positive
7462,positive
7463,positive
7464,positive
7465,positive
7466,positive
7467,positive
7468,positive
7469,positive
7470,positive
7471,positive
7472,positive
7473,positive
7474,positive
7475,positive
7476,positive
7477,positive
7478,positive
7479,positive
7480,positive
7481,positive
7482,positive
7483,positive
7484,positive
7485,positive
7486,positive
7487,positive
7488,positive
7489,positive
7490,positive
7491,positive
7492,positive
7493,positive
7494,positive
7495,positive
7496,positive
7497,positive
7498,positive
7499,positive
7500,positive
7501,positive
7502,positive
7503,positive
7504,positive
7505,positive
7506,positive
7507,positive
7508,positive
7509,positive
7510,positive
7511,positive
7512,positive
7513,positive
7514,positive
7515,positive
7516,positive
7517,positive
7518,positive
7519,positive
7520,positive
7521,positive
7522,positive
7523,positive
7524,positive
7525,positive
7526,positive
7527,positive
7528,positive
7529,positive
7530,positive
7531,positive
7532,positive
7533,positive
7534,positive
7535,positive
7536,positive
7537,positive
7538,positive
7539,positive
7540,positive
7541,positive
7542,positive
7543,positive
7544,positive
7545,positive
7546,positive
7547,positive
7548,positive
7549,positive
7550,positive
7551,positive
7552,positive
7553,positive
7554,positive
7555,positive
7556,positive
7557,positive
7558,positive
7559,positive
7560,positive
7561,positive
7562,positive
7563,positive
7564,positive
7565,positive
7566,positive
7567,positive
7568,positive
7569,positive
7570,positive
7571,positive
7572,positive
7573,positive
7574,positive
7575,positive
7576,positive
7577,positive
7578,positive
7579,positive
7580,positive
7581,positive
7582,positive
7583,positive
7584,positive
7585,positive
7586,positive
7587,positive
7588,positive
7589,positive
7590,positive
7591,positive
7592,positive
7593,positive
7594,positive
7595,positive
7596,positive
7597,positive
7598,positive
7599,positive
7600,positive
7601,positive
7602,positive
7603,positive
7604,positive
7605,positive
7606,positive
7607,positive
7608,positive
7609,positive
7610,positive
7611,positive
7612,positive
7613,positive
7614,positive
7615,positive
7616,positive
7617,positive
7618,positive
7619,positive
7620,positive
7621,positive
7622,positive
7623,positive
7624,positive
7625,positive
7626,positive
7627,positive
7628,positive
7629,positive
7630,positive
7631,positive
7632,positive
7633,positive
7634,positive
7635,positive
7636,positive
7637,positive
7638,positive
7639,positive
7640,positive
7641,positive
7642,positive
7643,positive
7644,positive
7645,positive
7646,positive
7647,positive
7648,positive
7649,positive
7650,positive
7651,positive
7652,positive
7653,positive
7654,positive
7655,positive
7656,positive
7657,positive
7658,positive
7659,positive
7660,positive
7661,positive
7662,positive
7663,positive
7664,positive
7665,positive
7666,positive
7667,positive
7668,positive
7669,positive
7670,positive
7671,positive
7672,positive
7673,positive
7674,positive
7675,positive
7676,positive
7677,positive
7678,positive
7679,positive
7680,positive
7681,positive
7682,positive
7683,positive
7684,positive
7685,positive
7686,positive
7687,positive
7688,positive
7689,positive
7690,positive
7691,positive
7692,positive
7693,positive
7694,positive
7695,positive
7696,positive
7697,positive
7698,positive
7699,positive
7700,positive
7701,positive
7702,positive
7703,positive
7704,positive
7705,positive
7706,positive
7707,positive
7708,positive
7709,positive
7710,positive
7711,positive
7712,positive
7713,positive
7714,positive
7715,positive
7716,positive
7717,positive
7718,positive
7719,positive
7720,positive
7721,positive
7722,positive
7723,positive
7724,positive
7725,positive
7726,positive
7727,positive
7728,positive
7729,positive
7730,positive
7731,positive
7732,positive
7733,positive
7734,positive
7735,positive
7736,positive
7737,positive
7738,positive
7739,positive
7740,positive
7741,positive
7742,positive
7743,positive
7744,positive
7745,positive
7746,positive
7747,positive
7748,positive
7749,positive
7750,positive
7751,positive
7752,positive
7753,positive
7754,positive
7755,positive
7756,positive
7757,positive
7758,positive
7759,positive
7760,positive
7761,positive
7762,positive
7763,positive
7764,positive
7765,positive
7766,positive
7767,positive
7768,positive
7769,positive
7770,positive
7771,positive
7772,positive
7773,positive
7774,positive
7775,positive
7776,positive
7777,positive
7778,positive
7779,positive
7780,positive
7781,positive
7782,positive
7783,positive
7784,positive
7785,positive
7786,positive
7787,positive
7788,positive
7789,positive
7790,positive
7791,positive
7792,positive
7793,positive
7794,positive
7795,positive
7796,positive
7797,positive
7798,positive
7799,positive
7800,positive
7801,positive
7802,positive
7803,positive
7804,positive
7805,positive
7806,positive
7807,positive
7808,positive
7809,positive
7810,positive
7811,positive
7812,positive
7813,positive
7814,positive
7815,positive
7816,positive
7817,positive
7818,positive
7819,positive
7820,positive
7821,positive
7822,positive
7823,positive
7824,positive
7825,positive
7826,positive
7827,positive
7828,positive
7829,positive
7830,positive
7831,positive
7832,positive
7833,positive
7834,positive
7835,positive
7836,positive
7837,positive
7838,positive
7839,positive
7840,positive
7841,positive
7842,positive
7843,positive
7844,positive
7845,positive
7846,positive
7847,positive
7848,positive
7849,positive
7850,positive
7851,positive
7852,positive
7853,positive
7854,positive
7855,positive
7856,positive
7857,positive
7858,positive
7859,positive
7860,positive
7861,positive
7862,positive
7863,positive
7864,positive
7865,positive
7866,positive
7867,positive
7868,positive
7869,positive
7870,positive
7871,positive
7872,positive
7873,positive
7874,positive
7875,positive
7876,positive
7877,positive
7878,positive
7879,positive
7880,positive
7881,positive
7882,positive
7883,positive
7884,positive
7885,positive
7886,positive
7887,positive
7888,positive
7889,positive
7890,positive
7891,positive
7892,positive
7893,positive
7894,positive
7895,positive
7896,positive
7897,positive
7898,positive
7899,positive
7900,positive
7901,positive
7902,positive
7903,positive
7904,positive
7905,positive
7906,positive
7907,positive
7908,positive
7909,positive
7910,positive
7911,positive
7912,positive
7913,positive
7914,positive
7915,positive
7916,positive
7917,positive
7918,positive
7919,positive
7920,positive
7921,positive
7922,positive
7923,positive
7924,positive
7925,positive
7926,positive
7927,positive
7928,positive
7929,positive
7930,positive
7931,positive
7932,positive
7933,positive
7934,positive
7935,positive
7936,positive
7937,positive
7938,positive
7939,positive
7940,positive
7941,positive
7942,positive
7943,positive
7944,positive
7945,positive
7946,positive
7947,positive
7948,positive
7949,positive
7950,positive
7951,positive
7952,positive
7953,positive
7954,positive
7955,positive
7956,positive
7957,positive
7958,positive
7959,positive
7960,positive
7961,positive
7962,positive
7963,positive
7964,positive
7965,positive
7966,positive
7967,positive
7968,positive
7969,positive
7970,positive
7971,positive
7972,positive
7973,positive
7974,positive
7975,positive
7976,positive
7977,positive
7978,positive
7979,positive
7980,positive
7981,positive
7982,positive
7983,positive
7984,positive
7985,positive
7986,positive
7987,positive
7988,positive
7989,positive
7990,positive
7991,positive
7992,positive
7993,positive
7994,positive
7995,positive
7996,positive
7997,positive
7998,positive
7999,positive
8000,positive
8001,positive
8002,positive
8003,positive
8004,positive
8005,positive
8006,positive
8007,positive
8008,positive
8009,positive
8010,positive
8011,positive
8012,positive
8013,positive
8014,positive
8015,positive
8016,positive
8017,positive
8018,positive
8019,positive
8020,positive
8021,positive
8022,positive
8023,positive
8024,positive
8025,positive
8026,positive
8027,positive
8028,positive
8029,positive
8030,positive
8031,positive
8032,positive
8033,positive
8034,positive
8035,positive
8036,positive
8037,positive
8038,positive
8039,positive
8040,positive
8041,positive
8042,positive
8043,positive
8044,positive
8045,positive
8046,positive
8047,positive
8048,positive
8049,positive
8050,positive
8051,positive
8052,positive
8053,positive
8054,positive
8055,positive
8056,positive
8057,positive
8058,positive
8059,positive
8060,positive
8061,positive
8062,positive
8063,positive
8064,positive
8065,positive
8066,positive
8067,positive
8068,positive
8069,positive
8070,positive
8071,positive
8072,positive
8073,positive
8074,positive
8075,positive
8076,positive
8077,positive
8078,positive
8079,positive
8080,positive
8081,positive
8082,positive
8083,positive
8084,positive
8085,positive
8086,positive
8087,positive
8088,positive
8089,positive
8090,positive
8091,positive
8092,positive
8093,positive
8094,positive
8095,positive
8096,positive
8097,positive
8098,positive
8099,positive
8100,positive
8101,positive
8102,positive
8103,positive
8104,positive
8105,positive
8106,positive
8107,positive
8108,positive
8109,positive
8110,positive
8111,positive
8112,positive
8113,positive
8114,positive
8115,positive
8116,positive
8117,positive
8118,positive
8119,positive
8120,positive
8121,positive
8122,positive
8123,positive
8124,positive
8125,positive
8126,positive
8127,positive
8128,positive
8129,positive
8130,positive
8131,positive
8132,positive
8133,positive
8134,positive
8135,positive
8136,positive
8137,positive
8138,positive
8139,positive
8140,positive
8141,positive
8142,positive
8143,positive
8144,positive
8145,positive
8146,positive
8147,positive
8148,positive
8149,positive
8150,positive
8151,positive
8152,positive
8153,positive
8154,positive
8155,positive
8156,positive
8157,positive
8158,positive
8159,positive
8160,positive
8161,positive
8162,positive
8163,positive
8164,positive
8165,positive
8166,positive
8167,positive
8168,positive
8169,positive
8170,positive
8171,positive
8172,positive
8173,positive
8174,positive
8175,positive
8176,positive
8177,positive
8178,positive
8179,positive
8180,positive
8181,positive
8182,positive
8183,positive
8184,positive
8185,positive
8186,positive
8187,positive
8188,positive
8189,positive
8190,positive
8191,positive
8192,positive
8193,positive
8194,positive
8195,positive
8196,positive
8197,positive
8198,positive
8199,positive
8200,positive
8201,positive
8202,positive
8203,positive
8204,positive
8205,positive
8206,positive
8207,positive
8208,positive
8209,positive
8210,positive
8211,positive
8212,positive
8213,positive
8214,positive
8215,positive
8216,positive
8217,positive
8218,positive
8219,positive
8220,positive
8221,positive
8222,positive
8223,positive
8224,positive
8225,positive
8226,positive
8227,positive
8228,positive
8229,positive
8230,positive
8231,positive
8232,positive
8233,positive
8234,positive
8235,positive
8236,positive
8237,positive
8238,positive
8239,positive
8240,positive
8241,positive
8242,positive
8243,positive
8244,positive
8245,positive
8246,positive
8247,positive
8248,positive
8249,positive
8250,positive
8251,positive
8252,positive
8253,positive
8254,positive
8255,positive
8256,positive
8257,positive
8258,positive
8259,positive
8260,positive
8261,positive
8262,positive
8263,positive
8264,positive
8265,positive
8266,positive
8267,positive
8268,positive
8269,positive
8270,positive
8271,positive
8272,positive
8273,positive
8274,positive
8275,positive
8276,positive
8277,positive
8278,positive
8279,positive
8280,positive
8281,positive
8282,positive
8283,positive
8284,positive
8285,positive
8286,positive
8287,positive
8288,positive
8289,positive
8290,positive
8291,positive
8292,positive
8293,positive
8294,positive
8295,positive
8296,positive
8297,positive
8298,positive
8299,positive
8300,positive
8301,positive
8302,positive
8303,positive
8304,positive
8305,positive
8306,positive
8307,positive
8308,positive
8309,positive
8310,positive
8311,positive
8312,positive
8313,positive
8314,positive
8315,positive
8316,positive
8317,positive
8318,positive
8319,positive
8320,positive
8321,positive
8322,positive
8323,positive
8324,positive
8325,positive
8326,positive
8327,positive
8328,positive
8329,positive
8330,positive
8331,positive
8332,positive
8333,positive
8334,positive
8335,positive
8336,positive
8337,positive
8338,positive
8339,positive
8340,positive
8341,positive
8342,positive
8343,positive
8344,positive
8345,positive
8346,positive
8347,positive
8348,positive
8349,positive
8350,positive
8351,positive
8352,positive
8353,positive
8354,positive
8355,positive
8356,positive
8357,positive
8358,positive
8359,positive
8360,positive
8361,positive
8362,positive
8363,positive
8364,positive
8365,positive
8366,positive
8367,positive
8368,positive
8369,positive
8370,positive
8371,positive
8372,positive
8373,positive
8374,positive
8375,positive
8376,positive
8377,positive
8378,positive
8379,positive
8380,positive
8381,positive
8382,positive
8383,positive
8384,positive
8385,positive
8386,positive
8387,positive
8388,positive
8389,positive
8390,positive
8391,positive
8392,positive
8393,positive
8394,positive
8395,positive
8396,positive
8397,positive
8398,positive
8399,positive
8400,positive
8401,positive
8402,positive
8403,positive
8404,positive
8405,positive
8406,positive
8407,positive
8408,positive
8409,positive
8410,positive
8411,positive
8412,positive
8413,positive
8414,positive
8415,positive
8416,positive
8417,positive
8418,positive
8419,positive
8420,positive
8421,positive
8422,positive
8423,positive
8424,positive
8425,positive
8426,positive
8427,positive
8428,positive
8429,positive
8430,positive
8431,positive
8432,positive
8433,positive
8434,positive
8435,positive
8436,positive
8437,positive
8438,positive
8439,positive
8440,positive
8441,positive
8442,positive
8443,positive
8444,positive
8445,positive
8446,positive
8447,positive
8448,positive
8449,positive
8450,positive
8451,positive
8452,positive
8453,positive
8454,positive
8455,positive
8456,positive
8457,positive
8458,positive
8459,positive
8460,positive
8461,positive
8462,positive
8463,positive
8464,positive
8465,positive
8466,positive
8467,positive
8468,positive
8469,positive
8470,positive
8471,positive
8472,positive
8473,positive
8474,positive
8475,positive
8476,positive
8477,positive
8478,positive
8479,positive
8480,positive
8481,positive
8482,positive
8483,positive
8484,positive
8485,positive
8486,positive
8487,positive
8488,positive
8489,positive
8490,positive
8491,positive
8492,positive
8493,positive
8494,positive
8495,positive
8496,positive
8497,positive
8498,positive
8499,positive
8500,positive
8501,positive
8502,positive
8503,positive
8504,positive
8505,positive
8506,positive
8507,positive
8508,positive
8509,positive
8510,positive
8511,positive
8512,positive
8513,positive
8514,positive
8515,positive
8516,positive
8517,positive
8518,positive
8519,positive
8520,positive
8521,positive
8522,positive
8523,positive
8524,positive
8525,positive
8526,positive
8527,positive
8528,positive
8529,positive
8530,positive
8531,positive
8532,positive
8533,positive
8534,positive
8535,positive
8536,positive
8537,positive
8538,positive
8539,positive
8540,positive
8541,positive
8542,positive
8543,positive
8544,positive
8545,positive
8546,positive
8547,positive
8548,positive
8549,positive
8550,positive
8551,positive
8552,positive
8553,positive
8554,positive
8555,positive
8556,positive
8557,positive
8558,positive
8559,positive
8560,positive
8561,positive
8562,positive
8563,positive
8564,positive
8565,positive
8566,positive
8567,positive
8568,positive
8569,positive
8570,positive
8571,positive
8572,positive
8573,positive
8574,positive
8575,positive
8576,positive
8577,positive
8578,positive
8579,positive
8580,positive
8581,positive
8582,positive
8583,positive
8584,positive
8585,positive
8586,positive
8587,positive
8588,positive
8589,positive
8590,positive
8591,positive
8592,positive
8593,positive
8594,positive
8595,positive
8596,positive
8597,positive
8598,positive
8599,positive
8600,positive
8601,positive
8602,positive
8603,positive
8604,positive
8605,positive
8606,positive
8607,positive
8608,positive
8609,positive
8610,positive
8611,positive
8612,positive
8613,positive
8614,positive
8615,positive
8616,positive
8617,positive
8618,positive
8619,positive
8620,positive
8621,positive
8622,positive
8623,positive
8624,positive
8625,positive
8626,positive
8627,positive
8628,positive
8629,positive
8630,positive
8631,positive
8632,positive
8633,positive
8634,positive
8635,positive
8636,positive
8637,positive
8638,positive
8639,positive
8640,positive
8641,positive
8642,positive
8643,positive
8644,positive
8645,positive
8646,positive
8647,positive
8648,positive
8649,positive
8650,positive
8651,positive
8652,positive
8653,positive
8654,positive
8655,positive
8656,positive
8657,positive
8658,positive
8659,positive
8660,positive
8661,positive
8662,positive
8663,positive
8664,positive
8665,positive
8666,positive
8667,positive
8668,positive
8669,positive
8670,positive
8671,positive
8672,positive
8673,positive
8674,positive
8675,positive
8676,positive
8677,positive
8678,positive
8679,positive
8680,positive
8681,positive
8682,positive
8683,positive
8684,positive
8685,positive
8686,positive
8687,positive
8688,positive
8689,positive
8690,positive
8691,positive
8692,positive
8693,positive
8694,positive
8695,positive
8696,positive
8697,positive
8698,positive
8699,positive
8700,positive
8701,positive
8702,positive
8703,positive
8704,positive
8705,positive
8706,positive
8707,positive
8708,positive
8709,positive
8710,positive
8711,positive
8712,positive
8713,positive
8714,positive
8715,positive
8716,positive
8717,positive
8718,positive
8719,positive
8720,positive
8721,positive
8722,positive
8723,positive
8724,positive
8725,positive
8726,positive
8727,positive
8728,positive
8729,positive
8730,positive
8731,positive
8732,positive
8733,positive
8734,positive
8735,positive
8736,positive
8737,positive
8738,positive
8739,positive
8740,positive
8741,positive
8742,positive
8743,positive
8744,positive
8745,positive
8746,positive
8747,positive
8748,positive
8749,positive
8750,positive
8751,positive
8752,positive
8753,positive
8754,positive
8755,positive
8756,positive
8757,positive
8758,positive
8759,positive
8760,positive
8761,positive
8762,positive
8763,positive
8764,positive
8765,positive
8766,positive
8767,positive
8768,positive
8769,positive
8770,positive
8771,positive
8772,positive
8773,positive
8774,positive
8775,positive
8776,positive
8777,positive
8778,positive
8779,positive
8780,positive
8781,positive
8782,positive
8783,positive
8784,positive
8785,positive
8786,positive
8787,positive
8788,positive
8789,positive
8790,positive
8791,positive
8792,positive
8793,positive
8794,positive
8795,positive
8796,positive
8797,positive
8798,positive
8799,positive
8800,positive
8801,positive
8802,positive
8803,positive
8804,positive
8805,positive
8806,positive
8807,positive
8808,positive
8809,positive
8810,positive
8811,positive
8812,positive
8813,positive
8814,positive
8815,positive
8816,positive
8817,positive
8818,positive
8819,positive
8820,positive
8821,positive
8822,positive
8823,positive
8824,positive
8825,positive
8826,positive
8827,positive
8828,positive
8829,positive
8830,positive
8831,positive
8832,positive
8833,positive
8834,positive
8835,positive
8836,positive
8837,positive
8838,positive
8839,positive
8840,positive
8841,positive
8842,positive
8843,positive
8844,positive
8845,positive
8846,positive
8847,positive
8848,positive
8849,positive
8850,positive
8851,positive
8852,positive
8853,positive
8854,positive
8855,positive
8856,positive
8857,positive
8858,positive
8859,positive
8860,positive
8861,positive
8862,positive
8863,positive
8864,positive
8865,positive
8866,positive
8867,positive
8868,positive
8869,positive
8870,positive
8871,positive
8872,positive
8873,positive
8874,positive
8875,positive
8876,positive
8877,positive
8878,positive
8879,positive
8880,positive
8881,positive
8882,positive
8883,positive
8884,positive
8885,positive
8886,positive
8887,positive
8888,positive
8889,positive
8890,positive
8891,positive
8892,positive
8893,positive
8894,positive
8895,positive
8896,positive
8897,positive
8898,positive
8899,positive
8900,positive
8901,positive
8902,positive
8903,positive
8904,positive
8905,positive
8906,positive
8907,positive
8908,positive
8909,positive
8910,positive
8911,positive
8912,positive
8913,positive
8914,positive
8915,positive
8916,positive
8917,positive
8918,positive
8919,positive
8920,positive
8921,positive
8922,positive
8923,positive
8924,positive
8925,positive
8926,positive
8927,positive
8928,positive
8929,positive
8930,positive
8931,positive
8932,positive
8933,positive
8934,positive
8935,positive
8936,positive
8937,positive
8938,positive
8939,positive
8940,positive
8941,positive
8942,positive
8943,positive
8944,positive
8945,positive
8946,positive
8947,positive
8948,positive
8949,positive
8950,positive
8951,positive
8952,positive
8953,positive
8954,positive
8955,positive
8956,positive
8957,positive
8958,positive
8959,positive
8960,positive
8961,positive
8962,positive
8963,positive
8964,positive
8965,positive
8966,positive
8967,positive
8968,positive
8969,positive
8970,positive
8971,positive
8972,positive
8973,positive
8974,positive
8975,positive
8976,positive
8977,positive
8978,positive
8979,positive
8980,positive
8981,positive
8982,positive
8983,positive
8984,positive
8985,positive
8986,positive
8987,positive
8988,positive
8989,positive
8990,positive
8991,positive
8992,positive
8993,positive
8994,positive
8995,positive
8996,positive
8997,positive
8998,positive
8999,positive
9000,positive
9001,positive
9002,positive
9003,positive
9004,positive
9005,positive
9006,positive
9007,positive
9008,positive
9009,positive
9010,positive
9011,positive
9012,positive
9013,positive
9014,positive
9015,positive
9016,positive
9017,positive
9018,positive
9019,positive
9020,positive
9021,positive
9022,positive
9023,positive
9024,positive
9025,positive
9026,positive
9027,positive
9028,positive
9029,positive
9030,positive
9031,positive
9032,positive
9033,positive
9034,positive
9035,positive
9036,positive
9037,positive
9038,positive
9039,positive
9040,positive
9041,positive
9042,positive
9043,positive
9044,positive
9045,positive
9046,positive
9047,positive
9048,positive
9049,positive
9050,positive
9051,positive
9052,positive
9053,positive
9054,positive
9055,positive
9056,positive
9057,positive
9058,positive
9059,positive
9060,positive
9061,positive
9062,positive
9063,positive
9064,positive
9065,positive
9066,positive
9067,positive
9068,positive
9069,positive
9070,positive
9071,positive
9072,positive
9073,positive
9074,positive
9075,positive
9076,positive
9077,positive
9078,positive
9079,positive
9080,positive
9081,positive
9082,positive
9083,positive
9084,positive
9085,positive
9086,positive
9087,positive
9088,positive
9089,positive
9090,positive
9091,positive
9092,positive
9093,positive
9094,positive
9095,positive
9096,positive
9097,positive
9098,positive
9099,positive
9100,positive
9101,positive
9102,positive
9103,positive
9104,positive
9105,positive
9106,positive
9107,positive
9108,positive
9109,positive
9110,positive
9111,positive
9112,positive
9113,positive
9114,positive
9115,positive
9116,positive
9117,positive
9118,positive
9119,positive
9120,positive
9121,positive
9122,positive
9123,positive
9124,positive
9125,positive
9126,positive
9127,positive
9128,positive
9129,positive
9130,positive
9131,positive
9132,positive
9133,positive
9134,positive
9135,positive
9136,positive
9137,positive
9138,positive
9139,positive
9140,positive
9141,positive
9142,positive
9143,positive
9144,positive
9145,positive
9146,positive
9147,positive
9148,positive
9149,positive
9150,positive
9151,positive
9152,positive
9153,positive
9154,positive
9155,positive
9156,positive
9157,positive
9158,positive
9159,positive
9160,positive
9161,positive
9162,positive
9163,positive
9164,positive
9165,positive
9166,positive
9167,positive
9168,positive
9169,positive
9170,positive
9171,positive
9172,positive
9173,positive
9174,positive
9175,positive
9176,positive
9177,positive
9178,positive
9179,positive
9180,positive
9181,positive
9182,positive
9183,positive
9184,positive
9185,positive
9186,positive
9187,positive
9188,positive
9189,positive
9190,positive
9191,positive
9192,positive
9193,positive
9194,positive
9195,positive
9196,positive
9197,positive
9198,positive
9199,positive
9200,positive
9201,positive
9202,positive
9203,positive
9204,positive
9205,positive
9206,positive
9207,positive
9208,positive
9209,positive
9210,positive
9211,positive
9212,positive
9213,positive
9214,positive
9215,positive
9216,positive
9217,positive
9218,positive
9219,positive
9220,positive
9221,positive
9222,positive
9223,positive
9224,positive
9225,positive
9226,positive
9227,positive
9228,positive
9229,positive
9230,positive
9231,positive
9232,positive
9233,positive
9234,positive
9235,positive
9236,positive
9237,positive
9238,positive
9239,positive
9240,positive
9241,positive
9242,positive
9243,positive
9244,positive
9245,positive
9246,positive
9247,positive
9248,positive
9249,positive
9250,positive
9251,positive
9252,positive
9253,positive
9254,positive
9255,positive
9256,positive
9257,positive
9258,positive
9259,positive
9260,positive
9261,positive
9262,positive
9263,positive
9264,positive
9265,positive
9266,positive
9267,positive
9268,positive
9269,positive
9270,positive
9271,positive
9272,positive
9273,positive
9274,positive
9275,positive
9276,positive
9277,positive
9278,positive
9279,positive
9280,positive
9281,positive
9282,positive
9283,positive
9284,positive
9285,positive
9286,positive
9287,positive
9288,positive
9289,positive
9290,positive
9291,positive
9292,positive
9293,positive
9294,positive
9295,positive
9296,positive
9297,positive
9298,positive
9299,positive
9300,positive
9301,positive
9302,positive
9303,positive
9304,positive
9305,positive
9306,positive
9307,positive
9308,positive
9309,positive
9310,positive
9311,positive
9312,positive
9313,positive
9314,positive
9315,positive
9316,positive
9317,positive
9318,positive
9319,positive
9320,positive
9321,positive
9322,positive
9323,positive
9324,positive
9325,positive
9326,positive
9327,positive
9328,positive
9329,positive
9330,positive
9331,positive
9332,positive
9333,positive
9334,positive
9335,positive
9336,positive
9337,positive
9338,positive
9339,positive
9340,positive
9341,positive
9342,positive
9343,positive
9344,positive
9345,positive
9346,positive
9347,positive
9348,positive
9349,positive
9350,positive
9351,positive
9352,positive
9353,positive
9354,positive
9355,positive
9356,positive
9357,positive
9358,positive
9359,positive
9360,positive
9361,positive
9362,positive
9363,positive
9364,positive
9365,positive
9366,positive
9367,positive
9368,positive
9369,positive
9370,positive
9371,positive
9372,positive
9373,positive
9374,positive
9375,positive
9376,positive
9377,positive
9378,positive
9379,positive
9380,positive
9381,positive
9382,positive
9383,positive
9384,positive
9385,positive
9386,positive
9387,positive
9388,positive
9389,positive
9390,positive
9391,positive
9392,positive
9393,positive
9394,positive
9395,positive
9396,positive
9397,positive
9398,positive
9399,positive
9400,positive
9401,positive
9402,positive
9403,positive
9404,positive
9405,positive
9406,positive
9407,positive
9408,positive
9409,positive
9410,positive
9411,positive
9412,positive
9413,positive
9414,positive
9415,positive
9416,positive
9417,positive
9418,positive
9419,positive
9420,positive
9421,positive
9422,positive
9423,positive
9424,positive
9425,positive
9426,positive
9427,positive
9428,positive
9429,positive
9430,positive
9431,positive
9432,positive
9433,positive
9434,positive
9435,positive
9436,positive
9437,positive
9438,positive
9439,positive
9440,positive
9441,positive
9442,positive
9443,positive
9444,positive
9445,positive
9446,positive
9447,positive
9448,positive
9449,positive
9450,positive
9451,positive
9452,positive
9453,positive
9454,positive
9455,positive
9456,positive
9457,positive
9458,positive
9459,positive
9460,positive
9461,positive
9462,positive
9463,positive
9464,positive
9465,positive
9466,positive
9467,positive
9468,positive
9469,positive
9470,positive
9471,positive
9472,positive
9473,positive
9474,positive
9475,positive
9476,positive
9477,positive
9478,positive
9479,positive
9480,positive
9481,positive
9482,positive
9483,positive
9484,positive
9485,positive
9486,positive
9487,positive
9488,positive
9489,positive
9490,positive
9491,positive
9492,positive
9493,positive
9494,positive
9495,positive
9496,positive
9497,positive
9498,positive
9499,positive
9500,positive
9501,positive
9502,positive
9503,positive
9504,positive
9505,positive
9506,positive
9507,positive
9508,positive
9509,positive
9510,positive
9511,positive
9512,positive
9513,positive
9514,positive
9515,positive
9516,positive
9517,positive
9518,positive
9519,positive
9520,positive
9521,positive
9522,positive
9523,positive
9524,positive
9525,positive
9526,positive
9527,positive
9528,positive
9529,positive
9530,positive
9531,positive
9532,positive
9533,positive
9534,positive
9535,positive
9536,positive
9537,positive
9538,positive
9539,positive
9540,positive
9541,positive
9542,positive
9543,positive
9544,positive
9545,positive
9546,positive
9547,positive
9548,positive
9549,positive
9550,positive
9551,positive
9552,positive
9553,positive
9554,positive
9555,positive
9556,positive
9557,positive
9558,positive
9559,positive
9560,positive
9561,positive
9562,positive
9563,positive
9564,positive
9565,positive
9566,positive
9567,positive
9568,positive
9569,positive
9570,positive
9571,positive
9572,positive
9573,positive
9574,positive
9575,positive
9576,positive
9577,positive
9578,positive
9579,positive
9580,positive
9581,positive
9582,positive
9583,positive
9584,positive
9585,positive
9586,positive
9587,positive
9588,positive
9589,positive
9590,positive
9591,positive
9592,positive
9593,positive
9594,positive
9595,positive
9596,positive
9597,positive
9598,positive
9599,positive
9600,positive
9601,positive
9602,positive
9603,positive
9604,positive
9605,positive
9606,positive
9607,positive
9608,positive
9609,positive
9610,positive
9611,positive
9612,positive
9613,positive
9614,positive
9615,positive
9616,positive
9617,positive
9618,positive
9619,positive
9620,positive
9621,positive
9622,positive
9623,positive
9624,positive
9625,positive
9626,positive
9627,positive
9628,positive
9629,positive
9630,positive
9631,positive
9632,positive
9633,positive
9634,positive
9635,positive
9636,positive
9637,positive
9638,positive
9639,positive
9640,positive
9641,positive
9642,positive
9643,positive
9644,positive
9645,positive
9646,positive
9647,positive
9648,positive
9649,positive
9650,positive
9651,positive
9652,positive
9653,positive
9654,positive
9655,positive
9656,positive
9657,positive
9658,positive
9659,positive
9660,positive
9661,positive
9662,positive
9663,positive
9664,positive
9665,positive
9666,positive
9667,positive
9668,positive
9669,positive
9670,positive
9671,positive
9672,positive
9673,positive
9674,positive
9675,positive
9676,positive
9677,positive
9678,positive
9679,positive
9680,positive
9681,positive
9682,positive
9683,positive
9684,positive
9685,positive
9686,positive
9687,positive
9688,positive
9689,positive
9690,positive
9691,positive
9692,positive
9693,positive
9694,positive
9695,positive
9696,positive
9697,positive
9698,positive
9699,positive
9700,positive
9701,positive
9702,positive
9703,positive
9704,positive
9705,positive
9706,positive
9707,positive
9708,positive
9709,positive
9710,positive
9711,positive
9712,positive
9713,positive
9714,positive
9715,positive
9716,positive
9717,positive
9718,positive
9719,positive
9720,positive
9721,positive
9722,positive
9723,positive
9724,positive
9725,positive
9726,positive
9727,positive
9728,positive
9729,positive
9730,positive
9731,positive
9732,positive
9733,positive
9734,positive
9735,positive
9736,positive
9737,positive
9738,positive
9739,positive
9740,positive
9741,positive
9742,positive
9743,positive
9744,positive
9745,positive
9746,positive
9747,positive
9748,positive
9749,positive
9750,positive
9751,positive
9752,positive
9753,positive
9754,positive
9755,positive
9756,positive
9757,positive
9758,positive
9759,positive
9760,positive
9761,positive
9762,positive
9763,positive
9764,positive
9765,positive
9766,positive
9767,positive
9768,positive
9769,positive
9770,positive
9771,positive
9772,positive
9773,positive
9774,positive
9775,positive
9776,positive
9777,positive
9778,positive
9779,positive
9780,positive
9781,positive
9782,positive
9783,positive
9784,positive
9785,positive
9786,positive
9787,positive
9788,positive
9789,positive
9790,positive
9791,positive
9792,positive
9793,positive
9794,positive
9795,positive
9796,positive
9797,positive
9798,positive
9799,positive
9800,positive
9801,positive
9802,positive
9803,positive
9804,positive
9805,positive
9806,positive
9807,positive
9808,positive
9809,positive
9810,positive
9811,positive
9812,positive
9813,positive
9814,positive
9815,positive
9816,positive
9817,positive
9818,positive
9819,positive
9820,positive
9821,positive
9822,positive
9823,positive
9824,positive
9825,positive
9826,positive
9827,positive
9828,positive
9829,positive
9830,positive
9831,positive
9832,positive
9833,positive
9834,positive
9835,positive
9836,positive
9837,positive
9838,positive
9839,positive
9840,positive
9841,positive
9842,positive
9843,positive
9844,positive
9845,positive
9846,positive
9847,positive
9848,positive
9849,positive
9850,positive
9851,positive
9852,positive
9853,positive
9854,positive
9855,positive
9856,positive
9857,positive
9858,positive
9859,positive
9860,positive
9861,positive
9862,positive
9863,positive
9864,positive
9865,positive
9866,positive
9867,positive
9868,positive
9869,positive
9870,positive
9871,positive
9872,positive
9873,positive
9874,positive
9875,positive
9876,positive
9877,positive
9878,positive
9879,positive
9880,positive
9881,positive
9882,positive
9883,positive
9884,positive
9885,positive
9886,positive
9887,positive
9888,positive
9889,positive
9890,positive
9891,positive
9892,positive
9893,positive
9894,positive
9895,positive
9896,positive
9897,positive
9898,positive
9899,positive
9900,positive
9901,positive
9902,positive
9903,positive
9904,positive
9905,positive
9906,positive
9907,positive
9908,positive
9909,positive
9910,positive
9911,positive
9912,positive
9913,positive
9914,positive
9915,positive
9916,positive
9917,positive
9918,positive
9919,positive
9920,positive
9921,positive
9922,positive
9923,positive
9924,positive
9925,positive
9926,positive
9927,positive
9928,positive
9929,positive
9930,positive
9931,positive
9932,positive
9933,positive
9934,positive
9935,positive
9936,positive
9937,positive
9938,positive
9939,positive
9940,positive
9941,positive
9942,positive
9943,positive
9944,positive
9945,positive
9946,positive
9947,positive
9948,positive
9949,positive
9950,positive
9951,positive
9952,positive
9953,positive
9954,positive
9955,positive
9956,positive
9957,positive
9958,positive
9959,positive
9960,positive
9961,positive
9962,positive
9963,positive
9964,positive
9965,positive
9966,positive
9967,positive
9968,positive
9969,positive
9970,positive
9971,positive
9972,positive
9973,positive
9974,positive
9975,positive
9976,positive
9977,positive
9978,positive
9979,positive
9980,positive
9981,positive
9982,positive
9983,positive
9984,positive
9985,positive
9986,positive
9987,positive
9988,positive
9989,positive
9990,positive
9991,positive
9992,positive
9993,positive
9994,positive
9995,positive
9996,positive
9997,positive
9998,positive
9999,positive
10000,positive
10001,positive
10002,positive
10003,positive
10004,positive
10005,positive
10006,positive
10007,positive
10008,positive
10009,positive
10010,positive
10011,positive
10012,positive
10013,positive
10014,positive
10015,positive
10016,positive
10017,positive
10018,positive
10019,positive
10020,positive
10021,positive
10022,positive
10023,positive
10024,positive
10025,positive
10026,positive
10027,positive
10028,positive
10029,positive
10030,positive
10031,positive
10032,positive
10033,positive
10034,positive
10035,positive
10036,positive
10037,positive
10038,positive
10039,positive
10040,positive
10041,positive
10042,positive
10043,positive
10044,positive
10045,positive
10046,positive
10047,positive
10048,positive
10049,positive
10050,positive
10051,positive
10052,positive
10053,positive
10054,positive
10055,positive
10056,positive
10057,positive
10058,positive
10059,positive
10060,positive
10061,positive
10062,positive
10063,positive
10064,positive
10065,positive
10066,positive
10067,positive
10068,positive
10069,positive
10070,positive
10071,positive
10072,positive
10073,positive
10074,positive
10075,positive
10076,positive
10077,positive
10078,positive
10079,positive
10080,positive
10081,positive
10082,positive
10083,positive
10084,positive
10085,positive
10086,positive
10087,positive
10088,positive
10089,positive
10090,positive
10091,positive
10092,positive
10093,positive
10094,positive
10095,positive
10096,positive
10097,positive
10098,positive
10099,positive
10100,positive
10101,positive
10102,positive
10103,positive
10104,positive
10105,positive
10106,positive
10107,positive
10108,positive
10109,positive
10110,positive
10111,positive
10112,positive
10113,positive
10114,positive
10115,positive
10116,positive
10117,positive
10118,positive
10119,positive
10120,positive
10121,positive
10122,positive
10123,positive
10124,positive
10125,positive
10126,positive
10127,positive
10128,positive
10129,positive
10130,positive
10131,positive
10132,positive
10133,positive
10134,positive
10135,positive
10136,positive
10137,positive
10138,positive
10139,positive
10140,positive
10141,positive
10142,positive
10143,positive
10144,positive
10145,positive
10146,positive
10147,positive
10148,positive
10149,positive
10150,positive
10151,positive
10152,positive
10153,positive
10154,positive
10155,positive
10156,positive
10157,positive
10158,positive
10159,positive
10160,positive
10161,positive
10162,positive
10163,positive
10164,positive
10165,positive
10166,positive
10167,positive
10168,positive
10169,positive
10170,positive
10171,positive
10172,positive
10173,positive
10174,positive
10175,positive
10176,positive
10177,positive
10178,positive
10179,positive
10180,positive
10181,positive
10182,positive
10183,positive
10184,positive
10185,positive
10186,positive
10187,positive
10188,positive
10189,positive
10190,positive
10191,positive
10192,positive
10193,positive
10194,positive
10195,positive
10196,positive
10197,positive
10198,positive
10199,positive
10200,positive
10201,positive
10202,positive
10203,positive
10204,positive
10205,positive
10206,positive
10207,positive
10208,positive
10209,positive
10210,positive
10211,positive
10212,positive
10213,positive
10214,positive
10215,positive
10216,positive
10217,positive
10218,positive
10219,positive
10220,positive
10221,positive
10222,positive
10223,positive
10224,positive
10225,positive
10226,positive
10227,positive
10228,positive
10229,positive
10230,positive
10231,positive
10232,positive
10233,positive
10234,positive
10235,positive
10236,positive
10237,positive
10238,positive
10239,positive
10240,positive
10241,positive
10242,positive
10243,positive
10244,positive
10245,positive
10246,positive
10247,positive
10248,positive
10249,positive
10250,positive
10251,positive
10252,positive
10253,positive
10254,positive
10255,positive
10256,positive
10257,positive
10258,positive
10259,positive
10260,positive
10261,positive
10262,positive
10263,positive
10264,positive
10265,positive
10266,positive
10267,positive
10268,positive
10269,positive
10270,positive
10271,positive
10272,positive
10273,positive
10274,positive
10275,positive
10276,positive
10277,positive
10278,positive
10279,positive
10280,positive
10281,positive
10282,positive
10283,positive
10284,positive
10285,positive
10286,positive
10287,positive
10288,positive
10289,positive
10290,positive
10291,positive
10292,positive
10293,positive
10294,positive
10295,positive
10296,positive
10297,positive
10298,positive
10299,positive
10300,positive
10301,positive
10302,positive
10303,positive
10304,positive
10305,positive
10306,positive
10307,positive
10308,positive
10309,positive
10310,positive
10311,positive
10312,positive
10313,positive
10314,positive
10315,positive
10316,positive
10317,positive
10318,positive
10319,positive
10320,positive
10321,positive
10322,positive
10323,positive
10324,positive
10325,positive
10326,positive
10327,positive
10328,positive
10329,positive
10330,positive
10331,positive
10332,positive
10333,positive
10334,positive
10335,positive
10336,positive
10337,positive
10338,positive
10339,positive
10340,positive
10341,positive
10342,positive
10343,positive
10344,positive
10345,positive
10346,positive
10347,positive
10348,positive
10349,positive
10350,positive
10351,positive
10352,positive
10353,positive
10354,positive
10355,positive
10356,positive
10357,positive
10358,positive
10359,positive
10360,positive
10361,positive
10362,positive
10363,positive
10364,positive
10365,positive
10366,positive
10367,positive
10368,positive
10369,positive
10370,positive
10371,positive
10372,positive
10373,positive
10374,positive
10375,positive
10376,positive
10377,positive
10378,positive
10379,positive
10380,positive
10381,positive
10382,positive
10383,positive
10384,positive
10385,positive
10386,positive
10387,positive
10388,positive
10389,positive
10390,positive
10391,positive
10392,positive
10393,positive
10394,positive
10395,positive
10396,positive
10397,positive
10398,positive
10399,positive
10400,positive
10401,positive
10402,positive
10403,positive
10404,positive
10405,positive
10406,positive
10407,positive
10408,positive
10409,positive
10410,positive
10411,positive
10412,positive
10413,positive
10414,positive
10415,positive
10416,positive
10417,positive
10418,positive
10419,positive
10420,positive
10421,positive
10422,positive
10423,positive
10424,positive
10425,positive
10426,positive
10427,positive
10428,positive
10429,positive
10430,positive
10431,positive
10432,positive
10433,positive
10434,positive
10435,positive
10436,positive
10437,positive
10438,positive
10439,positive
10440,positive
10441,positive
10442,positive
10443,positive
10444,positive
10445,positive
10446,positive
10447,positive
10448,positive
10449,positive
10450,positive
10451,positive
10452,positive
10453,positive
10454,positive
10455,positive
10456,positive
10457,positive
10458,positive
10459,positive
10460,positive
10461,positive
10462,positive
10463,positive
10464,positive
10465,positive
10466,positive
10467,positive
10468,positive
10469,positive
10470,positive
10471,positive
10472,positive
10473,positive
10474,positive
10475,positive
10476,positive
10477,positive
10478,positive
10479,positive
10480,positive
10481,positive
10482,positive
10483,positive
10484,positive
10485,positive
10486,positive
10487,positive
10488,positive
10489,positive
10490,positive
10491,positive
10492,positive
10493,positive
10494,positive
10495,positive
10496,positive
10497,positive
10498,positive
10499,positive
10500,positive
10501,positive
10502,positive
10503,positive
10504,positive
10505,positive
10506,positive
10507,positive
10508,positive
10509,positive
10510,positive
10511,positive
10512,positive
10513,positive
10514,positive
10515,positive
10516,positive
10517,positive
10518,positive
10519,positive
10520,positive
10521,positive
10522,positive
10523,positive
10524,positive
10525,positive
10526,positive
10527,positive
10528,positive
10529,positive
10530,positive
10531,positive
10532,positive
10533,positive
10534,positive
10535,positive
10536,positive
10537,positive
10538,positive
10539,positive
10540,positive
10541,positive
10542,positive
10543,positive
10544,positive
10545,positive
10546,positive
10547,positive
10548,positive
10549,positive
10550,positive
10551,positive
10552,positive
10553,positive
10554,positive
10555,positive
10556,positive
10557,positive
10558,positive
10559,positive
10560,positive
10561,positive
10562,positive
10563,positive
10564,positive
10565,positive
10566,positive
10567,positive
10568,positive
10569,positive
10570,positive
10571,positive
10572,positive
10573,positive
10574,positive
10575,positive
10576,positive
10577,positive
10578,positive
10579,positive
10580,positive
10581,positive
10582,positive
10583,positive
10584,positive
10585,positive
10586,positive
10587,positive
10588,positive
10589,positive
10590,positive
10591,positive
10592,positive
10593,positive
10594,positive
10595,positive
10596,positive
10597,positive
10598,positive
10599,positive
10600,positive
10601,positive
10602,positive
10603,positive
10604,positive
10605,positive
10606,positive
10607,positive
10608,positive
10609,positive
10610,positive
10611,positive
10612,positive
10613,positive
10614,positive
10615,positive
10616,positive
10617,positive
10618,positive
10619,positive
10620,positive
10621,positive
10622,positive
10623,positive
10624,positive
10625,positive
10626,positive
10627,positive
10628,positive
10629,positive
10630,positive
10631,positive
10632,positive
10633,positive
10634,positive
10635,positive
10636,positive
10637,positive
10638,positive
10639,positive
10640,positive
10641,positive
10642,positive
10643,positive
10644,positive
10645,positive
10646,positive
10647,positive
10648,positive
10649,positive
10650,positive
10651,positive
10652,positive
10653,positive
10654,positive
10655,positive
10656,positive
10657,positive
10658,positive
10659,positive
10660,positive
10661,positive
10662,positive
10663,positive
10664,positive
10665,positive
10666,positive
10667,positive
10668,positive
10669,positive
10670,positive
10671,positive
10672,positive
10673,positive
10674,positive
10675,positive
10676,positive
10677,positive
10678,positive
10679,positive
10680,positive
10681,positive
10682,positive
10683,positive
10684,positive
10685,positive
10686,positive
10687,positive
10688,positive
10689,positive
10690,positive
10691,positive
10692,positive
10693,positive
10694,positive
10695,positive
10696,positive
10697,positive
10698,positive
10699,positive
10700,positive
10701,positive
10702,positive
10703,positive
10704,positive
10705,positive
10706,positive
10707,positive
10708,positive
10709,positive
10710,positive
10711,positive
10712,positive
10713,positive
10714,positive
10715,positive
10716,positive
10717,positive
10718,positive
10719,positive
10720,positive
10721,positive
10722,positive
10723,positive
10724,positive
10725,positive
10726,positive
10727,positive
10728,positive
10729,positive
10730,positive
10731,positive
10732,positive
10733,positive
10734,positive
10735,positive
10736,positive
10737,positive
10738,positive
10739,positive
10740,positive
10741,positive
10742,positive
10743,positive
10744,positive
10745,positive
10746,positive
10747,positive
10748,positive
10749,positive
10750,positive
10751,positive
10752,positive
10753,positive
10754,positive
10755,positive
10756,positive
10757,positive
10758,positive
10759,positive
10760,positive
10761,positive
10762,positive
10763,positive
10764,positive
10765,positive
10766,positive
10767,positive
10768,positive
10769,positive
10770,positive
10771,positive
10772,positive
10773,positive
10774,positive
10775,positive
10776,positive
10777,positive
10778,positive
10779,positive
10780,positive
10781,positive
10782,positive
10783,positive
10784,positive
10785,positive
10786,positive
10787,positive
10788,positive
10789,positive
10790,positive
10791,positive
10792,positive
10793,positive
10794,positive
10795,positive
10796,positive
10797,positive
10798,positive
10799,positive
10800,positive
10801,positive
10802,positive
10803,positive
10804,positive
10805,positive
10806,positive
10807,positive
10808,positive
10809,positive
10810,positive
10811,positive
10812,positive
10813,positive
10814,positive
10815,positive
10816,positive
10817,positive
10818,positive
10819,positive
10820,positive
10821,positive
10822,positive
10823,positive
10824,positive
10825,positive
10826,positive
10827,positive
10828,positive
10829,positive
10830,positive
10831,positive
10832,positive
10833,positive
10834,positive
10835,positive
10836,positive
10837,positive
10838,positive
10839,positive
10840,positive
10841,positive
10842,positive
10843,positive
10844,positive
10845,positive
10846,positive
10847,positive
10848,positive
10849,positive
10850,positive
10851,positive
10852,positive
10853,positive
10854,positive
10855,positive
10856,positive
10857,positive
10858,positive
10859,positive
10860,positive
10861,positive
10862,positive
10863,positive
10864,positive
10865,positive
10866,positive
10867,positive
10868,positive
10869,positive
10870,positive
10871,positive
10872,positive
10873,positive
10874,positive
10875,positive
10876,positive
10877,positive
10878,positive
10879,positive
10880,positive
10881,positive
10882,positive
10883,positive
10884,positive
10885,positive
10886,positive
10887,positive
10888,positive
10889,positive
10890,positive
10891,positive
10892,positive
10893,positive
10894,positive
10895,positive
10896,positive
10897,positive
10898,positive
10899,positive
10900,positive
10901,positive
10902,positive
10903,positive
10904,positive
10905,positive
10906,positive
10907,positive
10908,positive
10909,positive
10910,positive
10911,positive
10912,positive
10913,positive
10914,positive
10915,positive
10916,positive
10917,positive
10918,positive
10919,positive
10920,positive
10921,positive
10922,positive
10923,positive
10924,positive
10925,positive
10926,positive
10927,positive
10928,positive
10929,positive
10930,positive
10931,positive
10932,positive
10933,positive
10934,positive
10935,positive
10936,positive
10937,positive
10938,positive
10939,positive
10940,positive
10941,positive
10942,positive
10943,positive
10944,positive
10945,positive
10946,positive
10947,positive
10948,positive
10949,positive
10950,positive
10951,positive
10952,positive
10953,positive
10954,positive
10955,positive
10956,positive
10957,positive
10958,positive
10959,positive
10960,positive
10961,positive
10962,positive
10963,positive
10964,positive
10965,positive
10966,positive
10967,positive
10968,positive
10969,positive
10970,positive
10971,positive
10972,positive
10973,positive
10974,positive
10975,positive
10976,positive
10977,positive
10978,positive
10979,positive
10980,positive
10981,positive
10982,positive
10983,positive
10984,positive
10985,positive
10986,positive
10987,positive
10988,positive
10989,positive
10990,positive
10991,positive
10992,positive
10993,positive
10994,positive
10995,positive
10996,positive
10997,positive
10998,positive
10999,positive
11000,positive
11001,positive
11002,positive
11003,positive
11004,positive
11005,positive
11006,positive
11007,positive
11008,positive
11009,positive
11010,positive
11011,positive
11012,positive
11013,positive
11014,positive
11015,positive
11016,positive
11017,positive
11018,positive
11019,positive
11020,positive
11021,positive
11022,positive
11023,positive
11024,positive
11025,positive
11026,positive
11027,positive
11028,positive
11029,positive
11030,positive
11031,positive
11032,positive
11033,positive
11034,positive
11035,positive
11036,positive
11037,positive
11038,positive
11039,positive
11040,positive
11041,positive
11042,positive
11043,positive
11044,positive
11045,positive
11046,positive
11047,positive
11048,positive
11049,positive
11050,positive
11051,positive
11052,positive
11053,positive
11054,positive
11055,positive
11056,positive
11057,positive
11058,positive
11059,positive
11060,positive
11061,positive
11062,positive
11063,positive
11064,positive
11065,positive
11066,positive
11067,positive
11068,positive
11069,positive
11070,positive
11071,positive
11072,positive
11073,positive
11074,positive
11075,positive
11076,positive
11077,positive
11078,positive
11079,positive
11080,positive
11081,positive
11082,positive
11083,positive
11084,positive
11085,positive
11086,positive
11087,positive
11088,positive
11089,positive
11090,positive
11091,positive
11092,positive
11093,positive
11094,positive
11095,positive
11096,positive
11097,positive
11098,positive
11099,positive
11100,positive
11101,positive
11102,positive
11103,positive
11104,positive
11105,positive
11106,positive
11107,positive
11108,positive
11109,positive
11110,positive
11111,positive
11112,positive
11113,positive
11114,positive
11115,positive
11116,positive
11117,positive
11118,positive
11119,positive
11120,positive
11121,positive
11122,positive
11123,positive
11124,positive
11125,positive
11126,positive
11127,positive
11128,positive
11129,positive
11130,positive
11131,positive
11132,positive
11133,positive
11134,positive
11135,positive
11136,positive
11137,positive
11138,positive
11139,positive
11140,positive
11141,positive
11142,positive
11143,positive
11144,positive
11145,positive
11146,positive
11147,positive
11148,positive
11149,positive
11150,positive
11151,positive
11152,positive
11153,positive
11154,positive
11155,positive
11156,positive
11157,positive
11158,positive
11159,positive
11160,positive
11161,positive
11162,positive
11163,positive
11164,positive
11165,positive
11166,positive
11167,positive
11168,positive
11169,positive
11170,positive
11171,positive
11172,positive
11173,positive
11174,positive
11175,positive
11176,positive
11177,positive
11178,positive
11179,positive
11180,positive
11181,positive
11182,positive
11183,positive
11184,positive
11185,positive
11186,positive
11187,positive
11188,positive
11189,positive
11190,positive
11191,positive
11192,positive
11193,positive
11194,positive
11195,positive
11196,positive
11197,positive
11198,positive
11199,positive
11200,positive
11201,positive
11202,positive
11203,positive
11204,positive
11205,positive
11206,positive
11207,positive
11208,positive
11209,positive
11210,positive
11211,positive
11212,positive
11213,positive
11214,positive
11215,positive
11216,positive
11217,positive
11218,positive
11219,positive
11220,positive
11221,positive
11222,positive
11223,positive
11224,positive
11225,positive
11226,positive
11227,positive
11228,positive
11229,positive
11230,positive
11231,positive
11232,positive
11233,positive
11234,positive
11235,positive
11236,positive
11237,positive
11238,positive
11239,positive
11240,positive
11241,positive
11242,positive
11243,positive
11244,positive
11245,positive
11246,positive
11247,positive
11248,positive
11249,positive
11250,positive
11251,positive
11252,positive
11253,positive
11254,positive
11255,positive
11256,positive
11257,positive
11258,positive
11259,positive
11260,positive
11261,positive
11262,positive
11263,positive
11264,positive
11265,positive
11266,positive
11267,positive
11268,positive
11269,positive
11270,positive
11271,positive
11272,positive
11273,positive
11274,positive
11275,positive
11276,positive
11277,positive
11278,positive
11279,positive
11280,positive
11281,positive
11282,positive
11283,positive
11284,positive
11285,positive
11286,positive
11287,positive
11288,positive
11289,positive
11290,positive
11291,positive
11292,positive
11293,positive
11294,positive
11295,positive
11296,positive
11297,positive
11298,positive
11299,positive
11300,positive
11301,positive
11302,positive
11303,positive
11304,positive
11305,positive
11306,positive
11307,positive
11308,positive
11309,positive
11310,positive
11311,positive
11312,positive
11313,positive
11314,positive
11315,positive
11316,positive
11317,positive
11318,positive
11319,positive
11320,positive
11321,positive
11322,positive
11323,positive
11324,positive
11325,positive
11326,positive
11327,positive
11328,positive
11329,positive
11330,positive
11331,positive
11332,positive
11333,positive
11334,positive
11335,positive
11336,positive
11337,positive
11338,positive
11339,positive
11340,positive
11341,positive
11342,positive
11343,positive
11344,positive
11345,positive
11346,positive
11347,positive
11348,positive
11349,positive
11350,positive
11351,positive
11352,positive
11353,positive
11354,positive
11355,positive
11356,positive
11357,positive
11358,positive
11359,positive
11360,positive
11361,positive
11362,positive
11363,positive
11364,positive
11365,positive
11366,positive
11367,positive
11368,positive
11369,positive
11370,positive
11371,positive
11372,positive
11373,positive
11374,positive
11375,positive
11376,positive
11377,positive
11378,positive
11379,positive
11380,positive
11381,positive
11382,positive
11383,positive
11384,positive
11385,positive
11386,positive
11387,positive
11388,positive
11389,positive
11390,positive
11391,positive
11392,positive
11393,positive
11394,positive
11395,positive
11396,positive
11397,positive
11398,positive
11399,positive
11400,positive
11401,positive
11402,positive
11403,positive
11404,positive
11405,positive
11406,positive
11407,positive
11408,positive
11409,positive
11410,positive
11411,positive
11412,positive
11413,positive
11414,positive
11415,positive
11416,positive
11417,positive
11418,positive
11419,positive
11420,positive
11421,positive
11422,positive
11423,positive
11424,positive
11425,positive
11426,positive
11427,positive
11428,positive
11429,positive
11430,positive
11431,positive
11432,positive
11433,positive
11434,positive
11435,positive
11436,positive
11437,positive
11438,positive
11439,positive
11440,positive
11441,positive
11442,positive
11443,positive
11444,positive
11445,positive
11446,positive
11447,positive
11448,positive
11449,positive
11450,positive
11451,positive
11452,positive
11453,positive
11454,positive
11455,positive
11456,positive
11457,positive
11458,positive
11459,positive
11460,positive
11461,positive
11462,positive
11463,positive
11464,positive
11465,positive
11466,positive
11467,positive
11468,positive
11469,positive
11470,positive
11471,positive
11472,positive
11473,positive
11474,positive
11475,positive
11476,positive
11477,positive
11478,positive
11479,positive
11480,positive
11481,positive
11482,positive
11483,positive
11484,positive
11485,positive
11486,positive
11487,positive
11488,positive
11489,positive
11490,positive
11491,positive
11492,positive
11493,positive
11494,positive
11495,positive
11496,positive
11497,positive
11498,positive
11499,positive
11500,positive
11501,positive
11502,positive
11503,positive
11504,positive
11505,positive
11506,positive
11507,positive
11508,positive
11509,positive
11510,positive
11511,positive
11512,positive
11513,positive
11514,positive
11515,positive
11516,positive
11517,positive
11518,positive
11519,positive
11520,positive
11521,positive
11522,positive
11523,positive
11524,positive
11525,positive
11526,positive
11527,positive
11528,positive
11529,positive
11530,positive
11531,positive
11532,positive
11533,positive
11534,positive
11535,positive
11536,positive
11537,positive
11538,positive
11539,positive
11540,positive
11541,positive
11542,positive
11543,positive
11544,positive
11545,positive
11546,positive
11547,positive
11548,positive
11549,positive
11550,positive
11551,positive
11552,positive
11553,positive
11554,positive
11555,positive
11556,positive
11557,positive
11558,positive
11559,positive
11560,positive
11561,positive
11562,positive
11563,positive
11564,positive
11565,positive
11566,positive
11567,positive
11568,positive
11569,positive
11570,positive
11571,positive
11572,positive
11573,positive
11574,positive
11575,positive
11576,positive
11577,positive
11578,positive
11579,positive
11580,positive
11581,positive
11582,positive
11583,positive
11584,positive
11585,positive
11586,positive
11587,positive
11588,positive
11589,positive
11590,positive
11591,positive
11592,positive
11593,positive
11594,positive
11595,positive
11596,positive
11597,positive
11598,positive
11599,positive
11600,positive
11601,positive
11602,positive
11603,positive
11604,positive
11605,positive
11606,positive
11607,positive
11608,positive
11609,positive
11610,positive
11611,positive
11612,positive
11613,positive
11614,positive
11615,positive
11616,positive
11617,positive
11618,positive
11619,positive
11620,positive
11621,positive
11622,positive
11623,positive
11624,positive
11625,positive
11626,positive
11627,positive
11628,positive
11629,positive
11630,positive
11631,positive
11632,positive
11633,positive
11634,positive
11635,positive
11636,positive
11637,positive
11638,positive
11639,positive
11640,positive
11641,positive
11642,positive
11643,positive
11644,positive
11645,positive
11646,positive
11647,positive
11648,positive
11649,positive
11650,positive
11651,positive
11652,positive
11653,positive
11654,positive
11655,positive
11656,positive
11657,positive
11658,positive
11659,positive
11660,positive
11661,positive
11662,positive
11663,positive
11664,positive
11665,positive
11666,positive
11667,positive
11668,positive
11669,positive
11670,positive
11671,positive
11672,positive
11673,positive
11674,positive
11675,positive
11676,positive
11677,positive
11678,positive
11679,positive
11680,positive
11681,positive
11682,positive
11683,positive
11684,positive
11685,positive
11686,positive
11687,positive
11688,positive
11689,positive
11690,positive
11691,positive
11692,positive
11693,positive
11694,positive
11695,positive
11696,positive
11697,positive
11698,positive
11699,positive
11700,positive
11701,positive
11702,positive
11703,positive
11704,positive
11705,positive
11706,positive
11707,positive
11708,positive
11709,positive
11710,positive
11711,positive
11712,positive
11713,positive
11714,positive
11715,positive
11716,positive
11717,positive
11718,positive
11719,positive
11720,positive
11721,positive
11722,positive
11723,positive
11724,positive
11725,positive
11726,positive
11727,positive
11728,positive
11729,positive
11730,positive
11731,positive
11732,positive
11733,positive
11734,positive
11735,positive
11736,positive
11737,positive
11738,positive
11739,positive
11740,positive
11741,positive
11742,positive
11743,positive
11744,positive
11745,positive
11746,positive
11747,positive
11748,positive
11749,positive
11750,positive
11751,positive
11752,positive
11753,positive
11754,positive
11755,positive
11756,positive
11757,positive
11758,positive
11759,positive
11760,positive
11761,positive
11762,positive
11763,positive
11764,positive
11765,positive
11766,positive
11767,positive
11768,positive
11769,positive
11770,positive
11771,positive
11772,positive
11773,positive
11774,positive
11775,positive
11776,positive
11777,positive
11778,positive
11779,positive
11780,positive
11781,positive
11782,positive
11783,positive
11784,positive
11785,positive
11786,positive
11787,positive
11788,positive
11789,positive
11790,positive
11791,positive
11792,positive
11793,positive
11794,positive
11795,positive
11796,positive
11797,positive
11798,positive
11799,positive
11800,positive
11801,positive
11802,positive
11803,positive
11804,positive
11805,positive
11806,positive
11807,positive
11808,positive
11809,positive
11810,positive
11811,positive
11812,positive
11813,positive
11814,positive
11815,positive
11816,positive
11817,positive
11818,positive
11819,positive
11820,positive
11821,positive
11822,positive
11823,positive
11824,positive
11825,positive
11826,positive
11827,positive
11828,positive
11829,positive
11830,positive
11831,positive
11832,positive
11833,positive
11834,positive
11835,positive
11836,positive
11837,positive
11838,positive
11839,positive
11840,positive
11841,positive
11842,positive
11843,positive
11844,positive
11845,positive
11846,positive
11847,positive
11848,positive
11849,positive
11850,positive
11851,positive
11852,positive
11853,positive
11854,positive
11855,positive
11856,positive
11857,positive
11858,positive
11859,positive
11860,positive
11861,positive
11862,positive
11863,positive
11864,positive
11865,positive
11866,positive
11867,positive
11868,positive
11869,positive
11870,positive
11871,positive
11872,positive
11873,positive
11874,positive
11875,positive
11876,positive
11877,positive
11878,positive
11879,positive
11880,positive
11881,positive
11882,positive
11883,positive
11884,positive
11885,positive
11886,positive
11887,positive
11888,positive
11889,positive
11890,positive
11891,positive
11892,positive
11893,positive
11894,positive
11895,positive
11896,positive
11897,positive
11898,positive
11899,positive
11900,positive
11901,positive
11902,positive
11903,positive
11904,positive
11905,positive
11906,positive
11907,positive
11908,positive
11909,positive
11910,positive
11911,positive
11912,positive
11913,positive
11914,positive
11915,positive
11916,positive
11917,positive
11918,positive
11919,positive
11920,positive
11921,positive
11922,positive
11923,positive
11924,positive
11925,positive
11926,positive
11927,positive
11928,positive
11929,positive
11930,positive
11931,positive
11932,positive
11933,positive
11934,positive
11935,positive
11936,positive
11937,positive
11938,positive
11939,positive
11940,positive
11941,positive
11942,positive
11943,positive
11944,positive
11945,positive
11946,positive
11947,positive
11948,positive
11949,positive
11950,positive
11951,positive
11952,positive
11953,positive
11954,positive
11955,positive
11956,positive
11957,positive
11958,positive
11959,positive
11960,positive
11961,positive
11962,positive
11963,positive
11964,positive
11965,positive
11966,positive
11967,positive
11968,positive
11969,positive
11970,positive
11971,positive
11972,positive
11973,positive
11974,positive
11975,positive
11976,positive
11977,positive
11978,positive
11979,positive
11980,positive
11981,positive
11982,positive
11983,positive
11984,positive
11985,positive
11986,positive
11987,positive
11988,positive
11989,positive
11990,positive
11991,positive
11992,positive
11993,positive
11994,positive
11995,positive
11996,positive
11997,positive
11998,positive
11999,positive
12000,positive
12001,positive
12002,positive
12003,positive
12004,positive
12005,positive
12006,positive
12007,positive
12008,positive
12009,positive
12010,positive
12011,positive
12012,positive
12013,positive
12014,positive
12015,positive
12016,positive
12017,positive
12018,positive
12019,positive
12020,positive
12021,positive
12022,positive
12023,positive
12024,positive
12025,positive
12026,positive
12027,positive
12028,positive
12029,positive
12030,positive
12031,positive
12032,positive
12033,positive
12034,positive
12035,positive
12036,positive
12037,positive
12038,positive
12039,positive
12040,positive
12041,positive
12042,positive
12043,positive
12044,positive
12045,positive
12046,positive
12047,positive
12048,positive
12049,positive
12050,positive
12051,positive
12052,positive
12053,positive
12054,positive
12055,positive
12056,positive
12057,positive
12058,positive
12059,positive
12060,positive
12061,positive
12062,positive
12063,positive
12064,positive
12065,positive
12066,positive
12067,positive
12068,positive
12069,positive
12070,positive
12071,positive
12072,positive
12073,positive
12074,positive
12075,positive
12076,positive
12077,positive
12078,positive
12079,positive
12080,positive
12081,positive
12082,positive
12083,positive
12084,positive
12085,positive
12086,positive
12087,positive
12088,positive
12089,positive
12090,positive
12091,positive
12092,positive
12093,positive
12094,positive
12095,positive
12096,positive
12097,positive
12098,positive
12099,positive
12100,positive
12101,positive
12102,positive
12103,positive
12104,positive
12105,positive
12106,positive
12107,positive
12108,positive
12109,positive
12110,positive
12111,positive
12112,positive
12113,positive
12114,positive
12115,positive
12116,positive
12117,positive
12118,positive
12119,positive
12120,positive
12121,positive
12122,positive
12123,positive
12124,positive
12125,positive
12126,positive
12127,positive
12128,positive
12129,positive
12130,positive
12131,positive
12132,positive
12133,positive
12134,positive
12135,positive
12136,positive
12137,positive
12138,positive
12139,positive
12140,positive
12141,positive
12142,positive
12143,positive
12144,positive
12145,positive
12146,positive
12147,positive
12148,positive
12149,positive
12150,positive
12151,positive
12152,positive
12153,positive
12154,positive
12155,positive
12156,positive
12157,positive
12158,positive
12159,positive
12160,positive
12161,positive
12162,positive
12163,positive
12164,positive
12165,positive
12166,positive
12167,positive
12168,positive
12169,positive
12170,positive
12171,positive
12172,positive
12173,positive
12174,positive
12175,positive
12176,positive
12177,positive
12178,positive
12179,positive
12180,positive
12181,positive
12182,positive
12183,positive
12184,positive
12185,positive
12186,positive
12187,positive
12188,positive
12189,positive
12190,positive
12191,positive
12192,positive
12193,positive
12194,positive
12195,positive
12196,positive
12197,positive
12198,positive
12199,positive
12200,positive
12201,positive
12202,positive
12203,positive
12204,positive
12205,positive
12206,positive
12207,positive
12208,positive
12209,positive
12210,positive
12211,positive
12212,positive
12213,positive
12214,positive
12215,positive
12216,positive
12217,positive
12218,positive
12219,positive
12220,positive
12221,positive
12222,positive
12223,positive
12224,positive
12225,positive
12226,positive
12227,positive
12228,positive
12229,positive
12230,positive
12231,positive
12232,positive
12233,positive
12234,positive
12235,positive
12236,positive
12237,positive
12238,positive
12239,positive
12240,positive
12241,positive
12242,positive
12243,positive
12244,positive
12245,positive
12246,positive
12247,positive
12248,positive
12249,positive
12250,positive
12251,positive
12252,positive
12253,positive
12254,positive
12255,positive
12256,positive
12257,positive
12258,positive
12259,positive
12260,positive
12261,positive
12262,positive
12263,positive
12264,positive
12265,positive
12266,positive
12267,positive
12268,positive
12269,positive
12270,positive
12271,positive
12272,positive
12273,positive
12274,positive
12275,positive
12276,positive
12277,positive
12278,positive
12279,positive
12280,positive
12281,positive
12282,positive
12283,positive
12284,positive
12285,positive
12286,positive
12287,positive
12288,positive
12289,positive
12290,positive
12291,positive
12292,positive
12293,positive
12294,positive
12295,positive
12296,positive
12297,positive
12298,positive
12299,positive
12300,positive
12301,positive
12302,positive
12303,positive
12304,positive
12305,positive
12306,positive
12307,positive
12308,positive
12309,positive
12310,positive
12311,positive
12312,positive
12313,positive
12314,positive
12315,positive
12316,positive
12317,positive
12318,positive
12319,positive
12320,positive
12321,positive
12322,positive
12323,positive
12324,positive
12325,positive
12326,positive
12327,positive
12328,positive
12329,positive
12330,positive
12331,positive
12332,positive
12333,positive
12334,positive
12335,positive
12336,positive
12337,positive
12338,positive
12339,positive
12340,positive
12341,positive
12342,positive
12343,positive
12344,positive
12345,positive
12346,positive
12347,positive
12348,positive
12349,positive
12350,positive
12351,positive
12352,positive
12353,positive
12354,positive
12355,positive
12356,positive
12357,positive
12358,positive
12359,positive
12360,positive
12361,positive
12362,positive
12363,positive
12364,positive
12365,positive
12366,positive
12367,positive
12368,positive
12369,positive
12370,positive
12371,positive
12372,positive
12373,positive
12374,positive
12375,positive
12376,positive
12377,positive
12378,positive
12379,positive
12380,positive
12381,positive
12382,positive
12383,positive
12384,positive
12385,positive
12386,positive
12387,positive
12388,positive
12389,positive
12390,positive
12391,positive
12392,positive
12393,positive
12394,positive
12395,positive
12396,positive
12397,positive
12398,positive
12399,positive
12400,positive
12401,positive
12402,positive
12403,positive
12404,positive
12405,positive
12406,positive
12407,positive
12408,positive
12409,positive
12410,positive
12411,positive
12412,positive
12413,positive
12414,positive
12415,positive
12416,positive
12417,positive
12418,positive
12419,positive
12420,positive
12421,positive
12422,positive
12423,positive
12424,positive
12425,positive
12426,positive
12427,positive
12428,positive
12429,positive
12430,positive
12431,positive
12432,positive
12433,positive
12434,positive
12435,positive
12436,positive
12437,positive
12438,positive
12439,positive
12440,positive
12441,positive
12442,positive
12443,positive
12444,positive
12445,positive
12446,positive
12447,positive
12448,positive
12449,positive
12450,positive
12451,positive
12452,positive
12453,positive
12454,positive
12455,positive
12456,positive
12457,positive
12458,positive
12459,positive
12460,positive
12461,positive
12462,positive
12463,positive
12464,positive
12465,positive
12466,positive
12467,positive
12468,positive
12469,positive
12470,positive
12471,positive
12472,positive
12473,positive
12474,positive
12475,positive
12476,positive
12477,positive
12478,positive
12479,positive
12480,positive
12481,positive
12482,positive
12483,positive
12484,positive
12485,positive
12486,positive
12487,positive
12488,positive
12489,positive
12490,positive
12491,positive
12492,positive
12493,positive
12494,positive
12495,positive
12496,positive
12497,positive
12498,positive
12499,positive
12500,positive
12501,positive
12502,positive
12503,positive
12504,positive
12505,positive
12506,positive
12507,positive
12508,positive
12509,positive
12510,positive
12511,positive
12512,positive
12513,positive
12514,positive
12515,positive
12516,positive
12517,positive
12518,positive
12519,positive
12520,positive
12521,positive
12522,positive
12523,positive
12524,positive
12525,positive
12526,positive
12527,positive
12528,positive
12529,positive
12530,positive
12531,positive
12532,positive
12533,positive
12534,positive
12535,positive
12536,positive
12537,positive
12538,positive
12539,positive
12540,positive
12541,positive
12542,positive
12543,positive
12544,positive
12545,positive
12546,positive
12547,positive
12548,positive
12549,positive
12550,positive
12551,positive
12552,positive
12553,positive
12554,positive
12555,positive
12556,positive
12557,positive
12558,positive
12559,positive
12560,positive
12561,positive
12562,positive
12563,positive
12564,positive
12565,positive
12566,positive
12567,positive
12568,positive
12569,positive
12570,positive
12571,positive
12572,positive
12573,positive
12574,positive
12575,positive
12576,positive
12577,positive
12578,positive
12579,positive
12580,positive
12581,positive
12582,positive
12583,positive
12584,positive
12585,positive
12586,positive
12587,positive
12588,positive
12589,positive
12590,positive
12591,positive
12592,positive
12593,positive
12594,positive
12595,positive
12596,positive
12597,positive
12598,positive
12599,positive
12600,positive
12601,positive
12602,positive
12603,positive
12604,positive
12605,positive
12606,positive
12607,positive
12608,positive
12609,positive
12610,positive
12611,positive
12612,positive
12613,positive
12614,positive
12615,positive
12616,positive
12617,positive
12618,positive
12619,positive
12620,positive
12621,positive
12622,positive
12623,positive
12624,positive
12625,positive
12626,positive
12627,positive
12628,positive
12629,positive
12630,positive
12631,positive
12632,positive
12633,positive
12634,positive
12635,positive
12636,positive
12637,positive
12638,positive
12639,positive
12640,positive
12641,positive
12642,positive
12643,positive
12644,positive
12645,positive
12646,positive
12647,positive
12648,positive
12649,positive
12650,positive
12651,positive
12652,positive
12653,positive
12654,positive
12655,positive
12656,positive
12657,positive
12658,positive
12659,positive
12660,positive
12661,positive
12662,positive
12663,positive
12664,positive
12665,positive
12666,positive
12667,positive
12668,positive
12669,positive
12670,positive
12671,positive
12672,positive
12673,positive
12674,positive
12675,positive
12676,positive
12677,positive
12678,positive
12679,positive
12680,positive
12681,positive
12682,positive
12683,positive
12684,positive
12685,positive
12686,positive
12687,positive
12688,positive
12689,positive
12690,positive
12691,positive
12692,positive
12693,positive
12694,positive
12695,positive
12696,positive
12697,positive
12698,positive
12699,positive
12700,positive
12701,positive
12702,positive
12703,positive
12704,positive
12705,positive
12706,positive
12707,positive
12708,positive
12709,positive
12710,positive
12711,positive
12712,positive
12713,positive
12714,positive
12715,positive
12716,positive
12717,positive
12718,positive
12719,positive
12720,positive
12721,positive
12722,positive
12723,positive
12724,positive
12725,positive
12726,positive
12727,positive
12728,positive
12729,positive
12730,positive
12731,positive
12732,positive
12733,positive
12734,positive
12735,positive
12736,positive
12737,positive
12738,positive
12739,positive
12740,positive
12741,positive
12742,positive
12743,positive
12744,positive
12745,positive
12746,positive
12747,positive
12748,positive
12749,positive
12750,positive
12751,positive
12752,positive
12753,positive
12754,positive
12755,positive
12756,positive
12757,positive
12758,positive
12759,positive
12760,positive
12761,positive
12762,positive
12763,positive
12764,positive
12765,positive
12766,positive
12767,positive
12768,positive
12769,positive
12770,positive
12771,positive
12772,positive
12773,positive
12774,positive
12775,positive
12776,positive
12777,positive
12778,positive
12779,positive
12780,positive
12781,positive
12782,positive
12783,positive
12784,positive
12785,positive
12786,positive
12787,positive
12788,positive
12789,positive
12790,positive
12791,positive
12792,positive
12793,positive
12794,positive
12795,positive
12796,positive
12797,positive
12798,positive
12799,positive
12800,positive
12801,positive
12802,positive
12803,positive
12804,positive
12805,positive
12806,positive
12807,positive
12808,positive
12809,positive
12810,positive
12811,positive
12812,positive
12813,positive
12814,positive
12815,positive
12816,positive
12817,positive
12818,positive
12819,positive
12820,positive
12821,positive
12822,positive
12823,positive
12824,positive
12825,positive
12826,positive
12827,positive
12828,positive
12829,positive
12830,positive
12831,positive
12832,positive
12833,positive
12834,positive
12835,positive
12836,positive
12837,positive
12838,positive
12839,positive
12840,positive
12841,positive
12842,positive
12843,positive
12844,positive
12845,positive
12846,positive
12847,positive
12848,positive
12849,positive
12850,positive
12851,positive
12852,positive
12853,positive
12854,positive
12855,positive
12856,positive
12857,positive
12858,positive
12859,positive
12860,positive
12861,positive
12862,positive
12863,positive
12864,positive
12865,positive
12866,positive
12867,positive
12868,positive
12869,positive
12870,positive
12871,positive
12872,positive
12873,positive
12874,positive
12875,positive
12876,positive
12877,positive
12878,positive
12879,positive
12880,positive
12881,positive
12882,positive
12883,positive
12884,positive
12885,positive
12886,positive
12887,positive
12888,positive
12889,positive
12890,positive
12891,positive
12892,positive
12893,positive
12894,positive
12895,positive
12896,positive
12897,positive
12898,positive
12899,positive
12900,positive
12901,positive
12902,positive
12903,positive
12904,positive
12905,positive
12906,positive
12907,positive
12908,positive
12909,positive
12910,positive
12911,positive
12912,positive
12913,positive
12914,positive
12915,positive
12916,positive
12917,positive
12918,positive
12919,positive
12920,positive
12921,positive
12922,positive
12923,positive
12924,positive
12925,positive
12926,positive
12927,positive
12928,positive
12929,positive
12930,positive
12931,positive
12932,positive
12933,positive
12934,positive
12935,positive
12936,positive
12937,positive
12938,positive
12939,positive
12940,positive
12941,positive
12942,positive
12943,positive
12944,positive
12945,positive
12946,positive
12947,positive
12948,positive
12949,positive
12950,positive
12951,positive
12952,positive
12953,positive
12954,positive
12955,positive
12956,positive
12957,positive
12958,positive
12959,positive
12960,positive
12961,positive
12962,positive
12963,positive
12964,positive
12965,positive
12966,positive
12967,positive
12968,positive
12969,positive
12970,positive
12971,positive
12972,positive
12973,positive
12974,positive
12975,positive
12976,positive
12977,positive
12978,positive
12979,positive
12980,positive
12981,positive
12982,positive
12983,positive
12984,positive
12985,positive
12986,positive
12987,positive
12988,positive
12989,positive
12990,positive
12991,positive
12992,positive
12993,positive
12994,positive
12995,positive
12996,positive
12997,positive
12998,positive
12999,positive
13000,positive
13001,positive
13002,positive
13003,positive
13004,positive
13005,positive
13006,positive
13007,positive
13008,positive
13009,positive
13010,positive
13011,positive
13012,positive
13013,positive
13014,positive
13015,positive
13016,positive
13017,positive
13018,positive
13019,positive
13020,positive
13021,positive
13022,positive
13023,positive
13024,positive
13025,positive
13026,positive
13027,positive
13028,positive
13029,positive
13030,positive
13031,positive
13032,positive
13033,positive
13034,positive
13035,positive
13036,positive
13037,positive
13038,positive
13039,positive
13040,positive
13041,positive
13042,positive
13043,positive
13044,positive
13045,positive
13046,positive
13047,positive
13048,positive
13049,positive
13050,positive
13051,positive
13052,positive
13053,positive
13054,positive
13055,positive
13056,positive
13057,positive
13058,positive
13059,positive
13060,positive
13061,positive
13062,positive
13063,positive
13064,positive
13065,positive
13066,positive
13067,positive
13068,positive
13069,positive
13070,positive
13071,positive
13072,positive
13073,positive
13074,positive
13075,positive
13076,positive
13077,positive
13078,positive
13079,positive
13080,positive
13081,positive
13082,positive
13083,positive
13084,positive
13085,positive
13086,positive
13087,positive
13088,positive
13089,positive
13090,positive
13091,positive
13092,positive
13093,positive
13094,positive
13095,positive
13096,positive
13097,positive
13098,positive
13099,positive
13100,positive
13101,positive
13102,positive
13103,positive
13104,positive
13105,positive
13106,positive
13107,positive
13108,positive
13109,positive
13110,positive
13111,positive
13112,positive
13113,positive
13114,positive
13115,positive
13116,positive
13117,positive
13118,positive
13119,positive
13120,positive
13121,positive
13122,positive
13123,positive
13124,positive
13125,positive
13126,positive
13127,positive
13128,positive
13129,positive
13130,positive
13131,positive
13132,positive
13133,positive
13134,positive
13135,positive
13136,positive
13137,positive
13138,positive
13139,positive
13140,positive
13141,positive
13142,positive
13143,positive
13144,positive
13145,positive
13146,positive
13147,positive
13148,positive
13149,positive
13150,positive
13151,positive
13152,positive
13153,positive
13154,positive
13155,positive
13156,positive
13157,positive
13158,positive
13159,positive
13160,positive
13161,positive
13162,positive
13163,positive
13164,positive
13165,positive
13166,positive
13167,positive
13168,positive
13169,positive
13170,positive
13171,positive
13172,positive
13173,positive
13174,positive
13175,positive
13176,positive
13177,positive
13178,positive
13179,positive
13180,positive
13181,positive
13182,positive
13183,positive
13184,positive
13185,positive
13186,positive
13187,positive
13188,positive
13189,positive
13190,positive
13191,positive
13192,positive
13193,positive
13194,positive
13195,positive
13196,positive
13197,positive
13198,positive
13199,positive
13200,positive
13201,positive
13202,positive
13203,positive
13204,positive
13205,positive
13206,positive
13207,positive
13208,positive
13209,positive
13210,positive
13211,positive
13212,positive
13213,positive
13214,positive
13215,positive
13216,positive
13217,positive
13218,positive
13219,positive
13220,positive
13221,positive
13222,positive
13223,positive
13224,positive
13225,positive
13226,positive
13227,positive
13228,positive
13229,positive
13230,positive
13231,positive
13232,positive
13233,positive
13234,positive
13235,positive
13236,positive
13237,positive
13238,positive
13239,positive
13240,positive
13241,positive
13242,positive
13243,positive
13244,positive
13245,positive
13246,positive
13247,positive
13248,positive
13249,positive
13250,positive
13251,positive
13252,positive
13253,positive
13254,positive
13255,positive
13256,positive
13257,positive
13258,positive
13259,positive
13260,positive
13261,positive
13262,positive
13263,positive
13264,positive
13265,positive
13266,positive
13267,positive
13268,positive
13269,positive
13270,positive
13271,positive
13272,positive
13273,positive
13274,positive
13275,positive
13276,positive
13277,positive
13278,positive
13279,positive
13280,positive
13281,positive
13282,positive
13283,positive
13284,positive
13285,positive
13286,positive
13287,positive
13288,positive
13289,positive
13290,positive
13291,positive
13292,positive
13293,positive
13294,positive
13295,positive
13296,positive
13297,positive
13298,positive
13299,positive
13300,positive
13301,positive
13302,positive
13303,positive
13304,positive
13305,positive
13306,positive
13307,positive
13308,positive
13309,positive
13310,positive
13311,positive
13312,positive
13313,positive
13314,positive
13315,positive
13316,positive
13317,positive
13318,positive
13319,positive
13320,positive
13321,positive
13322,positive
13323,positive
13324,positive
13325,positive
13326,positive
13327,positive
13328,positive
13329,positive
13330,positive
13331,positive
13332,positive
13333,positive
13334,positive
13335,positive
13336,positive
13337,positive
13338,positive
13339,positive
13340,positive
13341,positive
13342,positive
13343,positive
13344,positive
13345,positive
13346,positive
13347,positive
13348,positive
13349,positive
13350,positive
13351,positive
13352,positive
13353,positive
13354,positive
13355,positive
13356,positive
13357,positive
13358,positive
13359,positive
13360,positive
13361,positive
13362,positive
13363,positive
13364,positive
13365,positive
13366,positive
13367,positive
13368,positive
13369,positive
13370,positive
13371,positive
13372,positive
13373,positive
13374,positive
13375,positive
13376,positive
13377,positive
13378,positive
13379,positive
13380,positive
13381,positive
13382,positive
13383,positive
13384,positive
13385,positive
13386,positive
13387,positive
13388,positive
13389,positive
13390,positive
13391,positive
13392,positive
13393,positive
13394,positive
13395,positive
13396,positive
13397,positive
13398,positive
13399,positive
13400,positive
13401,positive
13402,positive
13403,positive
13404,positive
13405,positive
13406,positive
13407,positive
13408,positive
13409,positive
13410,positive
13411,positive
13412,positive
13413,positive
13414,positive
13415,positive
13416,positive
13417,positive
13418,positive
13419,positive
13420,positive
13421,positive
13422,positive
13423,positive
13424,positive
13425,positive
13426,positive
13427,positive
13428,positive
13429,positive
13430,positive
13431,positive
13432,positive
13433,positive
13434,positive
13435,positive
13436,positive
13437,positive
13438,positive
13439,positive
13440,positive
13441,positive
13442,positive
13443,positive
13444,positive
13445,positive
13446,positive
13447,positive
13448,positive
13449,positive
13450,positive
13451,positive
13452,positive
13453,positive
13454,positive
13455,positive
13456,positive
13457,positive
13458,positive
13459,positive
13460,positive
13461,positive
13462,positive
13463,positive
13464,positive
13465,positive
13466,positive
13467,positive
13468,positive
13469,positive
13470,positive
13471,positive
13472,positive
13473,positive
13474,positive
13475,positive
13476,positive
13477,positive
13478,positive
13479,positive
13480,positive
13481,positive
13482,positive
13483,positive
13484,positive
13485,positive
13486,positive
13487,positive
13488,positive
13489,positive
13490,positive
13491,positive
13492,positive
13493,positive
13494,positive
13495,positive
13496,positive
13497,positive
13498,positive
13499,positive
13500,positive
13501,positive
13502,positive
13503,positive
13504,positive
13505,positive
13506,positive
13507,positive
13508,positive
13509,positive
13510,positive
13511,positive
13512,positive
13513,positive
13514,positive
13515,positive
13516,positive
13517,positive
13518,positive
13519,positive
13520,positive
13521,positive
13522,positive
13523,positive
13524,positive
13525,positive
13526,positive
13527,positive
13528,positive
13529,positive
13530,positive
13531,positive
13532,positive
13533,positive
13534,positive
13535,positive
13536,positive
13537,positive
13538,positive
13539,positive
13540,positive
13541,positive
13542,positive
13543,positive
13544,positive
13545,positive
13546,positive
13547,positive
13548,positive
13549,positive
13550,positive
13551,positive
13552,positive
13553,positive
13554,positive
13555,positive
13556,positive
13557,positive
13558,positive
13559,positive
13560,positive
13561,positive
13562,positive
13563,positive
13564,positive
13565,positive
13566,positive
13567,positive
13568,positive
13569,positive
13570,positive
13571,positive
13572,positive
13573,positive
13574,positive
13575,positive
13576,positive
13577,positive
13578,positive
13579,positive
13580,positive
13581,positive
13582,positive
13583,positive
13584,positive
13585,positive
13586,positive
13587,positive
13588,positive
13589,positive
13590,positive
13591,positive
13592,positive
13593,positive
13594,positive
13595,positive
13596,positive
13597,positive
13598,positive
13599,positive
13600,positive
13601,positive
13602,positive
13603,positive
13604,positive
13605,positive
13606,positive
13607,positive
13608,positive
13609,positive
13610,positive
13611,positive
13612,positive
13613,positive
13614,positive
13615,positive
13616,positive
13617,positive
13618,positive
13619,positive
13620,positive
13621,positive
13622,positive
13623,positive
13624,positive
13625,positive
13626,positive
13627,positive
13628,positive
13629,positive
13630,positive
13631,positive
13632,positive
13633,positive
13634,positive
13635,positive
13636,positive
13637,positive
13638,positive
13639,positive
13640,positive
13641,positive
13642,positive
13643,positive
13644,positive
13645,positive
13646,positive
13647,positive
13648,positive
13649,positive
13650,positive
13651,positive
13652,positive
13653,positive
13654,positive
13655,positive
13656,positive
13657,positive
13658,positive
13659,positive
13660,positive
13661,positive
13662,positive
13663,positive
13664,positive
13665,positive
13666,positive
13667,positive
13668,positive
13669,positive
13670,positive
13671,positive
13672,positive
13673,positive
13674,positive
13675,positive
13676,positive
13677,positive
13678,positive
13679,positive
13680,positive
13681,positive
13682,positive
13683,positive
13684,positive
13685,positive
13686,positive
13687,positive
13688,positive
13689,positive
13690,positive
13691,positive
13692,positive
13693,positive
13694,positive
13695,positive
13696,positive
13697,positive
13698,positive
13699,positive
13700,positive
13701,positive
13702,positive
13703,positive
13704,positive
13705,positive
13706,positive
13707,positive
13708,positive
13709,positive
13710,positive
13711,positive
13712,positive
13713,positive
13714,positive
13715,positive
13716,positive
13717,positive
13718,positive
13719,positive
13720,positive
13721,positive
13722,positive
13723,positive
13724,positive
13725,positive
13726,positive
13727,positive
13728,positive
13729,positive
13730,positive
13731,positive
13732,positive
13733,positive
13734,positive
13735,positive
13736,positive
13737,positive
13738,positive
13739,positive
13740,positive
13741,positive
13742,positive
13743,positive
13744,positive
13745,positive
13746,positive
13747,positive
13748,positive
13749,positive
13750,positive
13751,positive
13752,positive
13753,positive
13754,positive
13755,positive
13756,positive
13757,positive
13758,positive
13759,positive
13760,positive
13761,positive
13762,positive
13763,positive
13764,positive
13765,positive
13766,positive
13767,positive
13768,positive
13769,positive
13770,positive
13771,positive
13772,positive
13773,positive
13774,positive
13775,positive
13776,positive
13777,positive
13778,positive
13779,positive
13780,positive
13781,positive
13782,positive
13783,positive
13784,positive
13785,positive
13786,positive
13787,positive
13788,positive
13789,positive
13790,positive
13791,positive
13792,positive
13793,positive
13794,positive
13795,positive
13796,positive
13797,positive
13798,positive
13799,positive
13800,positive
13801,positive
13802,positive
13803,positive
13804,positive
13805,positive
13806,positive
13807,positive
13808,positive
13809,positive
13810,positive
13811,positive
13812,positive
13813,positive
13814,positive
13815,positive
13816,positive
13817,positive
13818,positive
13819,positive
13820,positive
13821,positive
13822,positive
13823,positive
13824,positive
13825,positive
13826,positive
13827,positive
13828,positive
13829,positive
13830,positive
13831,positive
13832,positive
13833,positive
13834,positive
13835,positive
13836,positive
13837,positive
13838,positive
13839,positive
13840,positive
13841,positive
13842,positive
13843,positive
13844,positive
13845,positive
13846,positive
13847,positive
13848,positive
13849,positive
13850,positive
13851,positive
13852,positive
13853,positive
13854,positive
13855,positive
13856,positive
13857,positive
13858,positive
13859,positive
13860,positive
13861,positive
13862,positive
13863,positive
13864,positive
13865,positive
13866,positive
13867,positive
13868,positive
13869,positive
13870,positive
13871,positive
13872,positive
13873,positive
13874,positive
13875,positive
13876,positive
13877,positive
13878,positive
13879,positive
13880,positive
13881,positive
13882,positive
13883,positive
13884,positive
13885,positive
13886,positive
13887,positive
13888,positive
13889,positive
13890,positive
13891,positive
13892,positive
13893,positive
13894,positive
13895,positive
13896,positive
13897,positive
13898,positive
13899,positive
13900,positive
13901,positive
13902,positive
13903,positive
13904,positive
13905,positive
13906,positive
13907,positive
13908,positive
13909,positive
13910,positive
13911,positive
13912,positive
13913,positive
13914,positive
13915,positive
13916,positive
13917,positive
13918,positive
13919,positive
13920,positive
13921,positive
13922,positive
13923,positive
13924,positive
13925,positive
13926,positive
13927,positive
13928,positive
13929,positive
13930,positive
13931,positive
13932,positive
13933,positive
13934,positive
13935,positive
13936,positive
13937,positive
13938,positive
13939,positive
13940,positive
13941,positive
13942,positive
13943,positive
13944,positive
13945,positive
13946,positive
13947,positive
13948,positive
13949,positive
13950,positive
13951,positive
13952,positive
13953,positive
13954,positive
13955,positive
13956,positive
13957,positive
13958,positive
13959,positive
13960,positive
13961,positive
13962,positive
13963,positive
13964,positive
13965,positive
13966,positive
13967,positive
13968,positive
13969,positive
13970,positive
13971,positive
13972,positive
13973,positive
13974,positive
13975,positive
13976,positive
13977,positive
13978,positive
13979,positive
13980,positive
13981,positive
13982,positive
13983,positive
13984,positive
13985,positive
13986,positive
13987,positive
13988,positive
13989,positive
13990,positive
13991,positive
13992,positive
13993,positive
13994,positive
13995,positive
13996,positive
13997,positive
13998,positive
13999,positive
14000,positive
14001,positive
14002,positive
14003,positive
14004,positive
14005,positive
14006,positive
14007,positive
14008,positive
14009,positive
14010,positive
14011,positive
14012,positive
14013,positive
14014,positive
14015,positive
14016,positive
14017,positive
14018,positive
14019,positive
14020,positive
14021,positive
14022,positive
14023,positive
14024,positive
14025,positive
14026,positive
14027,positive
14028,positive
14029,positive
14030,positive
14031,positive
14032,positive
14033,positive
14034,positive
14035,positive
14036,positive
14037,positive
14038,positive
14039,positive
14040,positive
14041,positive
14042,positive
14043,positive
14044,positive
14045,positive
14046,positive
14047,positive
14048,positive
14049,positive
14050,positive
14051,positive
14052,positive
14053,positive
14054,positive
14055,positive
14056,positive
14057,positive
14058,positive
14059,positive
14060,positive
14061,positive
14062,positive
14063,positive
14064,positive
14065,positive
14066,positive
14067,positive
14068,positive
14069,positive
14070,positive
14071,positive
14072,positive
14073,positive
14074,positive
14075,positive
14076,positive
14077,positive
14078,positive
14079,positive
14080,positive
14081,positive
14082,positive
14083,positive
14084,positive
14085,positive
14086,positive
14087,positive
14088,positive
14089,positive
14090,positive
14091,positive
14092,positive
14093,positive
14094,positive
14095,positive
14096,positive
14097,positive
14098,positive
14099,positive
14100,positive
14101,positive
14102,positive
14103,positive
14104,positive
14105,positive
14106,positive
14107,positive
14108,positive
14109,positive
14110,positive
14111,positive
14112,positive
14113,positive
14114,positive
14115,positive
14116,positive
14117,positive
14118,positive
14119,positive
14120,positive
14121,positive
14122,positive
14123,positive
14124,positive
14125,positive
14126,positive
14127,positive
14128,positive
14129,positive
14130,positive
14131,positive
14132,positive
14133,positive
14134,positive
14135,positive
14136,positive
14137,positive
14138,positive
14139,positive
14140,positive
14141,positive
14142,positive
14143,positive
14144,positive
14145,positive
14146,positive
14147,positive
14148,positive
14149,positive
14150,positive
14151,positive
14152,positive
14153,positive
14154,positive
14155,positive
14156,positive
14157,positive
14158,positive
14159,positive
14160,positive
14161,positive
14162,positive
14163,positive
14164,positive
14165,positive
14166,positive
14167,positive
14168,positive
14169,positive
14170,positive
14171,positive
14172,positive
14173,positive
14174,positive
14175,positive
14176,positive
14177,positive
14178,positive
14179,positive
14180,positive
14181,positive
14182,positive
14183,positive
14184,positive
14185,positive
14186,positive
14187,positive
14188,positive
14189,positive
14190,positive
14191,positive
14192,positive
14193,positive
14194,positive
14195,positive
14196,positive
14197,positive
14198,positive
14199,positive
14200,positive
14201,positive
14202,positive
14203,positive
14204,positive
14205,positive
14206,positive
14207,positive
14208,positive
14209,positive
14210,positive
14211,positive
14212,positive
14213,positive
14214,positive
14215,positive
14216,positive
14217,positive
14218,positive
14219,positive
14220,positive
14221,positive
14222,positive
14223,positive
14224,positive
14225,positive
14226,positive
14227,positive
14228,positive
14229,positive
14230,positive
14231,positive
14232,positive
14233,positive
14234,positive
14235,positive
14236,positive
14237,positive
14238,positive
14239,positive
14240,positive
14241,positive
14242,positive
14243,positive
14244,positive
14245,positive
14246,positive
14247,positive
14248,positive
14249,positive
14250,positive
14251,positive
14252,positive
14253,positive
14254,positive
14255,positive
14256,positive
14257,positive
14258,positive
14259,positive
14260,positive
14261,positive
14262,positive
14263,positive
14264,positive
14265,positive
14266,positive
14267,positive
14268,positive
14269,positive
14270,positive
14271,positive
14272,positive
14273,positive
14274,positive
14275,positive
14276,positive
14277,positive
14278,positive
14279,positive
14280,positive
14281,positive
14282,positive
14283,positive
14284,positive
14285,positive
14286,positive
14287,positive
14288,positive
14289,positive
14290,positive
14291,positive
14292,positive
14293,positive
14294,positive
14295,positive
14296,positive
14297,positive
14298,positive
14299,positive
14300,positive
14301,positive
14302,positive
14303,positive
14304,positive
14305,positive
14306,positive
14307,positive
14308,positive
14309,positive
14310,positive
14311,positive
14312,positive
14313,positive
14314,positive
14315,positive
14316,positive
14317,positive
14318,positive
14319,positive
14320,positive
14321,positive
14322,positive
14323,positive
14324,positive
14325,positive
14326,positive
14327,positive
14328,positive
14329,positive
14330,positive
14331,positive
14332,positive
14333,positive
14334,positive
14335,positive
14336,positive
14337,positive
14338,positive
14339,positive
14340,positive
14341,positive
14342,positive
14343,positive
14344,positive
14345,positive
14346,positive
14347,positive
14348,positive
14349,positive
14350,positive
14351,positive
14352,positive
14353,positive
14354,positive
14355,positive
14356,positive
14357,positive
14358,positive
14359,positive
14360,positive
14361,positive
14362,positive
14363,positive
14364,positive
14365,positive
14366,positive
14367,positive
14368,positive
14369,positive
14370,positive
14371,positive
14372,positive
14373,positive
14374,positive
14375,positive
14376,positive
14377,positive
14378,positive
14379,positive
14380,positive
14381,positive
14382,positive
14383,positive
14384,positive
14385,positive
14386,positive
14387,positive
14388,positive
14389,positive
14390,positive
14391,positive
14392,positive
14393,positive
14394,positive
14395,positive
14396,positive
14397,positive
14398,positive
14399,positive
14400,positive
14401,positive
14402,positive
14403,positive
14404,positive
14405,positive
14406,positive
14407,positive
14408,positive
14409,positive
14410,positive
14411,positive
14412,positive
14413,positive
14414,positive
14415,positive
14416,positive
14417,positive
14418,positive
14419,positive
14420,positive
14421,positive
14422,positive
14423,positive
14424,positive
14425,positive
14426,positive
14427,positive
14428,positive
14429,positive
14430,positive
14431,positive
14432,positive
14433,positive
14434,positive
14435,positive
14436,positive
14437,positive
14438,positive
14439,positive
14440,positive
14441,positive
14442,positive
14443,positive
14444,positive
14445,positive
14446,positive
14447,positive
14448,positive
14449,positive
14450,positive
14451,positive
14452,positive
14453,positive
14454,positive
14455,positive
14456,positive
14457,positive
14458,positive
14459,positive
14460,positive
14461,positive
14462,positive
14463,positive
14464,positive
14465,positive
14466,positive
14467,positive
14468,positive
14469,positive
14470,positive
14471,positive
14472,positive
14473,positive
14474,positive
14475,positive
14476,positive
14477,positive
14478,positive
14479,positive
14480,positive
14481,positive
14482,positive
14483,positive
14484,positive
14485,positive
14486,positive
14487,positive
14488,positive
14489,positive
14490,positive
14491,positive
14492,positive
14493,positive
14494,positive
14495,positive
14496,positive
14497,positive
14498,positive
14499,positive
14500,positive
14501,positive
14502,positive
14503,positive
14504,positive
14505,positive
14506,positive
14507,positive
14508,positive
14509,positive
14510,positive
14511,positive
14512,positive
14513,positive
14514,positive
14515,positive
14516,positive
14517,positive
14518,positive
14519,positive
14520,positive
14521,positive
14522,positive
14523,positive
14524,positive
14525,positive
14526,positive
14527,positive
14528,positive
14529,positive
14530,positive
14531,positive
14532,positive
14533,positive
14534,positive
14535,positive
14536,positive
14537,positive
14538,positive
14539,positive
14540,positive
14541,positive
14542,positive
14543,positive
14544,positive
14545,positive
14546,positive
14547,positive
14548,positive
14549,positive
14550,positive
14551,positive
14552,positive
14553,positive
14554,positive
14555,positive
14556,positive
14557,positive
14558,positive
14559,positive
14560,positive
14561,positive
14562,positive
14563,positive
14564,positive
14565,positive
14566,positive
14567,positive
14568,positive
14569,positive
14570,positive
14571,positive
14572,positive
14573,positive
14574,positive
14575,positive
14576,positive
14577,positive
14578,positive
14579,positive
14580,positive
14581,positive
14582,positive
14583,positive
14584,positive
14585,positive
14586,positive
14587,positive
14588,positive
14589,positive
14590,positive
14591,positive
14592,positive
14593,positive
14594,positive
14595,positive
14596,positive
14597,positive
14598,positive
14599,positive
14600,positive
14601,positive
14602,positive
14603,positive
14604,positive
14605,positive
14606,positive
14607,positive
14608,positive
14609,positive
14610,positive
14611,positive
14612,positive
14613,positive
14614,positive
14615,positive
14616,positive
14617,positive
14618,positive
14619,positive
14620,positive
14621,positive
14622,positive
14623,positive
14624,positive
14625,positive
14626,positive
14627,positive
14628,positive
14629,positive
14630,positive
14631,positive
14632,positive
14633,positive
14634,positive
14635,positive
14636,positive
14637,positive
14638,positive
14639,positive
14640,positive
14641,positive
14642,positive
14643,positive
14644,positive
14645,positive
14646,positive
14647,positive
14648,positive
14649,positive
14650,positive
14651,positive
14652,positive
14653,positive
14654,positive
14655,positive
14656,positive
14657,positive
14658,positive
14659,positive
14660,positive
14661,positive
14662,positive
14663,positive
14664,positive
14665,positive
14666,positive
14667,positive
14668,positive
14669,positive
14670,positive
14671,positive
14672,positive
14673,positive
14674,positive
14675,positive
14676,positive
14677,positive
14678,positive
14679,positive
14680,positive
14681,positive
14682,positive
14683,positive
14684,positive
14685,positive
14686,positive
14687,positive
14688,positive
14689,positive
14690,positive
14691,positive
14692,positive
14693,positive
14694,positive
14695,positive
14696,positive
14697,positive
14698,positive
14699,positive
14700,positive
14701,positive
14702,positive
14703,positive
14704,positive
14705,positive
14706,positive
14707,positive
14708,positive
14709,positive
14710,positive
14711,positive
14712,positive
14713,positive
14714,positive
14715,positive
14716,positive
14717,positive
14718,positive
14719,positive
14720,positive
14721,positive
14722,positive
14723,positive
14724,positive
14725,positive
14726,positive
14727,positive
14728,positive
14729,positive
14730,positive
14731,positive
14732,positive
14733,positive
14734,positive
14735,positive
14736,positive
14737,positive
14738,positive
14739,positive
14740,positive
14741,positive
14742,positive
14743,positive
14744,positive
14745,positive
14746,positive
14747,positive
14748,positive
14749,positive
14750,positive
14751,positive
14752,positive
14753,positive
14754,positive
14755,positive
14756,positive
14757,positive
14758,positive
14759,positive
14760,positive
14761,positive
14762,positive
14763,positive
14764,positive
14765,positive
14766,positive
14767,positive
14768,positive
14769,positive
14770,positive
14771,positive
14772,positive
14773,positive
14774,positive
14775,positive
14776,positive
14777,positive
14778,positive
14779,positive
14780,positive
14781,positive
14782,positive
14783,positive
14784,positive
14785,positive
14786,positive
14787,positive
14788,positive
14789,positive
14790,positive
14791,positive
14792,positive
14793,positive
14794,positive
14795,positive
14796,positive
14797,positive
14798,positive
14799,positive
14800,positive
14801,positive
14802,positive
14803,positive
14804,positive
14805,positive
14806,positive
14807,positive
14808,positive
14809,positive
14810,positive
14811,positive
14812,positive
14813,positive
14814,positive
14815,positive
14816,positive
14817,positive
14818,positive
14819,positive
14820,positive
14821,positive
14822,positive
14823,positive
14824,positive
14825,positive
14826,positive
14827,positive
14828,positive
14829,positive
14830,positive
14831,positive
14832,positive
14833,positive
14834,positive
14835,positive
14836,positive
14837,positive
14838,positive
14839,positive
14840,positive
14841,positive
14842,positive
14843,positive
14844,positive
14845,positive
14846,positive
14847,positive
14848,positive
14849,positive
14850,positive
14851,positive
14852,positive
14853,positive
14854,positive
14855,positive
14856,positive
14857,positive
14858,positive
14859,positive
14860,positive
14861,positive
14862,positive
14863,positive
14864,positive
14865,positive
14866,positive
14867,positive
14868,positive
14869,positive
14870,positive
14871,positive
14872,positive
14873,positive
14874,positive
14875,positive
14876,positive
14877,positive
14878,positive
14879,positive
14880,positive
14881,positive
14882,positive
14883,positive
14884,positive
14885,positive
14886,positive
14887,positive
14888,positive
14889,positive
14890,positive
14891,positive
14892,positive
14893,positive
14894,positive
14895,positive
14896,positive
14897,positive
14898,positive
14899,positive
14900,positive
14901,positive
14902,positive
14903,positive
14904,positive
14905,positive
14906,positive
14907,positive
14908,positive
14909,positive
14910,positive
14911,positive
14912,positive
14913,positive
14914,positive
14915,positive
14916,positive
14917,positive
14918,positive
14919,positive
14920,positive
14921,positive
14922,positive
14923,positive
14924,positive
14925,positive
14926,positive
14927,positive
14928,positive
14929,positive
14930,positive
14931,positive
14932,positive
14933,positive
14934,positive
14935,positive
14936,positive
14937,positive
14938,positive
14939,positive
14940,positive
14941,positive
14942,positive
14943,positive
14944,positive
14945,positive
14946,positive
14947,positive
14948,positive
14949,positive
14950,positive
14951,positive
14952,positive
14953,positive
14954,positive
14955,positive
14956,positive
14957,positive
14958,positive
14959,positive
14960,positive
14961,positive
14962,positive
14963,positive
14964,positive
14965,positive
14966,positive
14967,positive
14968,positive
14969,positive
14970,positive
14971,positive
14972,positive
14973,positive
14974,positive
14975,positive
14976,positive
14977,positive
14978,positive
14979,positive
14980,positive
14981,positive
14982,positive
14983,positive
14984,positive
14985,positive
14986,positive
14987,positive
14988,positive
14989,positive
14990,positive
14991,positive
14992,positive
14993,positive
14994,positive
14995,positive
14996,positive
14997,positive
14998,positive
14999,positive
15000,positive
15001,positive
15002,positive
15003,positive
15004,positive
15005,positive
15006,positive
15007,positive
15008,positive
15009,positive
15010,positive
15011,positive
15012,positive
15013,positive
15014,positive
15015,positive
15016,positive
15017,positive
15018,positive
15019,positive
15020,positive
15021,positive
15022,positive
15023,positive
15024,positive
15025,positive
15026,positive
15027,positive
15028,positive
15029,positive
15030,positive
15031,positive
15032,positive
15033,positive
15034,positive
15035,positive
15036,positive
15037,positive
15038,positive
15039,positive
15040,positive
15041,positive
15042,positive
15043,positive
15044,positive
15045,positive
15046,positive
15047,positive
15048,positive
15049,positive
15050,positive
15051,positive
15052,positive
15053,positive
15054,positive
15055,positive
15056,positive
15057,positive
15058,positive
15059,positive
15060,positive
15061,positive
15062,positive
15063,positive
15064,positive
15065,positive
15066,positive
15067,positive
15068,positive
15069,positive
15070,positive
15071,positive
15072,positive
15073,positive
15074,positive
15075,positive
15076,positive
15077,positive
15078,positive
15079,positive
15080,positive
15081,positive
15082,positive
15083,positive
15084,positive
15085,positive
15086,positive
15087,positive
15088,positive
15089,positive
15090,positive
15091,positive
15092,positive
15093,positive
15094,positive
15095,positive
15096,positive
15097,positive
15098,positive
15099,positive
15100,positive
15101,positive
15102,positive
15103,positive
15104,positive
15105,positive
15106,positive
15107,positive
15108,positive
15109,positive
15110,positive
15111,positive
15112,positive
15113,positive
15114,positive
15115,positive
15116,positive
15117,positive
15118,positive
15119,positive
15120,positive
15121,positive
15122,positive
15123,positive
15124,positive
15125,positive
15126,positive
15127,positive
15128,positive
15129,positive
15130,positive
15131,positive
15132,positive
15133,positive
15134,positive
15135,positive
15136,positive
15137,positive
15138,positive
15139,positive
15140,positive
15141,positive
15142,positive
15143,positive
15144,positive
15145,positive
15146,positive
15147,positive
15148,positive
15149,positive
15150,positive
15151,positive
15152,positive
15153,positive
15154,positive
15155,positive
15156,positive
15157,positive
15158,positive
15159,positive
15160,positive
15161,positive
15162,positive
15163,positive
15164,positive
15165,positive
15166,positive
15167,positive
15168,positive
15169,positive
15170,positive
15171,positive
15172,positive
15173,positive
15174,positive
15175,positive
15176,positive
15177,positive
15178,positive
15179,positive
15180,positive
15181,positive
15182,positive
15183,positive
15184,positive
15185,positive
15186,positive
15187,positive
15188,positive
15189,positive
15190,positive
15191,positive
15192,positive
15193,positive
15194,positive
15195,positive
15196,positive
15197,positive
15198,positive
15199,positive
15200,positive
15201,positive
15202,positive
15203,positive
15204,positive
15205,positive
15206,positive
15207,positive
15208,positive
15209,positive
15210,positive
15211,positive
15212,positive
15213,positive
15214,positive
15215,positive
15216,positive
15217,positive
15218,positive
15219,positive
15220,positive
15221,positive
15222,positive
15223,positive
15224,positive
15225,positive
15226,positive
15227,positive
15228,positive
15229,positive
15230,positive
15231,positive
15232,positive
15233,positive
15234,positive
15235,positive
15236,positive
15237,positive
15238,positive
15239,positive
15240,positive
15241,positive
15242,positive
15243,positive
15244,positive
15245,positive
15246,positive
15247,positive
15248,positive
15249,positive
15250,positive
15251,positive
15252,positive
15253,positive
15254,positive
15255,positive
15256,positive
15257,positive
15258,positive
15259,positive
15260,positive
15261,positive
15262,positive
15263,positive
15264,positive
15265,positive
15266,positive
15267,positive
15268,positive
15269,positive
15270,positive
15271,positive
15272,positive
15273,positive
15274,positive
15275,positive
15276,positive
15277,positive
15278,positive
15279,positive
15280,positive
15281,positive
15282,positive
15283,positive
15284,positive
15285,positive
15286,positive
15287,positive
15288,positive
15289,positive
15290,positive
15291,positive
15292,positive
15293,positive
15294,positive
15295,positive
15296,positive
15297,positive
15298,positive
15299,positive
15300,positive
15301,positive
15302,positive
15303,positive
15304,positive
15305,positive
15306,positive
15307,positive
15308,positive
15309,positive
15310,positive
15311,positive
15312,positive
15313,positive
15314,positive
15315,positive
15316,positive
15317,positive
15318,positive
15319,positive
15320,positive
15321,positive
15322,positive
15323,positive
15324,positive
15325,positive
15326,positive
15327,positive
15328,positive
15329,positive
15330,positive
15331,positive
15332,positive
15333,positive
15334,positive
15335,positive
15336,positive
15337,positive
15338,positive
15339,positive
15340,positive
15341,positive
15342,positive
15343,positive
15344,positive
15345,positive
15346,positive
15347,positive
15348,positive
15349,positive
15350,positive
15351,positive
15352,positive
15353,positive
15354,positive
15355,positive
15356,positive
15357,positive
15358,positive
15359,positive
15360,positive
15361,positive
15362,positive
15363,positive
15364,positive
15365,positive
15366,positive
15367,positive
15368,positive
15369,positive
15370,positive
15371,positive
15372,positive
15373,positive
15374,positive
15375,positive
15376,positive
15377,positive
15378,positive
15379,positive
15380,positive
15381,positive
15382,positive
15383,positive
15384,positive
15385,positive
15386,positive
15387,positive
15388,positive
15389,positive
15390,positive
15391,positive
15392,positive
15393,positive
15394,positive
15395,positive
15396,positive
15397,positive
15398,positive
15399,positive
15400,positive
15401,positive
15402,positive
15403,positive
15404,positive
15405,positive
15406,positive
15407,positive
15408,positive
15409,positive
15410,positive
15411,positive
15412,positive
15413,positive
15414,positive
15415,positive
15416,positive
15417,positive
15418,positive
15419,positive
15420,positive
15421,positive
15422,positive
15423,positive
15424,positive
15425,positive
15426,positive
15427,positive
15428,positive
15429,positive
15430,positive
15431,positive
15432,positive
15433,positive
15434,positive
15435,positive
15436,positive
15437,positive
15438,positive
15439,positive
15440,positive
15441,positive
15442,positive
15443,positive
15444,positive
15445,positive
15446,positive
15447,positive
15448,positive
15449,positive
15450,positive
15451,positive
15452,positive
15453,positive
15454,positive
15455,positive
15456,positive
15457,positive
15458,positive
15459,positive
15460,positive
15461,positive
15462,positive
15463,positive
15464,positive
15465,positive
15466,positive
15467,positive
15468,positive
15469,positive
15470,positive
15471,positive
15472,positive
15473,positive
15474,positive
15475,positive
15476,positive
15477,positive
15478,positive
15479,positive
15480,positive
15481,positive
15482,positive
15483,positive
15484,positive
15485,positive
15486,positive
15487,positive
15488,positive
15489,positive
15490,positive
15491,positive
15492,positive
15493,positive
15494,positive
15495,positive
15496,positive
15497,positive
15498,positive
15499,positive
15500,positive
15501,positive
15502,positive
15503,positive
15504,positive
15505,positive
15506,positive
15507,positive
15508,positive
15509,positive
15510,positive
15511,positive
15512,positive
15513,positive
15514,positive
15515,positive
15516,positive
15517,positive
15518,positive
15519,positive
15520,positive
15521,positive
15522,positive
15523,positive
15524,positive
15525,positive
15526,positive
15527,positive
15528,positive
15529,positive
15530,positive
15531,positive
15532,positive
15533,positive
15534,positive
15535,positive
15536,positive
15537,positive
15538,positive
15539,positive
15540,positive
15541,positive
15542,positive
15543,positive
15544,positive
15545,positive
15546,positive
15547,positive
15548,positive
15549,positive
15550,positive
15551,positive
15552,positive
15553,positive
15554,positive
15555,positive
15556,positive
15557,positive
15558,positive
15559,positive
15560,positive
15561,positive
15562,positive
15563,positive
15564,positive
15565,positive
15566,positive
15567,positive
15568,positive
15569,positive
15570,positive
15571,positive
15572,positive
15573,positive
15574,positive
15575,positive
15576,positive
15577,positive
15578,positive
15579,positive
15580,positive
15581,positive
15582,positive
15583,positive
15584,positive
15585,positive
15586,positive
15587,positive
15588,positive
15589,positive
15590,positive
15591,positive
15592,positive
15593,positive
15594,positive
15595,positive
15596,positive
15597,positive
15598,positive
15599,positive
15600,positive
15601,positive
15602,positive
15603,positive
15604,positive
15605,positive
15606,positive
15607,positive
15608,positive
15609,positive
15610,positive
15611,positive
15612,positive
15613,positive
15614,positive
15615,positive
15616,positive
15617,positive
15618,positive
15619,positive
15620,positive
15621,positive
15622,positive
15623,positive
15624,positive
15625,positive
15626,positive
15627,positive
15628,positive
15629,positive
15630,positive
15631,positive
15632,positive
15633,positive
15634,positive
15635,positive
15636,positive
15637,positive
15638,positive
15639,positive
15640,positive
15641,positive
15642,positive
15643,positive
15644,positive
15645,positive
15646,positive
15647,positive
15648,positive
15649,positive
15650,positive
15651,positive
15652,positive
15653,positive
15654,positive
15655,positive
15656,positive
15657,positive
15658,positive
15659,positive
15660,positive
15661,positive
15662,positive
15663,positive
15664,positive
15665,positive
15666,positive
15667,positive
15668,positive
15669,positive
15670,positive
15671,positive
15672,positive
15673,positive
15674,positive
15675,positive
15676,positive
15677,positive
15678,positive
15679,positive
15680,positive
15681,positive
15682,positive
15683,positive
15684,positive
15685,positive
15686,positive
15687,positive
15688,positive
15689,positive
15690,positive
15691,positive
15692,positive
15693,positive
15694,positive
15695,positive
15696,positive
15697,positive
15698,positive
15699,positive
15700,positive
15701,positive
15702,positive
15703,positive
15704,positive
15705,positive
15706,positive
15707,positive
15708,positive
15709,positive
15710,positive
15711,positive
15712,positive
15713,positive
15714,positive
15715,positive
15716,positive
15717,positive
15718,positive
15719,positive
15720,positive
15721,positive
15722,positive
15723,positive
15724,positive
15725,positive
15726,positive
15727,positive
15728,positive
15729,positive
15730,positive
15731,positive
15732,positive
15733,positive
15734,positive
15735,positive
15736,positive
15737,positive
15738,positive
15739,positive
15740,positive
15741,positive
15742,positive
15743,positive
15744,positive
15745,positive
15746,positive
15747,positive
15748,positive
15749,positive
15750,positive
15751,positive
15752,positive
15753,positive
15754,positive
15755,positive
15756,positive
15757,positive
15758,positive
15759,positive
15760,positive
15761,positive
15762,positive
15763,positive
15764,positive
15765,positive
15766,positive
15767,positive
15768,positive
15769,positive
15770,positive
15771,positive
15772,positive
15773,positive
15774,positive
15775,positive
15776,positive
15777,positive
15778,positive
15779,positive
15780,positive
15781,positive
15782,positive
15783,positive
15784,positive
15785,positive
15786,positive
15787,positive
15788,positive
15789,positive
15790,positive
15791,positive
15792,positive
15793,positive
15794,positive
15795,positive
15796,positive
15797,positive
15798,positive
15799,positive
15800,positive
15801,positive
15802,positive
15803,positive
15804,positive
15805,positive
15806,positive
15807,positive
15808,positive
15809,positive
15810,positive
15811,positive
15812,positive
15813,positive
15814,positive
15815,positive
15816,positive
15817,positive
15818,positive
15819,positive
15820,positive
15821,positive
15822,positive
15823,positive
15824,positive
15825,positive
15826,positive
15827,positive
15828,positive
15829,positive
15830,positive
15831,positive
15832,positive
15833,positive
15834,positive
15835,positive
15836,positive
15837,positive
15838,positive
15839,positive
15840,positive
15841,positive
15842,positive
15843,positive
15844,positive
15845,positive
15846,positive
15847,positive
15848,positive
15849,positive
15850,positive
15851,positive
15852,positive
15853,positive
15854,positive
15855,positive
15856,positive
15857,positive
15858,positive
15859,positive
15860,positive
15861,positive
15862,positive
15863,positive
15864,positive
15865,positive
15866,positive
15867,positive
15868,positive
15869,positive
15870,positive
15871,positive
15872,positive
15873,positive
15874,positive
15875,positive
15876,positive
15877,positive
15878,positive
15879,positive
15880,positive
15881,positive
15882,positive
15883,positive
15884,positive
15885,positive
15886,positive
15887,positive
15888,positive
15889,positive
15890,positive
15891,positive
15892,positive
15893,positive
15894,positive
15895,positive
15896,positive
15897,positive
15898,positive
15899,positive
15900,positive
15901,positive
15902,positive
15903,positive
15904,positive
15905,positive
15906,positive
15907,positive
15908,positive
15909,positive
15910,positive
15911,positive
15912,positive
15913,positive
15914,positive
15915,positive
15916,positive
15917,positive
15918,positive
15919,positive
15920,positive
15921,positive
15922,positive
15923,positive
15924,positive
15925,positive
15926,positive
15927,positive
15928,positive
15929,positive
15930,positive
15931,positive
15932,positive
15933,positive
15934,positive
15935,positive
15936,positive
15937,positive
15938,positive
15939,positive
15940,positive
15941,positive
15942,positive
15943,positive
15944,positive
15945,positive
15946,positive
15947,positive
15948,positive
15949,positive
15950,positive
15951,positive
15952,positive
15953,positive
15954,positive
15955,positive
15956,positive
15957,positive
15958,positive
15959,positive
15960,positive
15961,positive
15962,positive
15963,positive
15964,positive
15965,positive
15966,positive
15967,positive
15968,positive
15969,positive
15970,positive
15971,positive
15972,positive
15973,positive
15974,positive
15975,positive
15976,positive
15977,positive
15978,positive
15979,positive
15980,positive
15981,positive
15982,positive
15983,positive
15984,positive
15985,positive
15986,positive
15987,positive
15988,positive
15989,positive
15990,positive
15991,positive
15992,positive
15993,positive
15994,positive
15995,positive
15996,positive
15997,positive
15998,positive
15999,positive
16000,positive
16001,positive
16002,positive
16003,positive
16004,positive
16005,positive
16006,positive
16007,positive
16008,positive
16009,positive
16010,positive
16011,positive
16012,positive
16013,positive
16014,positive
16015,positive
16016,positive
16017,positive
16018,positive
16019,positive
16020,positive
16021,positive
16022,positive
16023,positive
16024,positive
16025,positive
16026,positive
16027,positive
16028,positive
16029,positive
16030,positive
16031,positive
16032,positive
16033,positive
16034,positive
16035,positive
16036,positive
16037,positive
16038,positive
16039,positive
16040,positive
16041,positive
16042,positive
16043,positive
16044,positive
16045,positive
16046,positive
16047,positive
16048,positive
16049,positive
16050,positive
16051,positive
16052,positive
16053,positive
16054,positive
16055,positive
16056,positive
16057,positive
16058,positive
16059,positive
16060,positive
16061,positive
16062,positive
16063,positive
16064,positive
16065,positive
16066,positive
16067,positive
16068,positive
16069,positive
16070,positive
16071,positive
16072,positive
16073,positive
16074,positive
16075,positive
16076,positive
16077,positive
16078,positive
16079,positive
16080,positive
16081,positive
16082,positive
16083,positive
16084,positive
16085,positive
16086,positive
16087,positive
16088,positive
16089,positive
16090,positive
16091,positive
16092,positive
16093,positive
16094,positive
16095,positive
16096,positive
16097,positive
16098,positive
16099,positive
16100,positive
16101,positive
16102,positive
16103,positive
16104,positive
16105,positive
16106,positive
16107,positive
16108,positive
16109,positive
16110,positive
16111,positive
16112,positive
16113,positive
16114,positive
16115,positive
16116,positive
16117,positive
16118,positive
16119,positive
16120,positive
16121,positive
16122,positive
16123,positive
16124,positive
16125,positive
16126,positive
16127,positive
16128,positive
16129,positive
16130,positive
16131,positive
16132,positive
16133,positive
16134,positive
16135,positive
16136,positive
16137,positive
16138,positive
16139,positive
16140,positive
16141,positive
16142,positive
16143,positive
16144,positive
16145,positive
16146,positive
16147,positive
16148,positive
16149,positive
16150,positive
16151,positive
16152,positive
16153,positive
16154,positive
16155,positive
16156,positive
16157,positive
16158,positive
16159,positive
16160,positive
16161,positive
16162,positive
16163,positive
16164,positive
16165,positive
16166,positive
16167,positive
16168,positive
16169,positive
16170,positive
16171,positive
16172,positive
16173,positive
16174,positive
16175,positive
16176,positive
16177,positive
16178,positive
16179,positive
16180,positive
16181,positive
16182,positive
16183,positive
16184,positive
16185,positive
16186,positive
16187,positive
16188,positive
16189,positive
16190,positive
16191,positive
16192,positive
16193,positive
16194,positive
16195,positive
16196,positive
16197,positive
16198,positive
16199,positive
16200,positive
16201,positive
16202,positive
16203,positive
16204,positive
16205,positive
16206,positive
16207,positive
16208,positive
16209,positive
16210,positive
16211,positive
16212,positive
16213,positive
16214,positive
16215,positive
16216,positive
16217,positive
16218,positive
16219,positive
16220,positive
16221,positive
16222,positive
16223,positive
16224,positive
16225,positive
16226,positive
16227,positive
16228,positive
16229,positive
16230,positive
16231,positive
16232,positive
16233,positive
16234,positive
16235,positive
16236,positive
16237,positive
16238,positive
16239,positive
16240,positive
16241,positive
16242,positive
16243,positive
16244,positive
16245,positive
16246,positive
16247,positive
16248,positive
16249,positive
16250,positive
16251,positive
16252,positive
16253,positive
16254,positive
16255,positive
16256,positive
16257,positive
16258,positive
16259,positive
16260,positive
16261,positive
16262,positive
16263,positive
16264,positive
16265,positive
16266,positive
16267,positive
16268,positive
16269,positive
16270,positive
16271,positive
16272,positive
16273,positive
16274,positive
16275,positive
16276,positive
16277,positive
16278,positive
16279,positive
16280,positive
16281,positive
16282,positive
16283,positive
16284,positive
16285,positive
16286,positive
16287,positive
16288,positive
16289,positive
16290,positive
16291,positive
16292,positive
16293,positive
16294,positive
16295,positive
16296,positive
16297,positive
16298,positive
16299,positive
16300,positive
16301,positive
16302,positive
16303,positive
16304,positive
16305,positive
16306,positive
16307,positive
16308,positive
16309,positive
16310,positive
16311,positive
16312,positive
16313,positive
16314,positive
16315,positive
16316,positive
16317,positive
16318,positive
16319,positive
16320,positive
16321,positive
16322,positive
16323,positive
16324,positive
16325,positive
16326,positive
16327,positive
16328,positive
16329,positive
16330,positive
16331,positive
16332,positive
16333,positive
16334,positive
16335,positive
16336,positive
16337,positive
16338,positive
16339,positive
16340,positive
16341,positive
16342,positive
16343,positive
16344,positive
16345,positive
16346,positive
16347,positive
16348,positive
16349,positive
16350,positive
16351,positive
16352,positive
16353,positive
16354,positive
16355,positive
16356,positive
16357,positive
16358,positive
16359,positive
16360,positive
16361,positive
16362,positive
16363,positive
16364,positive
16365,positive
16366,positive
16367,positive
16368,positive
16369,positive
16370,positive
16371,positive
16372,positive
16373,positive
16374,positive
16375,positive
16376,positive
16377,positive
16378,positive
16379,positive
16380,positive
16381,positive
16382,positive
16383,positive
16384,positive
16385,positive
16386,positive
16387,positive
16388,positive
16389,positive
16390,positive
16391,positive
16392,positive
16393,positive
16394,positive
16395,positive
16396,positive
16397,positive
16398,positive
16399,positive
16400,positive
16401,positive
16402,positive
16403,positive
16404,positive
16405,positive
16406,positive
16407,positive
16408,positive
16409,positive
16410,positive
16411,positive
16412,positive
16413,positive
16414,positive
16415,positive
16416,positive
16417,positive
16418,positive
16419,positive
16420,positive
16421,positive
16422,positive
16423,positive
16424,positive
16425,positive
16426,positive
16427,positive
16428,positive
16429,positive
16430,positive
16431,positive
16432,positive
16433,positive
16434,positive
16435,positive
16436,positive
16437,positive
16438,positive
16439,positive
16440,positive
16441,positive
16442,positive
16443,positive
16444,positive
16445,positive
16446,positive
16447,positive
16448,positive
16449,positive
16450,positive
16451,positive
16452,positive
16453,positive
16454,positive
16455,positive
16456,positive
16457,positive
16458,positive
16459,positive
16460,positive
16461,positive
16462,positive
16463,positive
16464,positive
16465,positive
16466,positive
16467,positive
16468,positive
16469,positive
16470,positive
16471,positive
16472,positive
16473,positive
16474,positive
16475,positive
16476,positive
16477,positive
16478,positive
16479,positive
16480,positive
16481,positive
16482,positive
16483,positive
16484,positive
16485,positive
16486,positive
16487,positive
16488,positive
16489,positive
16490,positive
16491,positive
16492,positive
16493,positive
16494,positive
16495,positive
16496,positive
16497,positive
16498,positive
16499,positive
16500,positive
16501,positive
16502,positive
16503,positive
16504,positive
16505,positive
16506,positive
16507,positive
16508,positive
16509,positive
16510,positive
16511,positive
16512,positive
16513,positive
16514,positive
16515,positive
16516,positive
16517,positive
16518,positive
16519,positive
16520,positive
16521,positive
16522,positive
16523,positive
16524,positive
16525,positive
16526,positive
16527,positive
16528,positive
16529,positive
16530,positive
16531,positive
16532,positive
16533,positive
16534,positive
16535,positive
16536,positive
16537,positive
16538,positive
16539,positive
16540,positive
16541,positive
16542,positive
16543,positive
16544,positive
16545,positive
16546,positive
16547,positive
16548,positive
16549,positive
16550,positive
16551,positive
16552,positive
16553,positive
16554,positive
16555,positive
16556,positive
16557,positive
16558,positive
16559,positive
16560,positive
16561,positive
16562,positive
16563,positive
16564,positive
16565,positive
16566,positive
16567,positive
16568,positive
16569,positive
16570,positive
16571,positive
16572,positive
16573,positive
16574,positive
16575,positive
16576,positive
16577,positive
16578,positive
16579,positive
16580,positive
16581,positive
16582,positive
16583,positive
16584,positive
16585,positive
16586,positive
16587,positive
16588,positive
16589,positive
16590,positive
16591,positive
16592,positive
16593,positive
16594,positive
16595,positive
16596,positive
16597,positive
16598,positive
16599,positive
16600,positive
16601,positive
16602,positive
16603,positive
16604,positive
16605,positive
16606,positive
16607,positive
16608,positive
16609,positive
16610,positive
16611,positive
16612,positive
16613,positive
16614,positive
16615,positive
16616,positive
16617,positive
16618,positive
16619,positive
16620,positive
16621,positive
16622,positive
16623,positive
16624,positive
16625,positive
16626,positive
16627,positive
16628,positive
16629,positive
16630,positive
16631,positive
16632,positive
16633,positive
16634,positive
16635,positive
16636,positive
16637,positive
16638,positive
16639,positive
16640,positive
16641,positive
16642,positive
16643,positive
16644,positive
16645,positive
16646,positive
16647,positive
16648,positive
16649,positive
16650,positive
16651,positive
16652,positive
16653,positive
16654,positive
16655,positive
16656,positive
16657,positive
16658,positive
16659,positive
16660,positive
16661,positive
16662,positive
16663,positive
16664,positive
16665,positive
16666,positive
16667,positive
16668,positive
16669,positive
16670,positive
16671,positive
16672,positive
16673,positive
16674,positive
16675,positive
16676,positive
16677,positive
16678,positive
16679,positive
16680,positive
16681,positive
16682,positive
16683,positive
16684,positive
16685,positive
16686,positive
16687,positive
16688,positive
16689,positive
16690,positive
16691,positive
16692,positive
16693,positive
16694,positive
16695,positive
16696,positive
16697,positive
16698,positive
16699,positive
16700,positive
16701,positive
16702,positive
16703,positive
16704,positive
16705,positive
16706,positive
16707,positive
16708,positive
16709,positive
16710,positive
16711,positive
16712,positive
16713,positive
16714,positive
16715,positive
16716,positive
16717,positive
16718,positive
16719,positive
16720,positive
16721,positive
16722,positive
16723,positive
16724,positive
16725,positive
16726,positive
16727,positive
16728,positive
16729,positive
16730,positive
16731,positive
16732,positive
16733,positive
16734,positive
16735,positive
16736,positive
16737,positive
16738,positive
16739,positive
16740,positive
16741,positive
16742,positive
16743,positive
16744,positive
16745,positive
16746,positive
16747,positive
16748,positive
16749,positive
16750,positive
16751,positive
16752,positive
16753,positive
16754,positive
16755,positive
16756,positive
16757,positive
16758,positive
16759,positive
16760,positive
16761,positive
16762,positive
16763,positive
16764,positive
16765,positive
16766,positive
16767,positive
16768,positive
16769,positive
16770,positive
16771,positive
16772,positive
16773,positive
16774,positive
16775,positive
16776,positive
16777,positive
16778,positive
16779,positive
16780,positive
16781,positive
16782,positive
16783,positive
16784,positive
16785,positive
16786,positive
16787,positive
16788,positive
16789,positive
16790,positive
16791,positive
16792,positive
16793,positive
16794,positive
16795,positive
16796,positive
16797,positive
16798,positive
16799,positive
16800,positive
16801,positive
16802,positive
16803,positive
16804,positive
16805,positive
16806,positive
16807,positive
16808,positive
16809,positive
16810,positive
16811,positive
16812,positive
16813,positive
16814,positive
16815,positive
16816,positive
16817,positive
16818,positive
16819,positive
16820,positive
16821,positive
16822,positive
16823,positive
16824,positive
16825,positive
16826,positive
16827,positive
16828,positive
16829,positive
16830,positive
16831,positive
16832,positive
16833,positive
16834,positive
16835,positive
16836,positive
16837,positive
16838,positive
16839,positive
16840,positive
16841,positive
16842,positive
16843,positive
16844,positive
16845,positive
16846,positive
16847,positive
16848,positive
16849,positive
16850,positive
16851,positive
16852,positive
16853,positive
16854,positive
16855,positive
16856,positive
16857,positive
16858,positive
16859,positive
16860,positive
16861,positive
16862,positive
16863,positive
16864,positive
16865,positive
16866,positive
16867,positive
16868,positive
16869,positive
16870,positive
16871,positive
16872,positive
16873,positive
16874,positive
16875,positive
16876,positive
16877,positive
16878,positive
16879,positive
16880,positive
16881,positive
16882,positive
16883,positive
16884,positive
16885,positive
16886,positive
16887,positive
16888,positive
16889,positive
16890,positive
16891,positive
16892,positive
16893,positive
16894,positive
16895,positive
16896,positive
16897,positive
16898,positive
16899,positive
16900,positive
16901,positive
16902,positive
16903,positive
16904,positive
16905,positive
16906,positive
16907,positive
16908,positive
16909,positive
16910,positive
16911,positive
16912,positive
16913,positive
16914,positive
16915,positive
16916,positive
16917,positive
16918,positive
16919,positive
16920,positive
16921,positive
16922,positive
16923,positive
16924,positive
16925,positive
16926,positive
16927,positive
16928,positive
16929,positive
16930,positive
16931,positive
16932,positive
16933,positive
16934,positive
16935,positive
16936,positive
16937,positive
16938,positive
16939,positive
16940,positive
16941,positive
16942,positive
16943,positive
16944,positive
16945,positive
16946,positive
16947,positive
16948,positive
16949,positive
16950,positive
16951,positive
16952,positive
16953,positive
16954,positive
16955,positive
16956,positive
16957,positive
16958,positive
16959,positive
16960,positive
16961,positive
16962,positive
16963,positive
16964,positive
16965,positive
16966,positive
16967,positive
16968,positive
16969,positive
16970,positive
16971,positive
16972,positive
16973,positive
16974,positive
16975,positive
16976,positive
16977,positive
16978,positive
16979,positive
16980,positive
16981,positive
16982,positive
16983,positive
16984,positive
16985,positive
16986,positive
16987,positive
16988,positive
16989,positive
16990,positive
16991,positive
16992,positive
16993,positive
16994,positive
16995,positive
16996,positive
16997,positive
16998,positive
16999,positive
17000,positive
17001,positive
17002,positive
17003,positive
17004,positive
17005,positive
17006,positive
17007,positive
17008,positive
17009,positive
17010,positive
17011,positive
17012,positive
17013,positive
17014,positive
17015,positive
17016,positive
17017,positive
17018,positive
17019,positive
17020,positive
17021,positive
17022,positive
17023,positive
17024,positive
17025,positive
17026,positive
17027,positive
17028,positive
17029,positive
17030,positive
17031,positive
17032,positive
17033,positive
17034,positive
17035,positive
17036,positive
17037,positive
17038,positive
17039,positive
17040,positive
17041,positive
17042,positive
17043,positive
17044,positive
17045,positive
17046,positive
17047,positive
17048,positive
17049,positive
17050,positive
17051,positive
17052,positive
17053,positive
17054,positive
17055,positive
17056,positive
17057,positive
17058,positive
17059,positive
17060,positive
17061,positive
17062,positive
17063,positive
17064,positive
17065,positive
17066,positive
17067,positive
17068,positive
17069,positive
17070,positive
17071,positive
17072,positive
17073,positive
17074,positive
17075,positive
17076,positive
17077,positive
17078,positive
17079,positive
17080,positive
17081,positive
17082,positive
17083,positive
17084,positive
17085,positive
17086,positive
17087,positive
17088,positive
17089,positive
17090,positive
17091,positive
17092,positive
17093,positive
17094,positive
17095,positive
17096,positive
17097,positive
17098,positive
17099,positive
17100,positive
17101,positive
17102,positive
17103,positive
17104,positive
17105,positive
17106,positive
17107,positive
17108,positive
17109,positive
17110,positive
17111,positive
17112,positive
17113,positive
17114,positive
17115,positive
17116,positive
17117,positive
17118,positive
17119,positive
17120,positive
17121,positive
17122,positive
17123,positive
17124,positive
17125,positive
17126,positive
17127,positive
17128,positive
17129,positive
17130,positive
17131,positive
17132,positive
17133,positive
17134,positive
17135,positive
17136,positive
17137,positive
17138,positive
17139,positive
17140,positive
17141,positive
17142,positive
17143,positive
17144,positive
17145,positive
17146,positive
17147,positive
17148,positive
17149,positive
17150,positive
17151,positive
17152,positive
17153,positive
17154,positive
17155,positive
17156,positive
17157,positive
17158,positive
17159,positive
17160,positive
17161,positive
17162,positive
17163,positive
17164,positive
17165,positive
17166,positive
17167,positive
17168,positive
17169,positive
17170,positive
17171,positive
17172,positive
17173,positive
17174,positive
17175,positive
17176,positive
17177,positive
17178,positive
17179,positive
17180,positive
17181,positive
17182,positive
17183,positive
17184,positive
17185,positive
17186,positive
17187,positive
17188,positive
17189,positive
17190,positive
17191,positive
17192,positive
17193,positive
17194,positive
17195,positive
17196,positive
17197,positive
17198,positive
17199,positive
17200,positive
17201,positive
17202,positive
17203,positive
17204,positive
17205,positive
17206,positive
17207,positive
17208,positive
17209,positive
17210,positive
17211,positive
17212,positive
17213,positive
17214,positive
17215,positive
17216,positive
17217,positive
17218,positive
17219,positive
17220,positive
17221,positive
17222,positive
17223,positive
17224,positive
17225,positive
17226,positive
17227,positive
17228,positive
17229,positive
17230,positive
17231,positive
17232,positive
17233,positive
17234,positive
17235,positive
17236,positive
17237,positive
17238,positive
17239,positive
17240,positive
17241,positive
17242,positive
17243,positive
17244,positive
17245,positive
17246,positive
17247,positive
17248,positive
17249,positive
17250,positive
17251,positive
17252,positive
17253,positive
17254,positive
17255,positive
17256,positive
17257,positive
17258,positive
17259,positive
17260,positive
17261,positive
17262,positive
17263,positive
17264,positive
17265,positive
17266,positive
17267,positive
17268,positive
17269,positive
17270,positive
17271,positive
17272,positive
17273,positive
17274,positive
17275,positive
17276,positive
17277,positive
17278,positive
17279,positive
17280,positive
17281,positive
17282,positive
17283,positive
17284,positive
17285,positive
17286,positive
17287,positive
17288,positive
17289,positive
17290,positive
17291,positive
17292,positive
17293,positive
17294,positive
17295,positive
17296,positive
17297,positive
17298,positive
17299,positive
17300,positive
17301,positive
17302,positive
17303,positive
17304,positive
17305,positive
17306,positive
17307,positive
17308,positive
17309,positive
17310,positive
17311,positive
17312,positive
17313,positive
17314,positive
17315,positive
17316,positive
17317,positive
17318,positive
17319,positive
17320,positive
17321,positive
17322,positive
17323,positive
17324,positive
17325,positive
17326,positive
17327,positive
17328,positive
17329,positive
17330,positive
17331,positive
17332,positive
17333,positive
17334,positive
17335,positive
17336,positive
17337,positive
17338,positive
17339,positive
17340,positive
17341,positive
17342,positive
17343,positive
17344,positive
17345,positive
17346,positive
17347,positive
17348,positive
17349,positive
17350,positive
17351,positive
17352,positive
17353,positive
17354,positive
17355,positive
17356,positive
17357,positive
17358,positive
17359,positive
17360,positive
17361,positive
17362,positive
17363,positive
17364,positive
17365,positive
17366,positive
17367,positive
17368,positive
17369,positive
17370,positive
17371,positive
17372,positive
17373,positive
17374,positive
17375,positive
17376,positive
17377,positive
17378,positive
17379,positive
17380,positive
17381,positive
17382,positive
17383,positive
17384,positive
17385,positive
17386,positive
17387,positive
17388,positive
17389,positive
17390,positive
17391,positive
17392,positive
17393,positive
17394,positive
17395,positive
17396,positive
17397,positive
17398,positive
17399,positive
17400,positive
17401,positive
17402,positive
17403,positive
17404,positive
17405,positive
17406,positive
17407,positive
17408,positive
17409,positive
17410,positive
17411,positive
17412,positive
17413,positive
17414,positive
17415,positive
17416,positive
17417,positive
17418,positive
17419,positive
17420,positive
17421,positive
17422,positive
17423,positive
17424,positive
17425,positive
17426,positive
17427,positive
17428,positive
17429,positive
17430,positive
17431,positive
17432,positive
17433,positive
17434,positive
17435,positive
17436,positive
17437,positive
17438,positive
17439,positive
17440,positive
17441,positive
17442,positive
17443,positive
17444,positive
17445,positive
17446,positive
17447,positive
17448,positive
17449,positive
17450,positive
17451,positive
17452,positive
17453,positive
17454,positive
17455,positive
17456,positive
17457,positive
17458,positive
17459,positive
17460,positive
17461,positive
17462,positive
17463,positive
17464,positive
17465,positive
17466,positive
17467,positive
17468,positive
17469,positive
17470,positive
17471,positive
17472,positive
17473,positive
17474,positive
17475,positive
17476,positive
17477,positive
17478,positive
17479,positive
17480,positive
17481,positive
17482,positive
17483,positive
17484,positive
17485,positive
17486,positive
17487,positive
17488,positive
17489,positive
17490,positive
17491,positive
17492,positive
17493,positive
17494,positive
17495,positive
17496,positive
17497,positive
17498,positive
17499,positive
17500,positive
17501,positive
17502,positive
17503,positive
17504,positive
17505,positive
17506,positive
17507,positive
17508,positive
17509,positive
17510,positive
17511,positive
17512,positive
17513,positive
17514,positive
17515,positive
17516,positive
17517,positive
17518,positive
17519,positive
17520,positive
17521,positive
17522,positive
17523,positive
17524,positive
17525,positive
17526,positive
17527,positive
17528,positive
17529,positive
17530,positive
17531,positive
17532,positive
17533,positive
17534,positive
17535,positive
17536,positive
17537,positive
17538,positive
17539,positive
17540,positive
17541,positive
17542,positive
17543,positive
17544,positive
17545,positive
17546,positive
17547,positive
17548,positive
17549,positive
17550,positive
17551,positive
17552,positive
17553,positive
17554,positive
17555,positive
17556,positive
17557,positive
17558,positive
17559,positive
17560,positive
17561,positive
17562,positive
17563,positive
17564,positive
17565,positive
17566,positive
17567,positive
17568,positive
17569,positive
17570,positive
17571,positive
17572,positive
17573,positive
17574,positive
17575,positive
17576,positive
17577,positive
17578,positive
17579,positive
17580,positive
17581,positive
17582,positive
17583,positive
17584,positive
17585,positive
17586,positive
17587,positive
17588,positive
17589,positive
17590,positive
17591,positive
17592,positive
17593,positive
17594,positive
17595,positive
17596,positive
17597,positive
17598,positive
17599,positive
17600,positive
17601,positive
17602,positive
17603,positive
17604,positive
17605,positive
17606,positive
17607,positive
17608,positive
17609,positive
17610,positive
17611,positive
17612,positive
17613,positive
17614,positive
17615,positive
17616,positive
17617,positive
17618,positive
17619,positive
17620,positive
17621,positive
17622,positive
17623,positive
17624,positive
17625,positive
17626,positive
17627,positive
17628,positive
17629,positive
17630,positive
17631,positive
17632,positive
17633,positive
17634,positive
17635,positive
17636,positive
17637,positive
17638,positive
17639,positive
17640,positive
17641,positive
17642,positive
17643,positive
17644,positive
17645,positive
17646,positive
17647,positive
17648,positive
17649,positive
17650,positive
17651,positive
17652,positive
17653,positive
17654,positive
17655,positive
17656,positive
17657,positive
17658,positive
17659,positive
17660,positive
17661,positive
17662,positive
17663,positive
17664,positive
17665,positive
17666,positive
17667,positive
17668,positive
17669,positive
17670,positive
17671,positive
17672,positive
17673,positive
17674,positive
17675,positive
17676,positive
17677,positive
17678,positive
17679,positive
17680,positive
17681,positive
17682,positive
17683,positive
17684,positive
17685,positive
17686,positive
17687,positive
17688,positive
17689,positive
17690,positive
17691,positive
17692,positive
17693,positive
17694,positive
17695,positive
17696,positive
17697,positive
17698,positive
17699,positive
17700,positive
17701,positive
17702,positive
17703,positive
17704,positive
17705,positive
17706,positive
17707,positive
17708,positive
17709,positive
17710,positive
17711,positive
17712,positive
17713,positive
17714,positive
17715,positive
17716,positive
17717,positive
17718,positive
17719,positive
17720,positive
17721,positive
17722,positive
17723,positive
17724,positive
17725,positive
17726,positive
17727,positive
17728,positive
17729,positive
17730,positive
17731,positive
17732,positive
17733,positive
17734,positive
17735,positive
17736,positive
17737,positive
17738,positive
17739,positive
17740,positive
17741,positive
17742,positive
17743,positive
17744,positive
17745,positive
17746,positive
17747,positive
17748,positive
17749,positive
17750,positive
17751,positive
17752,positive
17753,positive
17754,positive
17755,positive
17756,positive
17757,positive
17758,positive
17759,positive
17760,positive
17761,positive
17762,positive
17763,positive
17764,positive
17765,positive
17766,positive
17767,positive
17768,positive
17769,positive
17770,positive
17771,positive
17772,positive
17773,positive
17774,positive
17775,positive
17776,positive
17777,positive
17778,positive
17779,positive
17780,positive
17781,positive
17782,positive
17783,positive
17784,positive
17785,positive
17786,positive
17787,positive
17788,positive
17789,positive
17790,positive
17791,positive
17792,positive
17793,positive
17794,positive
17795,positive
17796,positive
17797,positive
17798,positive
17799,positive
17800,positive
17801,positive
17802,positive
17803,positive
17804,positive
17805,positive
17806,positive
17807,positive
17808,positive
17809,positive
17810,positive
17811,positive
17812,positive
17813,positive
17814,positive
17815,positive
17816,positive
17817,positive
17818,positive
17819,positive
17820,positive
17821,positive
17822,positive
17823,positive
17824,positive
17825,positive
17826,positive
17827,positive
17828,positive
17829,positive
17830,positive
17831,positive
17832,positive
17833,positive
17834,positive
17835,positive
17836,positive
17837,positive
17838,positive
17839,positive
17840,positive
17841,positive
17842,positive
17843,positive
17844,positive
17845,positive
17846,positive
17847,positive
17848,positive
17849,positive
17850,positive
17851,positive
17852,positive
17853,positive
17854,positive
17855,positive
17856,positive
17857,positive
17858,positive
17859,positive
17860,positive
17861,positive
17862,positive
17863,positive
17864,positive
17865,positive
17866,positive
17867,positive
17868,positive
17869,positive
17870,positive
17871,positive
17872,positive
17873,positive
17874,positive
17875,positive
17876,positive
17877,positive
17878,positive
17879,positive
17880,positive
17881,positive
17882,positive
17883,positive
17884,positive
17885,positive
17886,positive
17887,positive
17888,positive
17889,positive
17890,positive
17891,positive
17892,positive
17893,positive
17894,positive
17895,positive
17896,positive
17897,positive
17898,positive
17899,positive
17900,positive
17901,positive
17902,positive
17903,positive
17904,positive
17905,positive
17906,positive
17907,positive
17908,positive
17909,positive
17910,positive
17911,positive
17912,positive
17913,positive
17914,positive
17915,positive
17916,positive
17917,positive
17918,positive
17919,positive
17920,positive
17921,positive
17922,positive
17923,positive
17924,positive
17925,positive
17926,positive
17927,positive
17928,positive
17929,positive
17930,positive
17931,positive
17932,positive
17933,positive
17934,positive
17935,positive
17936,positive
17937,positive
17938,positive
17939,positive
17940,positive
17941,positive
17942,positive
17943,positive
17944,positive
17945,positive
17946,positive
17947,positive
17948,positive
17949,positive
17950,positive
17951,positive
17952,positive
17953,positive
17954,positive
17955,positive
17956,positive
17957,positive
17958,positive
17959,positive
17960,positive
17961,positive
17962,positive
17963,positive
17964,positive
17965,positive
17966,positive
17967,positive
17968,positive
17969,positive
17970,positive
17971,positive
17972,positive
17973,positive
17974,positive
17975,positive
17976,positive
17977,positive
17978,positive
17979,positive
17980,positive
17981,positive
17982,positive
17983,positive
17984,positive
17985,positive
17986,positive
17987,positive
17988,positive
17989,positive
17990,positive
17991,positive
17992,positive
17993,positive
17994,positive
17995,positive
17996,positive
17997,positive
17998,positive
17999,positive
18000,positive
18001,positive
18002,positive
18003,positive
18004,positive
18005,positive
18006,positive
18007,positive
18008,positive
18009,positive
18010,positive
18011,positive
18012,positive
18013,positive
18014,positive
18015,positive
18016,positive
18017,positive
18018,positive
18019,positive
18020,positive
18021,positive
18022,positive
18023,positive
18024,positive
18025,positive
18026,positive
18027,positive
18028,positive
18029,positive
18030,positive
18031,positive
18032,positive
18033,positive
18034,positive
18035,positive
18036,positive
18037,positive
18038,positive
18039,positive
18040,positive
18041,positive
18042,positive
18043,positive
18044,positive
18045,positive
18046,positive
18047,positive
18048,positive
18049,positive
18050,positive
18051,positive
18052,positive
18053,positive
18054,positive
18055,positive
18056,positive
18057,positive
18058,positive
18059,positive
18060,positive
18061,positive
18062,positive
18063,positive
18064,positive
18065,positive
18066,positive
18067,positive
18068,positive
18069,positive
18070,positive
18071,positive
18072,positive
18073,positive
18074,positive
18075,positive
18076,positive
18077,positive
18078,positive
18079,positive
18080,positive
18081,positive
18082,positive
18083,positive
18084,positive
18085,positive
18086,positive
18087,positive
18088,positive
18089,positive
18090,positive
18091,positive
18092,positive
18093,positive
18094,positive
18095,positive
18096,positive
18097,positive
18098,positive
18099,positive
18100,positive
18101,positive
18102,positive
18103,positive
18104,positive
18105,positive
18106,positive
18107,positive
18108,positive
18109,positive
18110,positive
18111,positive
18112,positive
18113,positive
18114,positive
18115,positive
18116,positive
18117,positive
18118,positive
18119,positive
18120,positive
18121,positive
18122,positive
18123,positive
18124,positive
18125,positive
18126,positive
18127,positive
18128,positive
18129,positive
18130,positive
18131,positive
18132,positive
18133,positive
18134,positive
18135,positive
18136,positive
18137,positive
18138,positive
18139,positive
18140,positive
18141,positive
18142,positive
18143,positive
18144,positive
18145,positive
18146,positive
18147,positive
18148,positive
18149,positive
18150,positive
18151,positive
18152,positive
18153,positive
18154,positive
18155,positive
18156,positive
18157,positive
18158,positive
18159,positive
18160,positive
18161,positive
18162,positive
18163,positive
18164,positive
18165,positive
18166,positive
18167,positive
18168,positive
18169,positive
18170,positive
18171,positive
18172,positive
18173,positive
18174,positive
18175,positive
18176,positive
18177,positive
18178,positive
18179,positive
18180,positive
18181,positive
18182,positive
18183,positive
18184,positive
18185,positive
18186,positive
18187,positive
18188,positive
18189,positive
18190,positive
18191,positive
18192,positive
18193,positive
18194,positive
18195,positive
18196,positive
18197,positive
18198,positive
18199,positive
18200,positive
18201,positive
18202,positive
18203,positive
18204,positive
18205,positive
18206,positive
18207,positive
18208,positive
18209,positive
18210,positive
18211,positive
18212,positive
18213,positive
18214,positive
18215,positive
18216,positive
18217,positive
18218,positive
18219,positive
18220,positive
18221,positive
18222,positive
18223,positive
18224,positive
18225,positive
18226,positive
18227,positive
18228,positive
18229,positive
18230,positive
18231,positive
18232,positive
18233,positive
18234,positive
18235,positive
18236,positive
18237,positive
18238,positive
18239,positive
18240,positive
18241,positive
18242,positive
18243,positive
18244,positive
18245,positive
18246,positive
18247,positive
18248,positive
18249,positive
18250,positive
18251,positive
18252,positive
18253,positive
18254,positive
18255,positive
18256,positive
18257,positive
18258,positive
18259,positive
18260,positive
18261,positive
18262,positive
18263,positive
18264,positive
18265,positive
18266,positive
18267,positive
18268,positive
18269,positive
18270,positive
18271,positive
18272,positive
18273,positive
18274,positive
18275,positive
18276,positive
18277,positive
18278,positive
18279,positive
18280,positive
18281,positive
18282,positive
18283,positive
18284,positive
18285,positive
18286,positive
18287,positive
18288,positive
18289,positive
18290,positive
18291,positive
18292,positive
18293,positive
18294,positive
18295,positive
18296,positive
18297,positive
18298,positive
18299,positive
18300,positive
18301,positive
18302,positive
18303,positive
18304,positive
18305,positive
18306,positive
18307,positive
18308,positive
18309,positive
18310,positive
18311,positive
18312,positive
18313,positive
18314,positive
18315,positive
18316,positive
18317,positive
18318,positive
18319,positive
18320,positive
18321,positive
18322,positive
18323,positive
18324,positive
18325,positive
18326,positive
18327,positive
18328,positive
18329,positive
18330,positive
18331,positive
18332,positive
18333,positive
18334,positive
18335,positive
18336,positive
18337,positive
18338,positive
18339,positive
18340,positive
18341,positive
18342,positive
18343,positive
18344,positive
18345,positive
18346,positive
18347,positive
18348,positive
18349,positive
18350,positive
18351,positive
18352,positive
18353,positive
18354,positive
18355,positive
18356,positive
18357,positive
18358,positive
18359,positive
18360,positive
18361,positive
18362,positive
18363,positive
18364,positive
18365,positive
18366,positive
18367,positive
18368,positive
18369,positive
18370,positive
18371,positive
18372,positive
18373,positive
18374,positive
18375,positive
18376,positive
18377,positive
18378,positive
18379,positive
18380,positive
18381,positive
18382,positive
18383,positive
18384,positive
18385,positive
18386,positive
18387,positive
18388,positive
18389,positive
18390,positive
18391,positive
18392,positive
18393,positive
18394,positive
18395,positive
18396,positive
18397,positive
18398,positive
18399,positive
18400,positive
18401,positive
18402,positive
18403,positive
18404,positive
18405,positive
18406,positive
18407,positive
18408,positive
18409,positive
18410,positive
18411,positive
18412,positive
18413,positive
18414,positive
18415,positive
18416,positive
18417,positive
18418,positive
18419,positive
18420,positive
18421,positive
18422,positive
18423,positive
18424,positive
18425,positive
18426,positive
18427,positive
18428,positive
18429,positive
18430,positive
18431,positive
18432,positive
18433,positive
18434,positive
18435,positive
18436,positive
18437,positive
18438,positive
18439,positive
18440,positive
18441,positive
18442,positive
18443,positive
18444,positive
18445,positive
18446,positive
18447,positive
18448,positive
18449,positive
18450,positive
18451,positive
18452,positive
18453,positive
18454,positive
18455,positive
18456,positive
18457,positive
18458,positive
18459,positive
18460,positive
18461,positive
18462,positive
18463,positive
18464,positive
18465,positive
18466,positive
18467,positive
18468,positive
18469,positive
18470,positive
18471,positive
18472,positive
18473,positive
18474,positive
18475,positive
18476,positive
18477,positive
18478,positive
18479,positive
18480,positive
18481,positive
18482,positive
18483,positive
18484,positive
18485,positive
18486,positive
18487,positive
18488,positive
18489,positive
18490,positive
18491,positive
18492,positive
18493,positive
18494,positive
18495,positive
18496,positive
18497,positive
18498,positive
18499,positive
18500,positive
18501,positive
18502,positive
18503,positive
18504,positive
18505,positive
18506,positive
18507,positive
18508,positive
18509,positive
18510,positive
18511,positive
18512,positive
18513,positive
18514,positive
18515,positive
18516,positive
18517,positive
18518,positive
18519,positive
18520,positive
18521,positive
18522,positive
18523,positive
18524,positive
18525,positive
18526,positive
18527,positive
18528,positive
18529,positive
18530,positive
18531,positive
18532,positive
18533,positive
18534,positive
18535,positive
18536,positive
18537,positive
18538,positive
18539,positive
18540,positive
18541,positive
18542,positive
18543,positive
18544,positive
18545,positive
18546,positive
18547,positive
18548,positive
18549,positive
18550,positive
18551,positive
18552,positive
18553,positive
18554,positive
18555,positive
18556,positive
18557,positive
18558,positive
18559,positive
18560,positive
18561,positive
18562,positive
18563,positive
18564,positive
18565,positive
18566,positive
18567,positive
18568,positive
18569,positive
18570,positive
18571,positive
18572,positive
18573,positive
18574,positive
18575,positive
18576,positive
18577,positive
18578,positive
18579,positive
18580,positive
18581,positive
18582,positive
18583,positive
18584,positive
18585,positive
18586,positive
18587,positive
18588,positive
18589,positive
18590,positive
18591,positive
18592,positive
18593,positive
18594,positive
18595,positive
18596,positive
18597,positive
18598,positive
18599,positive
18600,positive
18601,positive
18602,positive
18603,positive
18604,positive
18605,positive
18606,positive
18607,positive
18608,positive
18609,positive
18610,positive
18611,positive
18612,positive
18613,positive
18614,positive
18615,positive
18616,positive
18617,positive
18618,positive
18619,positive
18620,positive
18621,positive
18622,positive
18623,positive
18624,positive
18625,positive
18626,positive
18627,positive
18628,positive
18629,positive
18630,positive
18631,positive
18632,positive
18633,positive
18634,positive
18635,positive
18636,positive
18637,positive
18638,positive
18639,positive
18640,positive
18641,positive
18642,positive
18643,positive
18644,positive
18645,positive
18646,positive
18647,positive
18648,positive
18649,positive
18650,positive
18651,positive
18652,positive
18653,positive
18654,positive
18655,positive
18656,positive
18657,positive
18658,positive
18659,positive
18660,positive
18661,positive
18662,positive
18663,positive
18664,positive
18665,positive
18666,positive
18667,positive
18668,positive
18669,positive
18670,positive
18671,positive
18672,positive
18673,positive
18674,positive
18675,positive
18676,positive
18677,positive
18678,positive
18679,positive
18680,positive
18681,positive
18682,positive
18683,positive
18684,positive
18685,positive
18686,positive
18687,positive
18688,positive
18689,positive
18690,positive
18691,positive
18692,positive
18693,positive
18694,positive
18695,positive
18696,positive
18697,positive
18698,positive
18699,positive
18700,positive
18701,positive
18702,positive
18703,positive
18704,positive
18705,positive
18706,positive
18707,positive
18708,positive
18709,positive
18710,positive
18711,positive
18712,positive
18713,positive
18714,positive
18715,positive
18716,positive
18717,positive
18718,positive
18719,positive
18720,positive
18721,positive
18722,positive
18723,positive
18724,positive
18725,positive
18726,positive
18727,positive
18728,positive
18729,positive
18730,positive
18731,positive
18732,positive
18733,positive
18734,positive
18735,positive
18736,positive
18737,positive
18738,positive
18739,positive
18740,positive
18741,positive
18742,positive
18743,positive
18744,positive
18745,positive
18746,positive
18747,positive
18748,positive
18749,positive
18750,positive
18751,positive
18752,positive
18753,positive
18754,positive
18755,positive
18756,positive
18757,positive
18758,positive
18759,positive
18760,positive
18761,positive
18762,positive
18763,positive
18764,positive
18765,positive
18766,positive
18767,positive
18768,positive
18769,positive
18770,positive
18771,positive
18772,positive
18773,positive
18774,positive
18775,positive
18776,positive
18777,positive
18778,positive
18779,positive
18780,positive
18781,positive
18782,positive
18783,positive
18784,positive
18785,positive
18786,positive
18787,positive
18788,positive
18789,positive
18790,positive
18791,positive
18792,positive
18793,positive
18794,positive
18795,positive
18796,positive
18797,positive
18798,positive
18799,positive
18800,positive
18801,positive
18802,positive
18803,positive
18804,positive
18805,positive
18806,positive
18807,positive
18808,positive
18809,positive
18810,positive
18811,positive
18812,positive
18813,positive
18814,positive
18815,positive
18816,positive
18817,positive
18818,positive
18819,positive
18820,positive
18821,positive
18822,positive
18823,positive
18824,positive
18825,positive
18826,positive
18827,positive
18828,positive
18829,positive
18830,positive
18831,positive
18832,positive
18833,positive
18834,positive
18835,positive
18836,positive
18837,positive
18838,positive
18839,positive
18840,positive
18841,positive
18842,positive
18843,positive
18844,positive
18845,positive
18846,positive
18847,positive
18848,positive
18849,positive
18850,positive
18851,positive
18852,positive
18853,positive
18854,positive
18855,positive
18856,positive
18857,positive
18858,positive
18859,positive
18860,positive
18861,positive
18862,positive
18863,positive
18864,positive
18865,positive
18866,positive
18867,positive
18868,positive
18869,positive
18870,positive
18871,positive
18872,positive
18873,positive
18874,positive
18875,positive
18876,positive
18877,positive
18878,positive
18879,positive
18880,positive
18881,positive
18882,positive
18883,positive
18884,positive
18885,positive
18886,positive
18887,positive
18888,positive
18889,positive
18890,positive
18891,positive
18892,positive
18893,positive
18894,positive
18895,positive
18896,positive
18897,positive
18898,positive
18899,positive
18900,positive
18901,positive
18902,positive
18903,positive
18904,positive
18905,positive
18906,positive
18907,positive
18908,positive
18909,positive
18910,positive
18911,positive
18912,positive
18913,positive
18914,positive
18915,positive
18916,positive
18917,positive
18918,positive
18919,positive
18920,positive
18921,positive
18922,positive
18923,positive
18924,positive
18925,positive
18926,positive
18927,positive
18928,positive
18929,positive
18930,positive
18931,positive
18932,positive
18933,positive
18934,positive
18935,positive
18936,positive
18937,positive
18938,positive
18939,positive
18940,positive
18941,positive
18942,positive
18943,positive
18944,positive
18945,positive
18946,positive
18947,positive
18948,positive
18949,positive
18950,positive
18951,positive
18952,positive
18953,positive
18954,positive
18955,positive
18956,positive
18957,positive
18958,positive
18959,positive
18960,positive
18961,positive
18962,positive
18963,positive
18964,positive
18965,positive
18966,positive
18967,positive
18968,positive
18969,positive
18970,positive
18971,positive
18972,positive
18973,positive
18974,positive
18975,positive
18976,positive
18977,positive
18978,positive
18979,positive
18980,positive
18981,positive
18982,positive
18983,positive
18984,positive
18985,positive
18986,positive
18987,positive
18988,positive
18989,positive
18990,positive
18991,positive
18992,positive
18993,positive
18994,positive
18995,positive
18996,positive
18997,positive
18998,positive
18999,positive
19000,positive
19001,positive
19002,positive
19003,positive
19004,positive
19005,positive
19006,positive
19007,positive
19008,positive
19009,positive
19010,positive
19011,positive
19012,positive
19013,positive
19014,positive
19015,positive
19016,positive
19017,positive
19018,positive
19019,positive
19020,positive
19021,positive
19022,positive
19023,positive
19024,positive
19025,positive
19026,positive
19027,positive
19028,positive
19029,positive
19030,positive
19031,positive
19032,positive
19033,positive
19034,positive
19035,positive
19036,positive
19037,positive
19038,positive
19039,positive
19040,positive
19041,positive
19042,positive
19043,positive
19044,positive
19045,positive
19046,positive
19047,positive
19048,positive
19049,positive
19050,positive
19051,positive
19052,positive
19053,positive
19054,positive
19055,positive
19056,positive
19057,positive
19058,positive
19059,positive
19060,positive
19061,positive
19062,positive
19063,positive
19064,positive
19065,positive
19066,positive
19067,positive
19068,positive
19069,positive
19070,positive
19071,positive
19072,positive
19073,positive
19074,positive
19075,positive
19076,positive
19077,positive
19078,positive
19079,positive
19080,positive
19081,positive
19082,positive
19083,positive
19084,positive
19085,positive
19086,positive
19087,positive
19088,positive
19089,positive
19090,positive
19091,positive
19092,positive
19093,positive
19094,positive
19095,positive
19096,positive
19097,positive
19098,positive
19099,positive
19100,positive
19101,positive
19102,positive
19103,positive
19104,positive
19105,positive
19106,positive
19107,positive
19108,positive
19109,positive
19110,positive
19111,positive
19112,positive
19113,positive
19114,positive
19115,positive
19116,positive
19117,positive
19118,positive
19119,positive
19120,positive
19121,positive
19122,positive
19123,positive
19124,positive
19125,positive
19126,positive
19127,positive
19128,positive
19129,positive
19130,positive
19131,positive
19132,positive
19133,positive
19134,positive
19135,positive
19136,positive
19137,positive
19138,positive
19139,positive
19140,positive
19141,positive
19142,positive
19143,positive
19144,positive
19145,positive
19146,positive
19147,positive
19148,positive
19149,positive
19150,positive
19151,positive
19152,positive
19153,positive
19154,positive
19155,positive
19156,positive
19157,positive
19158,positive
19159,positive
19160,positive
19161,positive
19162,positive
19163,positive
19164,positive
19165,positive
19166,positive
19167,positive
19168,positive
19169,positive
19170,positive
19171,positive
19172,positive
19173,positive
19174,positive
19175,positive
19176,positive
19177,positive
19178,positive
19179,positive
19180,positive
19181,positive
19182,positive
19183,positive
19184,positive
19185,positive
19186,positive
19187,positive
19188,positive
19189,positive
19190,positive
19191,positive
19192,positive
19193,positive
19194,positive
19195,positive
19196,positive
19197,positive
19198,positive
19199,positive
19200,positive
19201,positive
19202,positive
19203,positive
19204,positive
19205,positive
19206,positive
19207,positive
19208,positive
19209,positive
19210,positive
19211,positive
19212,positive
19213,positive
19214,positive
19215,positive
19216,positive
19217,positive
19218,positive
19219,positive
19220,positive
19221,positive
19222,positive
19223,positive
19224,positive
19225,positive
19226,positive
19227,positive
19228,positive
19229,positive
19230,positive
19231,positive
19232,positive
19233,positive
19234,positive
19235,positive
19236,positive
19237,positive
19238,positive
19239,positive
19240,positive
19241,positive
19242,positive
19243,positive
19244,positive
19245,positive
19246,positive
19247,positive
19248,positive
19249,positive
19250,positive
19251,positive
19252,positive
19253,positive
19254,positive
19255,positive
19256,positive
19257,positive
19258,positive
19259,positive
19260,positive
19261,positive
19262,positive
19263,positive
19264,positive
19265,positive
19266,positive
19267,positive
19268,positive
19269,positive
19270,positive
19271,positive
19272,positive
19273,positive
19274,positive
19275,positive
19276,positive
19277,positive
19278,positive
19279,positive
19280,positive
19281,positive
19282,positive
19283,positive
19284,positive
19285,positive
19286,positive
19287,positive
19288,positive
19289,positive
19290,positive
19291,positive
19292,positive
19293,positive
19294,positive
19295,positive
19296,positive
19297,positive
19298,positive
19299,positive
19300,positive
19301,positive
19302,positive
19303,positive
19304,positive
19305,positive
19306,positive
19307,positive
19308,positive
19309,positive
19310,positive
19311,positive
19312,positive
19313,positive
19314,positive
19315,positive
19316,positive
19317,positive
19318,positive
19319,positive
19320,positive
19321,positive
19322,positive
19323,positive
19324,positive
19325,positive
19326,positive
19327,positive
19328,positive
19329,positive
19330,positive
19331,positive
19332,positive
19333,positive
19334,positive
19335,positive
19336,positive
19337,positive
19338,positive
19339,positive
19340,positive
19341,positive
19342,positive
19343,positive
19344,positive
19345,positive
19346,positive
19347,positive
19348,positive
19349,positive
19350,positive
19351,positive
19352,positive
19353,positive
19354,positive
19355,positive
19356,positive
19357,positive
19358,positive
19359,positive
19360,positive
19361,positive
19362,positive
19363,positive
19364,positive
19365,positive
19366,positive
19367,positive
19368,positive
19369,positive
19370,positive
19371,positive
19372,positive
19373,positive
19374,positive
19375,positive
19376,positive
19377,positive
19378,positive
19379,positive
19380,positive
19381,positive
19382,positive
19383,positive
19384,positive
19385,positive
19386,positive
19387,positive
19388,positive
19389,positive
19390,positive
19391,positive
19392,positive
19393,positive
19394,positive
19395,positive
19396,positive
19397,positive
19398,positive
19399,positive
19400,positive
19401,positive
19402,positive
19403,positive
19404,positive
19405,positive
19406,positive
19407,positive
19408,positive
19409,positive
19410,positive
19411,positive
19412,positive
19413,positive
19414,positive
19415,positive
19416,positive
19417,positive
19418,positive
19419,positive
19420,positive
19421,positive
19422,positive
19423,positive
19424,positive
19425,positive
19426,positive
19427,positive
19428,positive
19429,positive
19430,positive
19431,positive
19432,positive
19433,positive
19434,positive
19435,positive
19436,positive
19437,positive
19438,positive
19439,positive
19440,positive
19441,positive
19442,positive
19443,positive
19444,positive
19445,positive
19446,positive
19447,positive
19448,positive
19449,positive
19450,positive
19451,positive
19452,positive
19453,positive
19454,positive
19455,positive
19456,positive
19457,positive
19458,positive
19459,positive
19460,positive
19461,positive
19462,positive
19463,positive
19464,positive
19465,positive
19466,positive
19467,positive
19468,positive
19469,positive
19470,positive
19471,positive
19472,positive
19473,positive
19474,positive
19475,positive
19476,positive
19477,positive
19478,positive
19479,positive
19480,positive
19481,positive
19482,positive
19483,positive
19484,positive
19485,positive
19486,positive
19487,positive
19488,positive
19489,positive
19490,positive
19491,positive
19492,positive
19493,positive
19494,positive
19495,positive
19496,positive
19497,positive
19498,positive
19499,positive
19500,positive
19501,positive
19502,positive
19503,positive
19504,positive
19505,positive
19506,positive
19507,positive
19508,positive
19509,positive
19510,positive
19511,positive
19512,positive
19513,positive
19514,positive
19515,positive
19516,positive
19517,positive
19518,positive
19519,positive
19520,positive
19521,positive
19522,positive
19523,positive
19524,positive
19525,positive
19526,positive
19527,positive
19528,positive
19529,positive
19530,positive
19531,positive
19532,positive
19533,positive
19534,positive
19535,positive
19536,positive
19537,positive
19538,positive
19539,positive
19540,positive
19541,positive
19542,positive
19543,positive
19544,positive
19545,positive
19546,positive
19547,positive
19548,positive
19549,positive
19550,positive
19551,positive
19552,positive
19553,positive
19554,positive
19555,positive
19556,positive
19557,positive
19558,positive
19559,positive
19560,positive
19561,positive
19562,positive
19563,positive
19564,positive
19565,positive
19566,positive
19567,positive
19568,positive
19569,positive
19570,positive
19571,positive
19572,positive
19573,positive
19574,positive
19575,positive
19576,positive
19577,positive
19578,positive
19579,positive
19580,positive
19581,positive
19582,positive
19583,positive
19584,positive
19585,positive
19586,positive
19587,positive
19588,positive
19589,positive
19590,positive
19591,positive
19592,positive
19593,positive
19594,positive
19595,positive
19596,positive
19597,positive
19598,positive
19599,positive
19600,positive
19601,positive
19602,positive
19603,positive
19604,positive
19605,positive
19606,positive
19607,positive
19608,positive
19609,positive
19610,positive
19611,positive
19612,positive
19613,positive
19614,positive
19615,positive
19616,positive
19617,positive
19618,positive
19619,positive
19620,positive
19621,positive
19622,positive
19623,positive
19624,positive
19625,positive
19626,positive
19627,positive
19628,positive
19629,positive
19630,positive
19631,positive
19632,positive
19633,positive
19634,positive
19635,positive
19636,positive
19637,positive
19638,positive
19639,positive
19640,positive
19641,positive
19642,positive
19643,positive
19644,positive
19645,positive
19646,positive
19647,positive
19648,positive
19649,positive
19650,positive
19651,positive
19652,positive
19653,positive
19654,positive
19655,positive
19656,positive
19657,positive
19658,positive
19659,positive
19660,positive
19661,positive
19662,positive
19663,positive
19664,positive
19665,positive
19666,positive
19667,positive
19668,positive
19669,positive
19670,positive
19671,positive
19672,positive
19673,positive
19674,positive
19675,positive
19676,positive
19677,positive
19678,positive
19679,positive
19680,positive
19681,positive
19682,positive
19683,positive
19684,positive
19685,positive
19686,positive
19687,positive
19688,positive
19689,positive
19690,positive
19691,positive
19692,positive
19693,positive
19694,positive
19695,positive
19696,positive
19697,positive
19698,positive
19699,positive
19700,positive
19701,positive
19702,positive
19703,positive
19704,positive
19705,positive
19706,positive
19707,positive
19708,positive
19709,positive
19710,positive
19711,positive
19712,positive
19713,positive
19714,positive
19715,positive
19716,positive
19717,positive
19718,positive
19719,positive
19720,positive
19721,positive
19722,positive
19723,positive
19724,positive
19725,positive
19726,positive
19727,positive
19728,positive
19729,positive
19730,positive
19731,positive
19732,positive
19733,positive
19734,positive
19735,positive
19736,positive
19737,positive
19738,positive
19739,positive
19740,positive
19741,positive
19742,positive
19743,positive
19744,positive
19745,positive
19746,positive
19747,positive
19748,positive
19749,positive
19750,positive
19751,positive
19752,positive
19753,positive
19754,positive
19755,positive
19756,positive
19757,positive
19758,positive
19759,positive
19760,positive
19761,positive
19762,positive
19763,positive
19764,positive
19765,positive
19766,positive
19767,positive
19768,positive
19769,positive
19770,positive
19771,positive
19772,positive
19773,positive
19774,positive
19775,positive
19776,positive
19777,positive
19778,positive
19779,positive
19780,positive
19781,positive
19782,positive
19783,positive
19784,positive
19785,positive
19786,positive
19787,positive
19788,positive
19789,positive
19790,positive
19791,positive
19792,positive
19793,positive
19794,positive
19795,positive
19796,positive
19797,positive
19798,positive
19799,positive
19800,positive
19801,positive
19802,positive
19803,positive
19804,positive
19805,positive
19806,positive
19807,positive
19808,positive
19809,positive
19810,positive
19811,positive
19812,positive
19813,positive
19814,positive
19815,positive
19816,positive
19817,positive
19818,positive
19819,positive
19820,positive
19821,positive
19822,positive
19823,positive
19824,positive
19825,positive
19826,positive
19827,positive
19828,positive
19829,positive
19830,positive
19831,positive
19832,positive
19833,positive
19834,positive
19835,positive
19836,positive
19837,positive
19838,positive
19839,positive
19840,positive
19841,positive
19842,positive
19843,positive
19844,positive
19845,positive
19846,positive
19847,positive
19848,positive
19849,positive
19850,positive
19851,positive
19852,positive
19853,positive
19854,positive
19855,positive
19856,positive
19857,positive
19858,positive
19859,positive
19860,positive
19861,positive
19862,positive
19863,positive
19864,positive
19865,positive
19866,positive
19867,positive
19868,positive
19869,positive
19870,positive
19871,positive
19872,positive
19873,positive
19874,positive
19875,positive
19876,positive
19877,positive
19878,positive
19879,positive
19880,positive
19881,positive
19882,positive
19883,positive
19884,positive
19885,positive
19886,positive
19887,positive
19888,positive
19889,positive
19890,positive
19891,positive
19892,positive
19893,positive
19894,positive
19895,positive
19896,positive
19897,positive
19898,positive
19899,positive
19900,positive
19901,positive
19902,positive
19903,positive
19904,positive
19905,positive
19906,positive
19907,positive
19908,positive
19909,positive
19910,positive
19911,positive
19912,positive
19913,positive
19914,positive
19915,positive
19916,positive
19917,positive
19918,positive
19919,positive
19920,positive
19921,positive
19922,positive
19923,positive
19924,positive
19925,positive
19926,positive
19927,positive
19928,positive
19929,positive
19930,positive
19931,positive
19932,positive
19933,positive
19934,positive
19935,positive
19936,positive
19937,positive
19938,positive
19939,positive
19940,positive
19941,positive
19942,positive
19943,positive
19944,positive
19945,positive
19946,positive
19947,positive
19948,positive
19949,positive
19950,positive
19951,positive
19952,positive
19953,positive
19954,positive
19955,positive
19956,positive
19957,positive
19958,positive
19959,positive
19960,positive
19961,positive
19962,positive
19963,positive
19964,positive
19965,positive
19966,positive
19967,positive
19968,positive
19969,positive
19970,positive
19971,positive
19972,positive
19973,positive
19974,positive
19975,positive
19976,positive
19977,positive
19978,positive
19979,positive
19980,positive
19981,positive
19982,positive
19983,positive
19984,positive
19985,positive
19986,positive
19987,positive
19988,positive
19989,positive
19990,positive
19991,positive
19992,positive
19993,positive
19994,positive
19995,positive
19996,positive
19997,positive
19998,positive
19999,positive
